{
  "type": "FeatureCollection",
  "generator": "overpass-turbo",
  "copyright": "The data included in this document is from www.openstreetmap.org. The data is made available under ODbL.",
  "timestamp": "2026-06-10T05:49:00Z",
  "features": [
    {
      "type": "Feature",
      "properties": {
        "@id": "relation/63490",
        "check_date": "2026-05-20",
        "from": "Krzyki",
        "interval:conditional": "12 @ (Mo-Fr 06:00-09:00,14:00-18:00); 15 @ (Mo-Fr 05:00-06:00,09:00-14:00,18:00-20:00); 20 @ (Mo-Fr 20:00-23:00,Sa-Su 05:00-23:00)",
        "name": "14: Krzyki → Osobowice",
        "network": "Wrocław",
        "opening_hours": "Mo-Su 05:00-23:00",
        "operator": "WTr UM Wrocław",
        "public_transport:version": "2",
        "ref": "14",
        "route": "tram",
        "source:interval": "https://mpk.wroc.pl/komunikat/701/2024-09-30-01092024r-zmiana-rozkladu-jazdy",
        "to": "Osobowice",
        "type": "route",
        "url": "https://www.wroclaw.pl/komunikacja/przystanek-krzyki-linia-14-kierunek-osobowice-slupek-11216",
        "wheelchair": "limited"
      },
      "geometry": {
        "type": "LineString",
        "coordinates": [
          [
            17.0072015,
            51.0749068
          ],
          [
            17.0072029,
            51.0749752
          ],
          [
            17.0072032,
            51.0750127
          ],
          [
            17.0072079,
            51.0751889
          ],
          [
            17.0072171,
            51.0753575
          ],
          [
            17.0072259,
            51.0755471
          ],
          [
            17.0072361,
            51.0757777
          ],
          [
            17.0072399,
            51.0759058
          ],
          [
            17.0072416,
            51.0760667
          ],
          [
            17.0072456,
            51.0761692
          ],
          [
            17.0072484,
            51.0763285
          ],
          [
            17.007249,
            51.076526
          ],
          [
            17.0072514,
            51.0766265
          ],
          [
            17.0072572,
            51.0768095
          ],
          [
            17.0072657,
            51.0769087
          ],
          [
            17.0072693,
            51.0769708
          ],
          [
            17.0072732,
            51.0770443
          ],
          [
            17.0072844,
            51.0771534
          ],
          [
            17.0072949,
            51.077258
          ],
          [
            17.0073044,
            51.0773609
          ],
          [
            17.0073221,
            51.0775266
          ],
          [
            17.007337,
            51.0776517
          ],
          [
            17.0073457,
            51.0777422
          ],
          [
            17.0073502,
            51.0777918
          ],
          [
            17.0073852,
            51.0781368
          ],
          [
            17.0074018,
            51.0782904
          ],
          [
            17.0074157,
            51.0784201
          ],
          [
            17.0074384,
            51.0785589
          ],
          [
            17.0074594,
            51.0786708
          ],
          [
            17.0074786,
            51.0787457
          ],
          [
            17.0075157,
            51.0789342
          ],
          [
            17.0075364,
            51.0790364
          ],
          [
            17.0075581,
            51.079136
          ],
          [
            17.0075901,
            51.0792859
          ],
          [
            17.0076105,
            51.0793738
          ],
          [
            17.0076212,
            51.0794209
          ],
          [
            17.0076344,
            51.0794665
          ],
          [
            17.00765,
            51.0794991
          ],
          [
            17.0076705,
            51.0795308
          ],
          [
            17.0076946,
            51.0795608
          ],
          [
            17.0077198,
            51.0795863
          ],
          [
            17.0077456,
            51.0796105
          ],
          [
            17.0077737,
            51.0796327
          ],
          [
            17.0078609,
            51.0796966
          ],
          [
            17.0079124,
            51.0797363
          ],
          [
            17.0079739,
            51.0797946
          ],
          [
            17.0079992,
            51.0798262
          ],
          [
            17.0080168,
            51.0798509
          ],
          [
            17.008033,
            51.0798803
          ],
          [
            17.0080387,
            51.0798926
          ],
          [
            17.0080488,
            51.0799142
          ],
          [
            17.008065,
            51.079959
          ],
          [
            17.0080958,
            51.0800336
          ],
          [
            17.0081595,
            51.0801912
          ],
          [
            17.0082206,
            51.0803411
          ],
          [
            17.0082615,
            51.0804336
          ],
          [
            17.0083051,
            51.0805222
          ],
          [
            17.0083592,
            51.0806197
          ],
          [
            17.0084201,
            51.080718
          ],
          [
            17.008694,
            51.081165
          ],
          [
            17.0091853,
            51.0819537
          ],
          [
            17.0092761,
            51.0821024
          ],
          [
            17.009349,
            51.0822214
          ],
          [
            17.0097162,
            51.0828144
          ],
          [
            17.0103332,
            51.0838166
          ],
          [
            17.0108467,
            51.0846416
          ],
          [
            17.0109385,
            51.084792
          ],
          [
            17.011409,
            51.0855495
          ],
          [
            17.0115385,
            51.0857554
          ],
          [
            17.0116578,
            51.0859344
          ],
          [
            17.0117366,
            51.0860458
          ],
          [
            17.0117928,
            51.0861121
          ],
          [
            17.0118283,
            51.0861692
          ],
          [
            17.0118505,
            51.0862188
          ],
          [
            17.0118548,
            51.0862392
          ],
          [
            17.0118597,
            51.086275
          ],
          [
            17.0118581,
            51.0863125
          ],
          [
            17.01185,
            51.0863438
          ],
          [
            17.0118368,
            51.0863756
          ],
          [
            17.0118112,
            51.0864132
          ],
          [
            17.0117891,
            51.086434
          ],
          [
            17.0117734,
            51.0864506
          ],
          [
            17.011715,
            51.0864905
          ],
          [
            17.0116871,
            51.0865102
          ],
          [
            17.0116425,
            51.0865301
          ],
          [
            17.0115583,
            51.0865592
          ],
          [
            17.0108712,
            51.0867609
          ],
          [
            17.0066579,
            51.0879686
          ],
          [
            17.004137,
            51.0886924
          ],
          [
            17.0027604,
            51.0890805
          ],
          [
            17.002136,
            51.089264
          ],
          [
            17.0017517,
            51.0893706
          ],
          [
            17.001509,
            51.0894286
          ],
          [
            17.0011847,
            51.0894927
          ],
          [
            17.0007831,
            51.0895548
          ],
          [
            17.0002813,
            51.0896281
          ],
          [
            17.000211,
            51.0896377
          ],
          [
            17.0000716,
            51.0896567
          ],
          [
            16.9999181,
            51.089676
          ],
          [
            16.9996628,
            51.0896983
          ],
          [
            16.999233,
            51.0897319
          ],
          [
            16.9979724,
            51.0898288
          ],
          [
            16.9973884,
            51.0898739
          ],
          [
            16.9968826,
            51.0899155
          ],
          [
            16.9962939,
            51.0899749
          ],
          [
            16.9959766,
            51.0900098
          ],
          [
            16.9957271,
            51.0900345
          ],
          [
            16.994879,
            51.0901192
          ],
          [
            16.9945629,
            51.0901479
          ],
          [
            16.994316,
            51.0901766
          ],
          [
            16.9941514,
            51.0902013
          ],
          [
            16.9939476,
            51.09023
          ],
          [
            16.9933205,
            51.0903391
          ],
          [
            16.99209,
            51.0905467
          ],
          [
            16.9898977,
            51.0909188
          ],
          [
            16.9895357,
            51.0909755
          ],
          [
            16.9889389,
            51.0910801
          ],
          [
            16.9888136,
            51.0910995
          ],
          [
            16.9887379,
            51.0911118
          ],
          [
            16.9875293,
            51.0913191
          ],
          [
            16.9866878,
            51.0914607
          ],
          [
            16.9863461,
            51.0915199
          ],
          [
            16.9862491,
            51.0915361
          ],
          [
            16.9860874,
            51.0915634
          ],
          [
            16.9859276,
            51.0915941
          ],
          [
            16.9857383,
            51.0916324
          ],
          [
            16.9853949,
            51.0916994
          ],
          [
            16.9852108,
            51.0917386
          ],
          [
            16.9835247,
            51.0920859
          ],
          [
            16.983386,
            51.0921125
          ],
          [
            16.9833201,
            51.0921266
          ],
          [
            16.9832543,
            51.0921406
          ],
          [
            16.9831257,
            51.0921691
          ],
          [
            16.9830263,
            51.0921943
          ],
          [
            16.982896,
            51.0922306
          ],
          [
            16.9827757,
            51.0922696
          ],
          [
            16.9826658,
            51.0923079
          ],
          [
            16.9825286,
            51.0923608
          ],
          [
            16.9824102,
            51.0924138
          ],
          [
            16.982301,
            51.0924675
          ],
          [
            16.9822012,
            51.0925195
          ],
          [
            16.982085,
            51.0925857
          ],
          [
            16.981966,
            51.092659
          ],
          [
            16.9818556,
            51.0927407
          ],
          [
            16.9817855,
            51.0928009
          ],
          [
            16.9817172,
            51.0928683
          ],
          [
            16.981303,
            51.0932665
          ],
          [
            16.9809691,
            51.0935846
          ],
          [
            16.9805668,
            51.0939677
          ],
          [
            16.9802939,
            51.094228
          ],
          [
            16.9802799,
            51.0942425
          ],
          [
            16.9802389,
            51.0942928
          ],
          [
            16.9802249,
            51.0943151
          ],
          [
            16.9802099,
            51.0943393
          ],
          [
            16.9801982,
            51.0943722
          ],
          [
            16.9801967,
            51.094408
          ],
          [
            16.980206,
            51.0944546
          ],
          [
            16.9802219,
            51.0944892
          ],
          [
            16.9802426,
            51.0945141
          ],
          [
            16.9802746,
            51.0945489
          ],
          [
            16.9803163,
            51.0945801
          ],
          [
            16.9803786,
            51.0946124
          ],
          [
            16.9804305,
            51.0946312
          ],
          [
            16.9804704,
            51.0946419
          ],
          [
            16.9805162,
            51.0946522
          ],
          [
            16.9806066,
            51.0946694
          ],
          [
            16.9810524,
            51.094753
          ],
          [
            16.9812938,
            51.0947976
          ],
          [
            16.9815377,
            51.094843
          ],
          [
            16.9817702,
            51.0948879
          ],
          [
            16.9819023,
            51.0949164
          ],
          [
            16.9821902,
            51.0949912
          ],
          [
            16.9824008,
            51.0950477
          ],
          [
            16.9825763,
            51.0950923
          ],
          [
            16.9828211,
            51.0951568
          ],
          [
            16.9833693,
            51.0953009
          ],
          [
            16.9840491,
            51.0954796
          ],
          [
            16.9845511,
            51.0956103
          ],
          [
            16.9848796,
            51.0957022
          ],
          [
            16.9852762,
            51.0958176
          ],
          [
            16.985764,
            51.0959626
          ],
          [
            16.9861205,
            51.0960643
          ],
          [
            16.9865681,
            51.096187
          ],
          [
            16.9867597,
            51.0962403
          ],
          [
            16.9872093,
            51.0963634
          ],
          [
            16.9877446,
            51.096511
          ],
          [
            16.9878806,
            51.0965487
          ],
          [
            16.9888711,
            51.0968202
          ],
          [
            16.9894597,
            51.0969822
          ],
          [
            16.9898885,
            51.0970992
          ],
          [
            16.990043,
            51.097138
          ],
          [
            16.990238,
            51.0971823
          ],
          [
            16.9904232,
            51.0972189
          ],
          [
            16.9907457,
            51.0972796
          ],
          [
            16.9916337,
            51.0974459
          ],
          [
            16.9917751,
            51.0974725
          ],
          [
            16.992051,
            51.0975308
          ],
          [
            16.9922243,
            51.0975702
          ],
          [
            16.9931056,
            51.0977699
          ],
          [
            16.9932882,
            51.0978116
          ],
          [
            16.9935232,
            51.0978652
          ],
          [
            16.9938215,
            51.097933
          ],
          [
            16.9943023,
            51.0980334
          ],
          [
            16.9943959,
            51.0980529
          ],
          [
            16.9944735,
            51.0980692
          ],
          [
            16.9944993,
            51.0980745
          ],
          [
            16.9947842,
            51.0981344
          ],
          [
            16.9948803,
            51.0981545
          ],
          [
            16.9949025,
            51.0981592
          ],
          [
            16.9953327,
            51.0982573
          ],
          [
            16.9956757,
            51.0983228
          ],
          [
            16.9958883,
            51.098366
          ],
          [
            16.9960238,
            51.0983964
          ],
          [
            16.996534,
            51.0985123
          ],
          [
            16.9969145,
            51.098599
          ],
          [
            16.9971026,
            51.0986439
          ],
          [
            16.9973415,
            51.0987025
          ],
          [
            16.9977477,
            51.0987942
          ],
          [
            16.9984186,
            51.0989469
          ],
          [
            16.9990252,
            51.0990848
          ],
          [
            16.9994639,
            51.0991837
          ],
          [
            16.9997758,
            51.0992471
          ],
          [
            16.9999515,
            51.0992838
          ],
          [
            17.000222,
            51.0993507
          ],
          [
            17.0004175,
            51.0993995
          ],
          [
            17.0008773,
            51.0995156
          ],
          [
            17.0011291,
            51.0995763
          ],
          [
            17.0013715,
            51.0996318
          ],
          [
            17.0018662,
            51.0997438
          ],
          [
            17.0023598,
            51.0998559
          ],
          [
            17.0026205,
            51.0999256
          ],
          [
            17.0029076,
            51.0999947
          ],
          [
            17.003692,
            51.1001695
          ],
          [
            17.003884,
            51.100213
          ],
          [
            17.0041066,
            51.1002641
          ],
          [
            17.0047305,
            51.1004033
          ],
          [
            17.0050573,
            51.1004769
          ],
          [
            17.0057109,
            51.1006237
          ],
          [
            17.0059856,
            51.1006859
          ],
          [
            17.0063408,
            51.1007649
          ],
          [
            17.0065164,
            51.1008042
          ],
          [
            17.006881,
            51.1008907
          ],
          [
            17.0071054,
            51.1009432
          ],
          [
            17.0077727,
            51.1010931
          ],
          [
            17.0079536,
            51.1011336
          ],
          [
            17.0083232,
            51.1012182
          ],
          [
            17.0085152,
            51.1012578
          ],
          [
            17.0088091,
            51.1013128
          ],
          [
            17.0090171,
            51.1013535
          ],
          [
            17.0093686,
            51.1014209
          ],
          [
            17.0096576,
            51.1014843
          ],
          [
            17.0100464,
            51.1015679
          ],
          [
            17.0102739,
            51.101623
          ],
          [
            17.0103889,
            51.1016513
          ],
          [
            17.0105496,
            51.1016952
          ],
          [
            17.0107135,
            51.1017389
          ],
          [
            17.0108305,
            51.1017683
          ],
          [
            17.0109077,
            51.1017861
          ],
          [
            17.0111645,
            51.1018441
          ],
          [
            17.0116483,
            51.1019523
          ],
          [
            17.0123552,
            51.10211
          ],
          [
            17.0126905,
            51.102185
          ],
          [
            17.0128872,
            51.1022259
          ],
          [
            17.0130134,
            51.1022478
          ],
          [
            17.0133403,
            51.1022964
          ],
          [
            17.0134621,
            51.1023165
          ],
          [
            17.0135727,
            51.1023391
          ],
          [
            17.0136989,
            51.102368
          ],
          [
            17.0142255,
            51.1024979
          ],
          [
            17.0144635,
            51.1025577
          ],
          [
            17.0148204,
            51.1026487
          ],
          [
            17.015143,
            51.1027308
          ],
          [
            17.015777,
            51.1028929
          ],
          [
            17.0165064,
            51.1030788
          ],
          [
            17.0166972,
            51.1031269
          ],
          [
            17.0167724,
            51.1031457
          ],
          [
            17.0169195,
            51.1031797
          ],
          [
            17.0175883,
            51.1033308
          ],
          [
            17.0180948,
            51.1034455
          ],
          [
            17.0184392,
            51.1035286
          ],
          [
            17.0187161,
            51.1035991
          ],
          [
            17.0190241,
            51.1036779
          ],
          [
            17.0197514,
            51.1038647
          ],
          [
            17.0203774,
            51.1040255
          ],
          [
            17.0206977,
            51.1041078
          ],
          [
            17.0210131,
            51.1041892
          ],
          [
            17.0211781,
            51.1042328
          ],
          [
            17.0213387,
            51.1042827
          ],
          [
            17.0214775,
            51.104331
          ],
          [
            17.021636,
            51.1043874
          ],
          [
            17.0216857,
            51.104404
          ],
          [
            17.021751,
            51.1044278
          ],
          [
            17.0218201,
            51.1044599
          ],
          [
            17.0218542,
            51.104478
          ],
          [
            17.0218706,
            51.1044895
          ],
          [
            17.021885,
            51.1045025
          ],
          [
            17.0219041,
            51.1045189
          ],
          [
            17.0219314,
            51.1045491
          ],
          [
            17.0219457,
            51.1045714
          ],
          [
            17.0219581,
            51.1045976
          ],
          [
            17.0219669,
            51.1046265
          ],
          [
            17.0219707,
            51.1046533
          ],
          [
            17.0219686,
            51.1046741
          ],
          [
            17.0219639,
            51.1047012
          ],
          [
            17.0219531,
            51.1047284
          ],
          [
            17.021933,
            51.1047672
          ],
          [
            17.0218916,
            51.1048223
          ],
          [
            17.0218649,
            51.104853
          ],
          [
            17.0218172,
            51.1049077
          ],
          [
            17.0217368,
            51.1050088
          ],
          [
            17.0216964,
            51.1050723
          ],
          [
            17.0216393,
            51.1051805
          ],
          [
            17.0216064,
            51.1052753
          ],
          [
            17.0215835,
            51.1053566
          ],
          [
            17.0215702,
            51.1054605
          ],
          [
            17.021564,
            51.1056952
          ],
          [
            17.0215536,
            51.1065302
          ],
          [
            17.0215488,
            51.1068359
          ],
          [
            17.0215436,
            51.1074288
          ],
          [
            17.0215406,
            51.1075818
          ],
          [
            17.0215399,
            51.1076447
          ],
          [
            17.0215393,
            51.1076976
          ],
          [
            17.0215399,
            51.1077374
          ],
          [
            17.0215404,
            51.1077597
          ],
          [
            17.0215421,
            51.1077808
          ],
          [
            17.0215443,
            51.1077945
          ],
          [
            17.0215475,
            51.1078105
          ],
          [
            17.0215563,
            51.107838
          ],
          [
            17.0215673,
            51.1078697
          ],
          [
            17.021581,
            51.1079068
          ],
          [
            17.0216395,
            51.1080464
          ],
          [
            17.0216423,
            51.1080533
          ],
          [
            17.021732,
            51.1082648
          ],
          [
            17.0217647,
            51.1083522
          ],
          [
            17.0217903,
            51.1084277
          ],
          [
            17.0218039,
            51.1084856
          ],
          [
            17.021864,
            51.1087539
          ],
          [
            17.0219054,
            51.1089525
          ],
          [
            17.0219506,
            51.1091639
          ],
          [
            17.0219716,
            51.1092671
          ],
          [
            17.021978,
            51.1092985
          ],
          [
            17.0219931,
            51.1093798
          ],
          [
            17.022,
            51.1094401
          ],
          [
            17.0219942,
            51.1095248
          ],
          [
            17.0219822,
            51.109589
          ],
          [
            17.0219602,
            51.1097029
          ],
          [
            17.0219404,
            51.1098391
          ],
          [
            17.0219381,
            51.1098551
          ],
          [
            17.0219168,
            51.1100053
          ],
          [
            17.0218922,
            51.1101675
          ],
          [
            17.0218745,
            51.1102476
          ],
          [
            17.0218618,
            51.1103089
          ],
          [
            17.0218434,
            51.1103751
          ],
          [
            17.0217572,
            51.1106299
          ],
          [
            17.0217104,
            51.1107661
          ],
          [
            17.0216831,
            51.1108632
          ],
          [
            17.0216691,
            51.1109336
          ],
          [
            17.0216606,
            51.1110189
          ],
          [
            17.0216632,
            51.1111099
          ],
          [
            17.0216744,
            51.1112219
          ],
          [
            17.0216844,
            51.1113126
          ],
          [
            17.0216939,
            51.1114037
          ],
          [
            17.0217034,
            51.1114666
          ],
          [
            17.0217145,
            51.1115173
          ],
          [
            17.0217313,
            51.1115645
          ],
          [
            17.0217444,
            51.1115939
          ],
          [
            17.0217542,
            51.1116154
          ],
          [
            17.0217724,
            51.111645
          ],
          [
            17.0218029,
            51.1116909
          ],
          [
            17.0218338,
            51.1117277
          ],
          [
            17.0218734,
            51.1117662
          ],
          [
            17.021912,
            51.1118019
          ],
          [
            17.021954,
            51.1118348
          ],
          [
            17.0220308,
            51.111894
          ],
          [
            17.0220817,
            51.1119316
          ],
          [
            17.0221331,
            51.1119695
          ],
          [
            17.0221867,
            51.112009
          ],
          [
            17.0222441,
            51.1120517
          ],
          [
            17.0225547,
            51.1122817
          ],
          [
            17.0226261,
            51.1123349
          ],
          [
            17.02274,
            51.1124179
          ],
          [
            17.0228567,
            51.1125037
          ],
          [
            17.0229578,
            51.1125799
          ],
          [
            17.0230212,
            51.1126319
          ],
          [
            17.0230781,
            51.112683
          ],
          [
            17.0231247,
            51.1127313
          ],
          [
            17.0232985,
            51.1129261
          ],
          [
            17.0234579,
            51.1131054
          ],
          [
            17.0236246,
            51.1132939
          ],
          [
            17.0238264,
            51.1135239
          ],
          [
            17.0239127,
            51.1136219
          ],
          [
            17.0239479,
            51.1136671
          ],
          [
            17.0239632,
            51.1136949
          ],
          [
            17.0239909,
            51.113742
          ],
          [
            17.0240091,
            51.1137791
          ],
          [
            17.0240343,
            51.113858
          ],
          [
            17.0240542,
            51.1139334
          ],
          [
            17.0242444,
            51.1147061
          ],
          [
            17.0242529,
            51.1147408
          ],
          [
            17.0242588,
            51.1147718
          ],
          [
            17.0242637,
            51.1147868
          ],
          [
            17.0242774,
            51.1148265
          ],
          [
            17.0242931,
            51.1148717
          ],
          [
            17.0243192,
            51.1149295
          ],
          [
            17.024425,
            51.1151272
          ],
          [
            17.0245115,
            51.1152815
          ],
          [
            17.0245907,
            51.1154364
          ],
          [
            17.0246535,
            51.1155546
          ],
          [
            17.0246967,
            51.1156364
          ],
          [
            17.0247689,
            51.1157775
          ],
          [
            17.02478,
            51.1158017
          ],
          [
            17.0248103,
            51.1158679
          ],
          [
            17.0248333,
            51.1159314
          ],
          [
            17.0248459,
            51.1159907
          ],
          [
            17.024853,
            51.1160354
          ],
          [
            17.0248535,
            51.1160798
          ],
          [
            17.0248523,
            51.116126
          ],
          [
            17.0248442,
            51.1161776
          ],
          [
            17.0248347,
            51.1162133
          ],
          [
            17.0247948,
            51.1163206
          ],
          [
            17.0247488,
            51.1164493
          ],
          [
            17.0247105,
            51.1165639
          ],
          [
            17.0246921,
            51.1166178
          ],
          [
            17.0246816,
            51.1166498
          ],
          [
            17.0246686,
            51.1167191
          ],
          [
            17.0246659,
            51.1167457
          ],
          [
            17.0246666,
            51.1167727
          ],
          [
            17.024672,
            51.1167995
          ],
          [
            17.0247083,
            51.116867
          ],
          [
            17.024746,
            51.1169046
          ],
          [
            17.0247938,
            51.1169373
          ],
          [
            17.0248502,
            51.1169641
          ],
          [
            17.0249616,
            51.1169962
          ],
          [
            17.0250282,
            51.1170103
          ],
          [
            17.0251499,
            51.1170415
          ],
          [
            17.0257761,
            51.1171873
          ],
          [
            17.0260138,
            51.1172424
          ],
          [
            17.0269893,
            51.1174739
          ],
          [
            17.0271182,
            51.1175043
          ],
          [
            17.0272138,
            51.117529
          ],
          [
            17.0273169,
            51.1175571
          ],
          [
            17.0274072,
            51.1175818
          ],
          [
            17.0275478,
            51.1176238
          ],
          [
            17.0276618,
            51.11766
          ],
          [
            17.0277757,
            51.1176975
          ],
          [
            17.0279327,
            51.1177516
          ],
          [
            17.0280019,
            51.1177741
          ],
          [
            17.0281062,
            51.117808
          ],
          [
            17.0281334,
            51.1178174
          ],
          [
            17.0283271,
            51.1178843
          ],
          [
            17.0283312,
            51.1178856
          ],
          [
            17.0284331,
            51.1179189
          ],
          [
            17.0285329,
            51.1179463
          ],
          [
            17.0286818,
            51.1179809
          ],
          [
            17.0287909,
            51.1180032
          ],
          [
            17.0288688,
            51.1180182
          ],
          [
            17.0289711,
            51.118034
          ],
          [
            17.0290883,
            51.1180499
          ],
          [
            17.0292356,
            51.1180653
          ],
          [
            17.0294123,
            51.1180789
          ],
          [
            17.0295568,
            51.1180842
          ],
          [
            17.0297097,
            51.1180869
          ],
          [
            17.0298233,
            51.1180824
          ],
          [
            17.02996,
            51.1180758
          ],
          [
            17.0300701,
            51.1180648
          ],
          [
            17.0302784,
            51.1180397
          ],
          [
            17.0303801,
            51.1180235
          ],
          [
            17.0305637,
            51.1179919
          ],
          [
            17.0310139,
            51.1179169
          ],
          [
            17.031137,
            51.1178949
          ],
          [
            17.0312104,
            51.1178826
          ],
          [
            17.0312969,
            51.1178684
          ],
          [
            17.031348,
            51.1178626
          ],
          [
            17.0313904,
            51.1178595
          ],
          [
            17.0314524,
            51.1178606
          ],
          [
            17.031495,
            51.1178644
          ],
          [
            17.0315406,
            51.1178722
          ],
          [
            17.0315702,
            51.1178785
          ],
          [
            17.0316104,
            51.1178922
          ],
          [
            17.0316574,
            51.1179122
          ],
          [
            17.0316836,
            51.117926
          ],
          [
            17.031719,
            51.1179514
          ],
          [
            17.0317568,
            51.117987
          ],
          [
            17.0317774,
            51.1180127
          ],
          [
            17.0317903,
            51.1180404
          ],
          [
            17.031801,
            51.1180741
          ],
          [
            17.0318012,
            51.1181007
          ],
          [
            17.0317972,
            51.1181561
          ],
          [
            17.0317941,
            51.1181675
          ],
          [
            17.0317458,
            51.1183376
          ],
          [
            17.0317083,
            51.1184591
          ],
          [
            17.03162,
            51.1187685
          ],
          [
            17.0315364,
            51.1190674
          ],
          [
            17.0315161,
            51.1191531
          ],
          [
            17.0315064,
            51.1192047
          ],
          [
            17.0314788,
            51.1193215
          ],
          [
            17.0314639,
            51.1193842
          ],
          [
            17.0314442,
            51.1194611
          ],
          [
            17.0314227,
            51.119538
          ],
          [
            17.0313889,
            51.1196565
          ],
          [
            17.0313144,
            51.1199093
          ],
          [
            17.0312325,
            51.1201842
          ],
          [
            17.0312139,
            51.1202485
          ],
          [
            17.0311631,
            51.1204217
          ],
          [
            17.031112,
            51.1205936
          ],
          [
            17.0310287,
            51.1208782
          ],
          [
            17.0309935,
            51.1209997
          ],
          [
            17.0309215,
            51.1212383
          ],
          [
            17.0308662,
            51.1214235
          ],
          [
            17.0308116,
            51.1216536
          ],
          [
            17.0307732,
            51.121812
          ],
          [
            17.0307244,
            51.1219702
          ],
          [
            17.0307073,
            51.122024
          ],
          [
            17.0306586,
            51.1221407
          ],
          [
            17.0306259,
            51.1222193
          ],
          [
            17.0305579,
            51.1223385
          ],
          [
            17.0304782,
            51.1224598
          ],
          [
            17.0303722,
            51.1226088
          ],
          [
            17.0303442,
            51.122646
          ],
          [
            17.0301975,
            51.1228543
          ],
          [
            17.030164,
            51.1229021
          ],
          [
            17.0301118,
            51.1229869
          ],
          [
            17.0299581,
            51.1232409
          ],
          [
            17.02982,
            51.1234712
          ],
          [
            17.02966,
            51.1237393
          ],
          [
            17.0295409,
            51.1239371
          ],
          [
            17.0294588,
            51.1240756
          ],
          [
            17.0293728,
            51.1242109
          ],
          [
            17.0292876,
            51.1243328
          ],
          [
            17.0291892,
            51.124453
          ],
          [
            17.0290685,
            51.124594
          ],
          [
            17.0289479,
            51.1247346
          ],
          [
            17.0287902,
            51.1249204
          ],
          [
            17.0286323,
            51.1251055
          ],
          [
            17.0284763,
            51.1252869
          ],
          [
            17.028294,
            51.1255014
          ],
          [
            17.0282473,
            51.1255554
          ],
          [
            17.0281637,
            51.125654
          ],
          [
            17.0280826,
            51.1257498
          ],
          [
            17.028033,
            51.1258211
          ],
          [
            17.0280025,
            51.1258694
          ],
          [
            17.0279521,
            51.125961
          ],
          [
            17.0279139,
            51.1260513
          ],
          [
            17.0278957,
            51.1261174
          ],
          [
            17.0278822,
            51.1261854
          ],
          [
            17.0278797,
            51.1262096
          ],
          [
            17.0278772,
            51.1262338
          ],
          [
            17.0278563,
            51.1264516
          ],
          [
            17.0278543,
            51.126469
          ],
          [
            17.0278447,
            51.1265522
          ],
          [
            17.0278223,
            51.1266669
          ],
          [
            17.0278057,
            51.126744
          ],
          [
            17.0277505,
            51.1270084
          ],
          [
            17.0277412,
            51.1270726
          ],
          [
            17.0277237,
            51.1272656
          ],
          [
            17.0275857,
            51.1290674
          ],
          [
            17.0275822,
            51.1292799
          ],
          [
            17.0275999,
            51.1294784
          ],
          [
            17.0276298,
            51.1296619
          ],
          [
            17.0276922,
            51.1300048
          ],
          [
            17.0277106,
            51.1301073
          ],
          [
            17.0277289,
            51.1302098
          ],
          [
            17.0277859,
            51.1305391
          ],
          [
            17.0278045,
            51.1306473
          ],
          [
            17.0281592,
            51.1327157
          ],
          [
            17.0281732,
            51.1328355
          ],
          [
            17.0281737,
            51.1328453
          ],
          [
            17.0281757,
            51.1328839
          ],
          [
            17.0281741,
            51.1329046
          ],
          [
            17.0281643,
            51.1329361
          ],
          [
            17.0281479,
            51.1329643
          ],
          [
            17.0281328,
            51.1329849
          ],
          [
            17.0281065,
            51.1330102
          ],
          [
            17.0280754,
            51.1330325
          ],
          [
            17.0280406,
            51.1330502
          ],
          [
            17.0279975,
            51.1330666
          ],
          [
            17.0279463,
            51.133083
          ],
          [
            17.0278895,
            51.1330938
          ],
          [
            17.0278113,
            51.1331032
          ],
          [
            17.0277389,
            51.1331088
          ],
          [
            17.0273951,
            51.1331266
          ],
          [
            17.0272356,
            51.1331345
          ],
          [
            17.0270648,
            51.1331354
          ],
          [
            17.0268917,
            51.133136
          ],
          [
            17.0264209,
            51.1331337
          ],
          [
            17.026188,
            51.133136
          ],
          [
            17.0259265,
            51.1331432
          ],
          [
            17.025782,
            51.1331496
          ],
          [
            17.0254138,
            51.1331709
          ],
          [
            17.0248217,
            51.1332067
          ],
          [
            17.0244606,
            51.1332261
          ],
          [
            17.0242324,
            51.1332383
          ],
          [
            17.0239685,
            51.1332491
          ],
          [
            17.0235315,
            51.1332662
          ],
          [
            17.0229041,
            51.133291
          ],
          [
            17.0226698,
            51.1333044
          ],
          [
            17.0224833,
            51.1333183
          ],
          [
            17.0223444,
            51.133334
          ],
          [
            17.0221842,
            51.1333517
          ],
          [
            17.0220023,
            51.1333767
          ],
          [
            17.021844,
            51.1334032
          ],
          [
            17.0217032,
            51.1334284
          ],
          [
            17.0215625,
            51.133456
          ],
          [
            17.0213607,
            51.1335002
          ],
          [
            17.0207565,
            51.133646
          ],
          [
            17.020638,
            51.1336754
          ],
          [
            17.0205732,
            51.1336896
          ],
          [
            17.020516,
            51.1336979
          ],
          [
            17.0204216,
            51.1337002
          ],
          [
            17.0203012,
            51.1336979
          ],
          [
            17.0202355,
            51.133695
          ],
          [
            17.0201138,
            51.133697
          ],
          [
            17.0200319,
            51.1337021
          ],
          [
            17.0194231,
            51.1337633
          ],
          [
            17.016025,
            51.1340921
          ],
          [
            17.0122921,
            51.1344587
          ],
          [
            17.0121643,
            51.1344678
          ],
          [
            17.0121009,
            51.1344723
          ],
          [
            17.0118584,
            51.1344961
          ],
          [
            17.0110208,
            51.134578
          ],
          [
            17.0105991,
            51.1346179
          ],
          [
            17.0103751,
            51.134639
          ],
          [
            17.0101911,
            51.1346629
          ],
          [
            17.0100353,
            51.1346832
          ],
          [
            17.0092051,
            51.1347708
          ],
          [
            17.0075554,
            51.1349383
          ],
          [
            17.0073189,
            51.1349605
          ],
          [
            17.007094,
            51.1349836
          ],
          [
            17.0068773,
            51.1350082
          ],
          [
            17.0066565,
            51.1350394
          ],
          [
            17.0064834,
            51.1350573
          ],
          [
            17.0055213,
            51.1351576
          ],
          [
            17.0053216,
            51.1351788
          ],
          [
            17.0052585,
            51.1351881
          ],
          [
            17.0052089,
            51.1351994
          ],
          [
            17.0051498,
            51.1352123
          ],
          [
            17.004996,
            51.1352595
          ],
          [
            17.0048867,
            51.1352964
          ],
          [
            17.0048289,
            51.1353145
          ],
          [
            17.0047539,
            51.1353296
          ],
          [
            17.004678,
            51.1353412
          ],
          [
            17.0044451,
            51.1353699
          ],
          [
            17.0041375,
            51.1354072
          ],
          [
            17.003851,
            51.1354366
          ],
          [
            17.0037335,
            51.1354495
          ],
          [
            17.0036579,
            51.1354584
          ],
          [
            17.0030467,
            51.1355152
          ],
          [
            17.0025517,
            51.1355603
          ],
          [
            17.0023778,
            51.1355773
          ],
          [
            17.0022393,
            51.1355937
          ],
          [
            17.0018843,
            51.1356475
          ],
          [
            17.0016986,
            51.1356698
          ],
          [
            17.0008602,
            51.1357486
          ],
          [
            16.9990567,
            51.135922
          ],
          [
            16.998237,
            51.1360017
          ],
          [
            16.9982018,
            51.1360031
          ],
          [
            16.9972129,
            51.136097
          ],
          [
            16.9969726,
            51.1361201
          ],
          [
            16.9968333,
            51.1361444
          ],
          [
            16.996729,
            51.1361669
          ],
          [
            16.9966244,
            51.1361954
          ],
          [
            16.9965437,
            51.1362261
          ],
          [
            16.9964799,
            51.136252
          ],
          [
            16.9962712,
            51.1363494
          ],
          [
            16.9959506,
            51.1365039
          ],
          [
            16.995307,
            51.1368185
          ],
          [
            16.9952431,
            51.1368511
          ],
          [
            16.995201,
            51.1368696
          ],
          [
            16.9951498,
            51.136898
          ],
          [
            16.995078,
            51.136941
          ],
          [
            16.9950379,
            51.1369704
          ],
          [
            16.9950018,
            51.1370025
          ],
          [
            16.9949498,
            51.1370547
          ],
          [
            16.9948702,
            51.137135
          ],
          [
            16.9948021,
            51.1372044
          ],
          [
            16.9946718,
            51.137342
          ],
          [
            16.994569,
            51.1374469
          ]
        ]
      },
      "id": "relation/63490"
    },
    {
      "type": "Feature",
      "properties": {
        "@id": "relation/2768579",
        "check_date": "2026-05-20",
        "from": "Osobowice",
        "interval:conditional": "12 @ (Mo-Fr 06:00-09:00,14:00-18:00); 15 @ (Mo-Fr 05:00-06:00,09:00-14:00,18:00-20:00); 20 @ (Mo-Fr 20:00-23:00,Sa-Su 05:00-23:00)",
        "name": "14: Osobowice → Krzyki",
        "network": "Wrocław",
        "opening_hours": "Mo-Su 05:00-23:00",
        "operator": "WTr UM Wrocław",
        "public_transport:version": "2",
        "ref": "14",
        "route": "tram",
        "source:interval": "https://mpk.wroc.pl/komunikat/701/2024-09-30-01092024r-zmiana-rozkladu-jazdy",
        "to": "Krzyki",
        "type": "route",
        "url": "https://www.wroclaw.pl/komunikacja/przystanek-osobowice-linia-14-kierunek-krzyki-slupek-23204",
        "wheelchair": "limited"
      },
      "geometry": {
        "type": "LineString",
        "coordinates": [
          [
            16.9941147,
            51.1373913
          ],
          [
            16.9942164,
            51.1373308
          ],
          [
            16.9942659,
            51.1373017
          ],
          [
            16.9943518,
            51.1372526
          ],
          [
            16.9945421,
            51.1371521
          ],
          [
            16.9946285,
            51.1371087
          ],
          [
            16.9947632,
            51.137041
          ],
          [
            16.9949331,
            51.1369586
          ],
          [
            16.9951285,
            51.1368644
          ],
          [
            16.9954081,
            51.1367261
          ],
          [
            16.995891,
            51.1364909
          ],
          [
            16.9961571,
            51.1363614
          ],
          [
            16.9963321,
            51.1362697
          ],
          [
            16.9964793,
            51.1362104
          ],
          [
            16.9965496,
            51.1361831
          ],
          [
            16.9966561,
            51.1361465
          ],
          [
            16.9967616,
            51.1361192
          ],
          [
            16.9968626,
            51.1360983
          ],
          [
            16.9969885,
            51.1360816
          ],
          [
            16.9972438,
            51.136056
          ],
          [
            16.9977479,
            51.1360085
          ],
          [
            16.9982226,
            51.1359631
          ],
          [
            16.9986119,
            51.1359277
          ],
          [
            16.9990559,
            51.1358869
          ],
          [
            16.9998101,
            51.1358146
          ],
          [
            17.000288,
            51.1357655
          ],
          [
            17.001511,
            51.1356519
          ],
          [
            17.001823,
            51.1356183
          ],
          [
            17.0020975,
            51.1355841
          ],
          [
            17.0022363,
            51.1355637
          ],
          [
            17.0023511,
            51.1355492
          ],
          [
            17.0024798,
            51.135537
          ],
          [
            17.0030048,
            51.1354865
          ],
          [
            17.0037742,
            51.1354156
          ],
          [
            17.0042565,
            51.1353621
          ],
          [
            17.0044806,
            51.1353348
          ],
          [
            17.0045246,
            51.135329
          ],
          [
            17.0046824,
            51.1353081
          ],
          [
            17.0047667,
            51.1352918
          ],
          [
            17.0048574,
            51.1352622
          ],
          [
            17.0049639,
            51.1352303
          ],
          [
            17.0050972,
            51.1351884
          ],
          [
            17.0052028,
            51.1351623
          ],
          [
            17.0053028,
            51.1351437
          ],
          [
            17.0055416,
            51.1351187
          ],
          [
            17.0058715,
            51.1350843
          ],
          [
            17.0061577,
            51.1350544
          ],
          [
            17.0066645,
            51.1350035
          ],
          [
            17.0068451,
            51.1349731
          ],
          [
            17.0070232,
            51.1349534
          ],
          [
            17.0076949,
            51.134886
          ],
          [
            17.0086311,
            51.1347915
          ],
          [
            17.009655,
            51.1346847
          ],
          [
            17.0099051,
            51.1346601
          ],
          [
            17.0100753,
            51.1346404
          ],
          [
            17.0101794,
            51.1346281
          ],
          [
            17.0102835,
            51.1346157
          ],
          [
            17.0108321,
            51.1345607
          ],
          [
            17.0114997,
            51.134497
          ],
          [
            17.0116164,
            51.1344859
          ],
          [
            17.01215,
            51.1344333
          ],
          [
            17.0129755,
            51.134352
          ],
          [
            17.0144603,
            51.134209
          ],
          [
            17.0158522,
            51.1340734
          ],
          [
            17.0170044,
            51.1339617
          ],
          [
            17.0182514,
            51.1338408
          ],
          [
            17.0187548,
            51.1337927
          ],
          [
            17.0192528,
            51.133744
          ],
          [
            17.0197255,
            51.1336988
          ],
          [
            17.0199194,
            51.13368
          ],
          [
            17.0200229,
            51.1336698
          ],
          [
            17.0201124,
            51.133661
          ],
          [
            17.0201968,
            51.1336605
          ],
          [
            17.0203102,
            51.1336619
          ],
          [
            17.0204449,
            51.1336616
          ],
          [
            17.0205467,
            51.1336529
          ],
          [
            17.0206634,
            51.1336384
          ],
          [
            17.0207893,
            51.1336105
          ],
          [
            17.0210995,
            51.1335356
          ],
          [
            17.0212828,
            51.1334902
          ],
          [
            17.0214976,
            51.1334414
          ],
          [
            17.0216689,
            51.1334077
          ],
          [
            17.0218466,
            51.1333746
          ],
          [
            17.0219948,
            51.1333502
          ],
          [
            17.022204,
            51.1333223
          ],
          [
            17.0224003,
            51.1333003
          ],
          [
            17.0225068,
            51.133291
          ],
          [
            17.0226494,
            51.1332782
          ],
          [
            17.0228891,
            51.1332631
          ],
          [
            17.0230502,
            51.1332578
          ],
          [
            17.0234928,
            51.133241
          ],
          [
            17.0240891,
            51.1332178
          ],
          [
            17.0242974,
            51.1332096
          ],
          [
            17.0254177,
            51.1331441
          ],
          [
            17.026039,
            51.1331064
          ],
          [
            17.0262066,
            51.1330965
          ],
          [
            17.0263251,
            51.1330976
          ],
          [
            17.0265741,
            51.1330976
          ],
          [
            17.0268306,
            51.1330988
          ],
          [
            17.0270333,
            51.1331005
          ],
          [
            17.0272074,
            51.1330994
          ],
          [
            17.027383,
            51.1330937
          ],
          [
            17.0276556,
            51.1330799
          ],
          [
            17.0277836,
            51.1330719
          ],
          [
            17.0278513,
            51.1330626
          ],
          [
            17.0279132,
            51.1330481
          ],
          [
            17.0279631,
            51.1330304
          ],
          [
            17.0279962,
            51.1330154
          ],
          [
            17.0280322,
            51.1329935
          ],
          [
            17.0280635,
            51.1329697
          ],
          [
            17.0280932,
            51.1329318
          ],
          [
            17.0281043,
            51.1329131
          ],
          [
            17.0281139,
            51.1328911
          ],
          [
            17.0281243,
            51.1328534
          ],
          [
            17.0281218,
            51.1328124
          ],
          [
            17.0281211,
            51.1328017
          ],
          [
            17.0281078,
            51.132719
          ],
          [
            17.0277427,
            51.1306519
          ],
          [
            17.0277238,
            51.1305428
          ],
          [
            17.0276673,
            51.1302131
          ],
          [
            17.0276277,
            51.1300087
          ],
          [
            17.0275713,
            51.1296629
          ],
          [
            17.0275411,
            51.1294798
          ],
          [
            17.0275227,
            51.129279
          ],
          [
            17.0275278,
            51.1290657
          ],
          [
            17.0275494,
            51.1287908
          ],
          [
            17.027619,
            51.1280285
          ],
          [
            17.027667,
            51.1275018
          ],
          [
            17.0276881,
            51.1272656
          ],
          [
            17.0276996,
            51.1271242
          ],
          [
            17.027711,
            51.1270086
          ],
          [
            17.0277559,
            51.126797
          ],
          [
            17.027787,
            51.1266547
          ],
          [
            17.0278112,
            51.126515
          ],
          [
            17.0278174,
            51.1264727
          ],
          [
            17.02782,
            51.1264545
          ],
          [
            17.0278351,
            51.1262371
          ],
          [
            17.0278369,
            51.1262127
          ],
          [
            17.0278387,
            51.1261882
          ],
          [
            17.0278579,
            51.1261003
          ],
          [
            17.0278689,
            51.1260589
          ],
          [
            17.0278971,
            51.125989
          ],
          [
            17.027941,
            51.1259005
          ],
          [
            17.0279732,
            51.1258429
          ],
          [
            17.028008,
            51.1257903
          ],
          [
            17.0280724,
            51.1257046
          ],
          [
            17.0281447,
            51.125622
          ],
          [
            17.0282678,
            51.1254761
          ],
          [
            17.0283019,
            51.1254375
          ],
          [
            17.0284457,
            51.1252679
          ],
          [
            17.0285867,
            51.1251034
          ],
          [
            17.0287535,
            51.1249071
          ],
          [
            17.0289035,
            51.1247322
          ],
          [
            17.0290109,
            51.1246061
          ],
          [
            17.0291685,
            51.124424
          ],
          [
            17.0292523,
            51.1243183
          ],
          [
            17.0292948,
            51.1242598
          ],
          [
            17.029338,
            51.1241976
          ],
          [
            17.0293791,
            51.1241307
          ],
          [
            17.0294603,
            51.1239979
          ],
          [
            17.029571,
            51.1238151
          ],
          [
            17.0296568,
            51.1236713
          ],
          [
            17.0297697,
            51.123481
          ],
          [
            17.0298706,
            51.1233142
          ],
          [
            17.0299173,
            51.1232355
          ],
          [
            17.0299632,
            51.1231596
          ],
          [
            17.0300222,
            51.123062
          ],
          [
            17.0300798,
            51.122966
          ],
          [
            17.0301231,
            51.1228901
          ],
          [
            17.0301749,
            51.1228059
          ],
          [
            17.0302366,
            51.1227065
          ],
          [
            17.0304053,
            51.1224694
          ],
          [
            17.0304555,
            51.1223959
          ],
          [
            17.0305048,
            51.1223181
          ],
          [
            17.0305573,
            51.1222252
          ],
          [
            17.030601,
            51.1221336
          ],
          [
            17.0306391,
            51.122042
          ],
          [
            17.0306476,
            51.1220202
          ],
          [
            17.0306641,
            51.1219664
          ],
          [
            17.0307032,
            51.1218403
          ],
          [
            17.0307627,
            51.1216305
          ],
          [
            17.030816,
            51.1214577
          ],
          [
            17.0308581,
            51.1213106
          ],
          [
            17.030915,
            51.1211222
          ],
          [
            17.030988,
            51.1208703
          ],
          [
            17.0310232,
            51.1207502
          ],
          [
            17.0310595,
            51.120626
          ],
          [
            17.0310956,
            51.1205075
          ],
          [
            17.0311386,
            51.1203625
          ],
          [
            17.031182,
            51.1202134
          ],
          [
            17.0312295,
            51.1200561
          ],
          [
            17.0312731,
            51.1199026
          ],
          [
            17.0313597,
            51.1196117
          ],
          [
            17.0313817,
            51.1195307
          ],
          [
            17.0314101,
            51.1194309
          ],
          [
            17.0314449,
            51.1192883
          ],
          [
            17.0314663,
            51.119192
          ],
          [
            17.0315095,
            51.1190112
          ],
          [
            17.0315354,
            51.1189113
          ],
          [
            17.0317052,
            51.1183315
          ],
          [
            17.0317501,
            51.1181718
          ],
          [
            17.0317576,
            51.1181328
          ],
          [
            17.0317592,
            51.1181036
          ],
          [
            17.03175,
            51.1180655
          ],
          [
            17.0317335,
            51.1180328
          ],
          [
            17.0316991,
            51.1179917
          ],
          [
            17.0316593,
            51.1179604
          ],
          [
            17.0316039,
            51.1179312
          ],
          [
            17.0315457,
            51.1179106
          ],
          [
            17.0315046,
            51.1179014
          ],
          [
            17.0314694,
            51.117896
          ],
          [
            17.0314117,
            51.1178922
          ],
          [
            17.0313598,
            51.117894
          ],
          [
            17.0313083,
            51.1178998
          ],
          [
            17.0312428,
            51.1179099
          ],
          [
            17.0311356,
            51.1179276
          ],
          [
            17.0309561,
            51.1179606
          ],
          [
            17.0305494,
            51.1180291
          ],
          [
            17.0303689,
            51.1180589
          ],
          [
            17.0302876,
            51.118071
          ],
          [
            17.0301911,
            51.1180836
          ],
          [
            17.0301241,
            51.1180908
          ],
          [
            17.0300105,
            51.1181023
          ],
          [
            17.0298952,
            51.1181104
          ],
          [
            17.029795,
            51.1181157
          ],
          [
            17.0297204,
            51.1181181
          ],
          [
            17.0296395,
            51.118119
          ],
          [
            17.0295675,
            51.1181186
          ],
          [
            17.0294813,
            51.1181161
          ],
          [
            17.029374,
            51.1181111
          ],
          [
            17.0292912,
            51.118105
          ],
          [
            17.0292259,
            51.1180995
          ],
          [
            17.0291523,
            51.1180927
          ],
          [
            17.0290884,
            51.1180853
          ],
          [
            17.0290088,
            51.1180752
          ],
          [
            17.0289136,
            51.1180603
          ],
          [
            17.0288583,
            51.1180514
          ],
          [
            17.0287632,
            51.1180326
          ],
          [
            17.0286632,
            51.1180118
          ],
          [
            17.0286156,
            51.1180013
          ],
          [
            17.0285424,
            51.1179836
          ],
          [
            17.0284677,
            51.1179639
          ],
          [
            17.0283619,
            51.1179337
          ],
          [
            17.0283066,
            51.1179159
          ],
          [
            17.0282818,
            51.117908
          ],
          [
            17.028179,
            51.1178722
          ],
          [
            17.0280055,
            51.1178144
          ],
          [
            17.027841,
            51.117759
          ],
          [
            17.0274576,
            51.1176356
          ],
          [
            17.0271225,
            51.1175429
          ],
          [
            17.0269828,
            51.1175104
          ],
          [
            17.0266738,
            51.1174353
          ],
          [
            17.0259941,
            51.1172738
          ],
          [
            17.025151,
            51.1170803
          ],
          [
            17.0250094,
            51.1170477
          ],
          [
            17.0249367,
            51.1170304
          ],
          [
            17.0248476,
            51.1170014
          ],
          [
            17.0247851,
            51.1169781
          ],
          [
            17.0247301,
            51.1169483
          ],
          [
            17.0247191,
            51.1169399
          ],
          [
            17.0246485,
            51.1168732
          ],
          [
            17.0246294,
            51.1168413
          ],
          [
            17.0246172,
            51.1168081
          ],
          [
            17.0246131,
            51.1167741
          ],
          [
            17.0246136,
            51.1167402
          ],
          [
            17.0246166,
            51.1167228
          ],
          [
            17.0246267,
            51.116679
          ],
          [
            17.0246416,
            51.1166369
          ],
          [
            17.0246523,
            51.1166073
          ],
          [
            17.0247708,
            51.1162629
          ],
          [
            17.0247844,
            51.1162233
          ],
          [
            17.0248045,
            51.1161489
          ],
          [
            17.0248119,
            51.1160838
          ],
          [
            17.0248106,
            51.1160322
          ],
          [
            17.0248013,
            51.1159708
          ],
          [
            17.0247839,
            51.1159159
          ],
          [
            17.0247668,
            51.1158692
          ],
          [
            17.0247394,
            51.1158112
          ],
          [
            17.0246008,
            51.1155353
          ],
          [
            17.0244309,
            51.1152235
          ],
          [
            17.0242196,
            51.1148287
          ],
          [
            17.0241967,
            51.1147802
          ],
          [
            17.0241841,
            51.1147444
          ],
          [
            17.0241762,
            51.1147126
          ],
          [
            17.0241117,
            51.1144534
          ],
          [
            17.0239955,
            51.1139773
          ],
          [
            17.023969,
            51.1138775
          ],
          [
            17.023966,
            51.1138648
          ],
          [
            17.0239478,
            51.1137932
          ],
          [
            17.0239406,
            51.1137547
          ],
          [
            17.0239199,
            51.1137045
          ],
          [
            17.0238729,
            51.1136386
          ],
          [
            17.0238531,
            51.1136107
          ],
          [
            17.0238064,
            51.1135532
          ],
          [
            17.0237091,
            51.1134449
          ],
          [
            17.0235481,
            51.1132634
          ],
          [
            17.0232932,
            51.1129728
          ],
          [
            17.0231813,
            51.1128486
          ],
          [
            17.0230793,
            51.1127343
          ],
          [
            17.0229631,
            51.1126286
          ],
          [
            17.0228748,
            51.1125635
          ],
          [
            17.0227871,
            51.1124987
          ],
          [
            17.0225566,
            51.1123214
          ],
          [
            17.0223394,
            51.112164
          ],
          [
            17.0221889,
            51.112054
          ],
          [
            17.0220139,
            51.1119248
          ],
          [
            17.0219635,
            51.1118869
          ],
          [
            17.0218573,
            51.1118043
          ],
          [
            17.0218083,
            51.1117636
          ],
          [
            17.0217696,
            51.1117274
          ],
          [
            17.021744,
            51.111696
          ],
          [
            17.0217236,
            51.1116676
          ],
          [
            17.0217059,
            51.1116379
          ],
          [
            17.0216963,
            51.1116191
          ],
          [
            17.0216849,
            51.1115916
          ],
          [
            17.0216703,
            51.1115406
          ],
          [
            17.0216661,
            51.1115169
          ],
          [
            17.0216604,
            51.111463
          ],
          [
            17.021649,
            51.1113811
          ],
          [
            17.0216257,
            51.1111833
          ],
          [
            17.021618,
            51.1110913
          ],
          [
            17.0216234,
            51.1109962
          ],
          [
            17.0216409,
            51.1108876
          ],
          [
            17.0216582,
            51.1108145
          ],
          [
            17.0216817,
            51.1107378
          ],
          [
            17.0217654,
            51.1104816
          ],
          [
            17.0218141,
            51.1103294
          ],
          [
            17.0218358,
            51.1102408
          ],
          [
            17.0218506,
            51.1101657
          ],
          [
            17.021875,
            51.1100013
          ],
          [
            17.0218971,
            51.1098499
          ],
          [
            17.0219162,
            51.1097221
          ],
          [
            17.0219232,
            51.1096718
          ],
          [
            17.0219494,
            51.1094827
          ],
          [
            17.0219547,
            51.1094302
          ],
          [
            17.0219456,
            51.1093531
          ],
          [
            17.0219282,
            51.1092701
          ],
          [
            17.0219107,
            51.1091871
          ],
          [
            17.0218727,
            51.108996
          ],
          [
            17.0218366,
            51.1088225
          ],
          [
            17.021796,
            51.1086469
          ],
          [
            17.0217581,
            51.1084695
          ],
          [
            17.0217182,
            51.1083556
          ],
          [
            17.0216834,
            51.1082734
          ],
          [
            17.0215966,
            51.1080613
          ],
          [
            17.0215838,
            51.1080285
          ],
          [
            17.0215739,
            51.1080034
          ],
          [
            17.0215582,
            51.1079627
          ],
          [
            17.0215414,
            51.1079216
          ],
          [
            17.0215272,
            51.1078837
          ],
          [
            17.0215132,
            51.107853
          ],
          [
            17.0215001,
            51.1078151
          ],
          [
            17.021495,
            51.1078
          ],
          [
            17.0214913,
            51.1077836
          ],
          [
            17.0214862,
            51.1077593
          ],
          [
            17.0214853,
            51.1077355
          ],
          [
            17.0214846,
            51.1076763
          ],
          [
            17.0214858,
            51.1076304
          ],
          [
            17.0214859,
            51.1075827
          ],
          [
            17.0214875,
            51.1074982
          ],
          [
            17.0214905,
            51.1069092
          ],
          [
            17.0214982,
            51.1065312
          ],
          [
            17.0215096,
            51.1056602
          ],
          [
            17.0215122,
            51.1054643
          ],
          [
            17.0215252,
            51.1053702
          ],
          [
            17.0215398,
            51.1053014
          ],
          [
            17.0215588,
            51.1052397
          ],
          [
            17.0215856,
            51.1051734
          ],
          [
            17.0216145,
            51.1051118
          ],
          [
            17.0216412,
            51.1050664
          ],
          [
            17.0216867,
            51.1049925
          ],
          [
            17.0217876,
            51.1048748
          ],
          [
            17.02184,
            51.104816
          ],
          [
            17.0218806,
            51.1047592
          ],
          [
            17.0219056,
            51.1047107
          ],
          [
            17.0219104,
            51.1046895
          ],
          [
            17.0219133,
            51.104677
          ],
          [
            17.0219151,
            51.1046393
          ],
          [
            17.0219026,
            51.1045959
          ],
          [
            17.0218843,
            51.1045665
          ],
          [
            17.0218505,
            51.1045316
          ],
          [
            17.0218208,
            51.1045095
          ],
          [
            17.0217747,
            51.1044818
          ],
          [
            17.0217351,
            51.1044626
          ],
          [
            17.0216651,
            51.1044343
          ],
          [
            17.0215328,
            51.104388
          ],
          [
            17.0213076,
            51.1043109
          ],
          [
            17.0211303,
            51.1042589
          ],
          [
            17.0209719,
            51.1042176
          ],
          [
            17.0203378,
            51.1040542
          ],
          [
            17.0191783,
            51.1037566
          ],
          [
            17.0184528,
            51.1035708
          ],
          [
            17.0180165,
            51.1034674
          ],
          [
            17.0169977,
            51.1032385
          ],
          [
            17.016897,
            51.103215
          ],
          [
            17.0164694,
            51.1031084
          ],
          [
            17.0161007,
            51.1030097
          ],
          [
            17.0153972,
            51.102831
          ],
          [
            17.0139571,
            51.1024713
          ],
          [
            17.0136665,
            51.1024001
          ],
          [
            17.0135712,
            51.1023773
          ],
          [
            17.0134359,
            51.1023489
          ],
          [
            17.0133191,
            51.1023292
          ],
          [
            17.0131509,
            51.1023058
          ],
          [
            17.0129674,
            51.1022774
          ],
          [
            17.0128847,
            51.1022635
          ],
          [
            17.0127551,
            51.1022374
          ],
          [
            17.0126275,
            51.1022088
          ],
          [
            17.0118893,
            51.1020439
          ],
          [
            17.0109598,
            51.1018332
          ],
          [
            17.010645,
            51.1017503
          ],
          [
            17.0103393,
            51.1016676
          ],
          [
            17.0101522,
            51.1016227
          ],
          [
            17.0099842,
            51.1015849
          ],
          [
            17.0096018,
            51.1014993
          ],
          [
            17.0094295,
            51.1014608
          ],
          [
            17.0092068,
            51.1014157
          ],
          [
            17.0089627,
            51.1013695
          ],
          [
            17.0085027,
            51.1012829
          ],
          [
            17.0082888,
            51.1012419
          ],
          [
            17.0081228,
            51.1012057
          ],
          [
            17.0075259,
            51.1010724
          ],
          [
            17.0070842,
            51.1009724
          ],
          [
            17.0068934,
            51.100925
          ],
          [
            17.0064199,
            51.1008129
          ],
          [
            17.0057232,
            51.1006557
          ],
          [
            17.0050285,
            51.1004995
          ],
          [
            17.0034288,
            51.1001409
          ],
          [
            17.0028665,
            51.1000136
          ],
          [
            17.0021748,
            51.099848
          ],
          [
            17.0018327,
            51.0997702
          ],
          [
            17.0012552,
            51.0996385
          ],
          [
            17.0008699,
            51.0995468
          ],
          [
            17.0004829,
            51.0994506
          ],
          [
            17.0001922,
            51.0993783
          ],
          [
            17.0000252,
            51.0993357
          ],
          [
            16.9998732,
            51.0993003
          ],
          [
            16.9993009,
            51.0991757
          ],
          [
            16.9981214,
            51.0989083
          ],
          [
            16.9972391,
            51.0987083
          ],
          [
            16.9970612,
            51.0986684
          ],
          [
            16.9968364,
            51.0986185
          ],
          [
            16.9966354,
            51.098573
          ],
          [
            16.9964437,
            51.0985295
          ],
          [
            16.9961419,
            51.0984615
          ],
          [
            16.996029,
            51.0984349
          ],
          [
            16.9956537,
            51.0983498
          ],
          [
            16.9954529,
            51.0983071
          ],
          [
            16.9952477,
            51.0982672
          ],
          [
            16.9948709,
            51.098178
          ],
          [
            16.9947809,
            51.0981567
          ],
          [
            16.9944953,
            51.0981001
          ],
          [
            16.9944654,
            51.0980941
          ],
          [
            16.9943877,
            51.0980788
          ],
          [
            16.994292,
            51.0980591
          ],
          [
            16.9939384,
            51.0979861
          ],
          [
            16.9932773,
            51.097835
          ],
          [
            16.9927852,
            51.0977236
          ],
          [
            16.9920747,
            51.097563
          ],
          [
            16.9918721,
            51.0975194
          ],
          [
            16.9916666,
            51.0974776
          ],
          [
            16.991545,
            51.0974561
          ],
          [
            16.9914656,
            51.0974407
          ],
          [
            16.990891,
            51.0973335
          ],
          [
            16.9903875,
            51.0972392
          ],
          [
            16.9902403,
            51.0972102
          ],
          [
            16.9900769,
            51.0971735
          ],
          [
            16.9899585,
            51.0971458
          ],
          [
            16.9898147,
            51.0971084
          ],
          [
            16.9896474,
            51.097062
          ],
          [
            16.9894546,
            51.0970092
          ],
          [
            16.9891728,
            51.0969321
          ],
          [
            16.9886092,
            51.0967767
          ],
          [
            16.9880098,
            51.0966119
          ],
          [
            16.9871255,
            51.0963689
          ],
          [
            16.9863712,
            51.096161
          ],
          [
            16.9859324,
            51.0960406
          ],
          [
            16.9853998,
            51.0958836
          ],
          [
            16.9850551,
            51.0957679
          ],
          [
            16.9848996,
            51.0957351
          ],
          [
            16.9846934,
            51.0956768
          ],
          [
            16.9845033,
            51.0956261
          ],
          [
            16.9839476,
            51.0954806
          ],
          [
            16.9833496,
            51.0953229
          ],
          [
            16.9828879,
            51.0952024
          ],
          [
            16.982495,
            51.0950993
          ],
          [
            16.9821936,
            51.0950194
          ],
          [
            16.9820026,
            51.094972
          ],
          [
            16.9818574,
            51.0949421
          ],
          [
            16.9816398,
            51.0949002
          ],
          [
            16.9806262,
            51.0947109
          ],
          [
            16.9804934,
            51.0946849
          ],
          [
            16.9803831,
            51.0946543
          ],
          [
            16.9803221,
            51.0946343
          ],
          [
            16.9802774,
            51.0946067
          ],
          [
            16.9802261,
            51.0945747
          ],
          [
            16.980193,
            51.0945399
          ],
          [
            16.9801699,
            51.094512
          ],
          [
            16.98016,
            51.0944895
          ],
          [
            16.9801509,
            51.0944718
          ],
          [
            16.9801421,
            51.0944437
          ],
          [
            16.9801383,
            51.0944143
          ],
          [
            16.9801422,
            51.0943727
          ],
          [
            16.980144,
            51.0943575
          ],
          [
            16.9801619,
            51.0943164
          ],
          [
            16.9801776,
            51.0942886
          ],
          [
            16.9802196,
            51.0942335
          ],
          [
            16.980434,
            51.094029
          ],
          [
            16.9806694,
            51.0938029
          ],
          [
            16.9809156,
            51.0935696
          ],
          [
            16.9809224,
            51.0935632
          ],
          [
            16.9810029,
            51.0934869
          ],
          [
            16.9813369,
            51.0931674
          ],
          [
            16.9816684,
            51.0928501
          ],
          [
            16.9817683,
            51.0927564
          ],
          [
            16.9818415,
            51.0926945
          ],
          [
            16.9818979,
            51.0926523
          ],
          [
            16.9819653,
            51.0926071
          ],
          [
            16.9820504,
            51.0925564
          ],
          [
            16.9821687,
            51.092489
          ],
          [
            16.9822744,
            51.092434
          ],
          [
            16.9823817,
            51.0923835
          ],
          [
            16.9825061,
            51.0923279
          ],
          [
            16.9826522,
            51.0922707
          ],
          [
            16.9827581,
            51.0922351
          ],
          [
            16.9828787,
            51.0921968
          ],
          [
            16.9830037,
            51.0921635
          ],
          [
            16.9831026,
            51.0921413
          ],
          [
            16.9832444,
            51.0921074
          ],
          [
            16.983308,
            51.0920942
          ],
          [
            16.9834966,
            51.0920552
          ],
          [
            16.9856175,
            51.0916167
          ],
          [
            16.9859749,
            51.0915466
          ],
          [
            16.9868219,
            51.0914014
          ],
          [
            16.9870467,
            51.0913632
          ],
          [
            16.9885252,
            51.0911126
          ],
          [
            16.9894944,
            51.090946
          ],
          [
            16.989918,
            51.0908736
          ],
          [
            16.9920285,
            51.0905192
          ],
          [
            16.9925109,
            51.0904366
          ],
          [
            16.9929288,
            51.0903657
          ],
          [
            16.9939094,
            51.0901997
          ],
          [
            16.9941065,
            51.090168
          ],
          [
            16.9942971,
            51.0901404
          ],
          [
            16.9947245,
            51.0900928
          ],
          [
            16.9951439,
            51.0900442
          ],
          [
            16.995735,
            51.0899822
          ],
          [
            16.9959855,
            51.089958
          ],
          [
            16.996297,
            51.0899257
          ],
          [
            16.9967491,
            51.0898843
          ],
          [
            16.9983691,
            51.0897607
          ],
          [
            16.999072,
            51.0897051
          ],
          [
            16.9998519,
            51.0896449
          ],
          [
            17.0000546,
            51.0896289
          ],
          [
            17.0001916,
            51.0896116
          ],
          [
            17.0002028,
            51.0896102
          ],
          [
            17.0004452,
            51.08958
          ],
          [
            17.0007254,
            51.0895382
          ],
          [
            17.001336,
            51.0894366
          ],
          [
            17.0014705,
            51.0894091
          ],
          [
            17.0016658,
            51.0893627
          ],
          [
            17.0018918,
            51.0893036
          ],
          [
            17.0033118,
            51.0888991
          ],
          [
            17.0056991,
            51.0882137
          ],
          [
            17.0062868,
            51.0880461
          ],
          [
            17.0064551,
            51.0879978
          ],
          [
            17.0111167,
            51.0866617
          ],
          [
            17.0114962,
            51.086548
          ],
          [
            17.0115297,
            51.0865381
          ],
          [
            17.011619,
            51.0865034
          ],
          [
            17.0116518,
            51.0864903
          ],
          [
            17.0117311,
            51.0864392
          ],
          [
            17.0117861,
            51.0863819
          ],
          [
            17.0118028,
            51.0863472
          ],
          [
            17.0118176,
            51.0862791
          ],
          [
            17.0118165,
            51.086245
          ],
          [
            17.0118122,
            51.0862178
          ],
          [
            17.0117995,
            51.0861861
          ],
          [
            17.0117498,
            51.0861172
          ],
          [
            17.0116871,
            51.0860414
          ],
          [
            17.0116076,
            51.0859301
          ],
          [
            17.0115083,
            51.0857733
          ],
          [
            17.0112968,
            51.0854479
          ],
          [
            17.0108997,
            51.0848006
          ],
          [
            17.0105585,
            51.0842496
          ],
          [
            17.0103897,
            51.0839769
          ],
          [
            17.0099414,
            51.0832536
          ],
          [
            17.0095658,
            51.0826449
          ],
          [
            17.0093124,
            51.0822303
          ],
          [
            17.009236,
            51.0821124
          ],
          [
            17.0084001,
            51.0807588
          ],
          [
            17.0082679,
            51.0805414
          ],
          [
            17.008235,
            51.0804696
          ],
          [
            17.0081911,
            51.0803701
          ],
          [
            17.0081564,
            51.0802905
          ],
          [
            17.0080898,
            51.0801242
          ],
          [
            17.008062,
            51.0800564
          ],
          [
            17.0080254,
            51.0799644
          ],
          [
            17.0080057,
            51.0799219
          ],
          [
            17.0079973,
            51.0798986
          ],
          [
            17.007989,
            51.0798822
          ],
          [
            17.0079667,
            51.0798466
          ],
          [
            17.0079244,
            51.0797951
          ],
          [
            17.0078912,
            51.0797643
          ],
          [
            17.0078561,
            51.0797348
          ],
          [
            17.0077458,
            51.0796542
          ],
          [
            17.0076982,
            51.0796168
          ],
          [
            17.0076547,
            51.0795772
          ],
          [
            17.0076215,
            51.0795347
          ],
          [
            17.0075835,
            51.0794746
          ],
          [
            17.0075605,
            51.0794092
          ],
          [
            17.0075093,
            51.0791695
          ],
          [
            17.0074999,
            51.0791248
          ],
          [
            17.0074755,
            51.0790085
          ],
          [
            17.0074559,
            51.0789198
          ],
          [
            17.0074359,
            51.078825
          ],
          [
            17.0074096,
            51.0787022
          ],
          [
            17.0073863,
            51.0785926
          ],
          [
            17.0073746,
            51.078515
          ],
          [
            17.0073522,
            51.0783712
          ],
          [
            17.0073489,
            51.0783218
          ],
          [
            17.0073442,
            51.0782904
          ],
          [
            17.0073341,
            51.0781777
          ],
          [
            17.0073092,
            51.0779247
          ],
          [
            17.0072957,
            51.0778034
          ],
          [
            17.0072899,
            51.0777509
          ],
          [
            17.0072531,
            51.0773961
          ],
          [
            17.0072456,
            51.0773022
          ],
          [
            17.0072344,
            51.0771925
          ],
          [
            17.0072324,
            51.0771395
          ],
          [
            17.0072141,
            51.0769708
          ],
          [
            17.0072062,
            51.0769019
          ],
          [
            17.0072005,
            51.0768061
          ],
          [
            17.007195,
            51.0765204
          ],
          [
            17.0071947,
            51.0764102
          ],
          [
            17.0071869,
            51.0762241
          ],
          [
            17.0071886,
            51.0760736
          ],
          [
            17.0071848,
            51.0759137
          ],
          [
            17.0071804,
            51.0757638
          ],
          [
            17.007176,
            51.0756218
          ],
          [
            17.0071648,
            51.0754606
          ],
          [
            17.0071536,
            51.0752787
          ],
          [
            17.0071502,
            51.0751893
          ],
          [
            17.007145,
            51.0749768
          ],
          [
            17.0071457,
            51.0749096
          ],
          [
            17.007139,
            51.0746215
          ]
        ]
      },
      "id": "relation/2768579"
    },
    {
      "type": "Feature",
      "properties": {
        "@id": "node/173374079",
        "@relations": [
          {
            "role": "stop",
            "rel": 2768579,
            "reltags": {
              "check_date": "2026-05-20",
              "from": "Osobowice",
              "interval:conditional": "12 @ (Mo-Fr 06:00-09:00,14:00-18:00); 15 @ (Mo-Fr 05:00-06:00,09:00-14:00,18:00-20:00); 20 @ (Mo-Fr 20:00-23:00,Sa-Su 05:00-23:00)",
              "name": "14: Osobowice → Krzyki",
              "network": "Wrocław",
              "opening_hours": "Mo-Su 05:00-23:00",
              "operator": "WTr UM Wrocław",
              "public_transport:version": "2",
              "ref": "14",
              "route": "tram",
              "source:interval": "https://mpk.wroc.pl/komunikat/701/2024-09-30-01092024r-zmiana-rozkladu-jazdy",
              "to": "Krzyki",
              "type": "route",
              "url": "https://www.wroclaw.pl/komunikacja/przystanek-osobowice-linia-14-kierunek-krzyki-slupek-23204",
              "wheelchair": "limited"
            }
          }
        ]
      },
      "geometry": {
        "type": "Point",
        "coordinates": [
          16.9853998,
          51.0958836
        ]
      },
      "id": "node/173374079"
    },
    {
      "type": "Feature",
      "properties": {
        "@id": "node/265740436",
        "@relations": [
          {
            "role": "stop",
            "rel": 2768579,
            "reltags": {
              "check_date": "2026-05-20",
              "from": "Osobowice",
              "interval:conditional": "12 @ (Mo-Fr 06:00-09:00,14:00-18:00); 15 @ (Mo-Fr 05:00-06:00,09:00-14:00,18:00-20:00); 20 @ (Mo-Fr 20:00-23:00,Sa-Su 05:00-23:00)",
              "name": "14: Osobowice → Krzyki",
              "network": "Wrocław",
              "opening_hours": "Mo-Su 05:00-23:00",
              "operator": "WTr UM Wrocław",
              "public_transport:version": "2",
              "ref": "14",
              "route": "tram",
              "source:interval": "https://mpk.wroc.pl/komunikat/701/2024-09-30-01092024r-zmiana-rozkladu-jazdy",
              "to": "Krzyki",
              "type": "route",
              "url": "https://www.wroclaw.pl/komunikacja/przystanek-osobowice-linia-14-kierunek-krzyki-slupek-23204",
              "wheelchair": "limited"
            }
          }
        ]
      },
      "geometry": {
        "type": "Point",
        "coordinates": [
          17.0217876,
          51.1048748
        ]
      },
      "id": "node/265740436"
    },
    {
      "type": "Feature",
      "properties": {
        "@id": "node/265740488",
        "@relations": [
          {
            "role": "stop",
            "rel": 63490,
            "reltags": {
              "check_date": "2026-05-20",
              "from": "Krzyki",
              "interval:conditional": "12 @ (Mo-Fr 06:00-09:00,14:00-18:00); 15 @ (Mo-Fr 05:00-06:00,09:00-14:00,18:00-20:00); 20 @ (Mo-Fr 20:00-23:00,Sa-Su 05:00-23:00)",
              "name": "14: Krzyki → Osobowice",
              "network": "Wrocław",
              "opening_hours": "Mo-Su 05:00-23:00",
              "operator": "WTr UM Wrocław",
              "public_transport:version": "2",
              "ref": "14",
              "route": "tram",
              "source:interval": "https://mpk.wroc.pl/komunikat/701/2024-09-30-01092024r-zmiana-rozkladu-jazdy",
              "to": "Osobowice",
              "type": "route",
              "url": "https://www.wroclaw.pl/komunikacja/przystanek-krzyki-linia-14-kierunek-osobowice-slupek-11216",
              "wheelchair": "limited"
            }
          }
        ]
      },
      "geometry": {
        "type": "Point",
        "coordinates": [
          17.0215436,
          51.1074288
        ]
      },
      "id": "node/265740488"
    },
    {
      "type": "Feature",
      "properties": {
        "@id": "node/271482013",
        "@relations": [
          {
            "role": "stop",
            "rel": 63490,
            "reltags": {
              "check_date": "2026-05-20",
              "from": "Krzyki",
              "interval:conditional": "12 @ (Mo-Fr 06:00-09:00,14:00-18:00); 15 @ (Mo-Fr 05:00-06:00,09:00-14:00,18:00-20:00); 20 @ (Mo-Fr 20:00-23:00,Sa-Su 05:00-23:00)",
              "name": "14: Krzyki → Osobowice",
              "network": "Wrocław",
              "opening_hours": "Mo-Su 05:00-23:00",
              "operator": "WTr UM Wrocław",
              "public_transport:version": "2",
              "ref": "14",
              "route": "tram",
              "source:interval": "https://mpk.wroc.pl/komunikat/701/2024-09-30-01092024r-zmiana-rozkladu-jazdy",
              "to": "Osobowice",
              "type": "route",
              "url": "https://www.wroclaw.pl/komunikacja/przystanek-krzyki-linia-14-kierunek-osobowice-slupek-11216",
              "wheelchair": "limited"
            }
          }
        ]
      },
      "geometry": {
        "type": "Point",
        "coordinates": [
          16.9877446,
          51.096511
        ]
      },
      "id": "node/271482013"
    },
    {
      "type": "Feature",
      "properties": {
        "@id": "node/282343988",
        "@relations": [
          {
            "role": "stop_exit_only",
            "rel": 2768579,
            "reltags": {
              "check_date": "2026-05-20",
              "from": "Osobowice",
              "interval:conditional": "12 @ (Mo-Fr 06:00-09:00,14:00-18:00); 15 @ (Mo-Fr 05:00-06:00,09:00-14:00,18:00-20:00); 20 @ (Mo-Fr 20:00-23:00,Sa-Su 05:00-23:00)",
              "name": "14: Osobowice → Krzyki",
              "network": "Wrocław",
              "opening_hours": "Mo-Su 05:00-23:00",
              "operator": "WTr UM Wrocław",
              "public_transport:version": "2",
              "ref": "14",
              "route": "tram",
              "source:interval": "https://mpk.wroc.pl/komunikat/701/2024-09-30-01092024r-zmiana-rozkladu-jazdy",
              "to": "Krzyki",
              "type": "route",
              "url": "https://www.wroclaw.pl/komunikacja/przystanek-osobowice-linia-14-kierunek-krzyki-slupek-23204",
              "wheelchair": "limited"
            }
          }
        ]
      },
      "geometry": {
        "type": "Point",
        "coordinates": [
          17.007139,
          51.0746215
        ]
      },
      "id": "node/282343988"
    },
    {
      "type": "Feature",
      "properties": {
        "@id": "node/282343992",
        "@relations": [
          {
            "role": "stop",
            "rel": 63490,
            "reltags": {
              "check_date": "2026-05-20",
              "from": "Krzyki",
              "interval:conditional": "12 @ (Mo-Fr 06:00-09:00,14:00-18:00); 15 @ (Mo-Fr 05:00-06:00,09:00-14:00,18:00-20:00); 20 @ (Mo-Fr 20:00-23:00,Sa-Su 05:00-23:00)",
              "name": "14: Krzyki → Osobowice",
              "network": "Wrocław",
              "opening_hours": "Mo-Su 05:00-23:00",
              "operator": "WTr UM Wrocław",
              "public_transport:version": "2",
              "ref": "14",
              "route": "tram",
              "source:interval": "https://mpk.wroc.pl/komunikat/701/2024-09-30-01092024r-zmiana-rozkladu-jazdy",
              "to": "Osobowice",
              "type": "route",
              "url": "https://www.wroclaw.pl/komunikacja/przystanek-krzyki-linia-14-kierunek-osobowice-slupek-11216",
              "wheelchair": "limited"
            }
          }
        ]
      },
      "geometry": {
        "type": "Point",
        "coordinates": [
          17.0103332,
          51.0838166
        ]
      },
      "id": "node/282343992"
    },
    {
      "type": "Feature",
      "properties": {
        "@id": "node/282353039",
        "@relations": [
          {
            "role": "stop",
            "rel": 2768579,
            "reltags": {
              "check_date": "2026-05-20",
              "from": "Osobowice",
              "interval:conditional": "12 @ (Mo-Fr 06:00-09:00,14:00-18:00); 15 @ (Mo-Fr 05:00-06:00,09:00-14:00,18:00-20:00); 20 @ (Mo-Fr 20:00-23:00,Sa-Su 05:00-23:00)",
              "name": "14: Osobowice → Krzyki",
              "network": "Wrocław",
              "opening_hours": "Mo-Su 05:00-23:00",
              "operator": "WTr UM Wrocław",
              "public_transport:version": "2",
              "ref": "14",
              "route": "tram",
              "source:interval": "https://mpk.wroc.pl/komunikat/701/2024-09-30-01092024r-zmiana-rozkladu-jazdy",
              "to": "Krzyki",
              "type": "route",
              "url": "https://www.wroclaw.pl/komunikacja/przystanek-osobowice-linia-14-kierunek-krzyki-slupek-23204",
              "wheelchair": "limited"
            }
          }
        ]
      },
      "geometry": {
        "type": "Point",
        "coordinates": [
          17.0114962,
          51.086548
        ]
      },
      "id": "node/282353039"
    },
    {
      "type": "Feature",
      "properties": {
        "@id": "node/302864526",
        "@relations": [
          {
            "role": "stop",
            "rel": 2768579,
            "reltags": {
              "check_date": "2026-05-20",
              "from": "Osobowice",
              "interval:conditional": "12 @ (Mo-Fr 06:00-09:00,14:00-18:00); 15 @ (Mo-Fr 05:00-06:00,09:00-14:00,18:00-20:00); 20 @ (Mo-Fr 20:00-23:00,Sa-Su 05:00-23:00)",
              "name": "14: Osobowice → Krzyki",
              "network": "Wrocław",
              "opening_hours": "Mo-Su 05:00-23:00",
              "operator": "WTr UM Wrocław",
              "public_transport:version": "2",
              "ref": "14",
              "route": "tram",
              "source:interval": "https://mpk.wroc.pl/komunikat/701/2024-09-30-01092024r-zmiana-rozkladu-jazdy",
              "to": "Krzyki",
              "type": "route",
              "url": "https://www.wroclaw.pl/komunikacja/przystanek-osobowice-linia-14-kierunek-krzyki-slupek-23204",
              "wheelchair": "limited"
            }
          }
        ]
      },
      "geometry": {
        "type": "Point",
        "coordinates": [
          17.0105585,
          51.0842496
        ]
      },
      "id": "node/302864526"
    },
    {
      "type": "Feature",
      "properties": {
        "@id": "node/302864527",
        "@relations": [
          {
            "role": "stop",
            "rel": 2768579,
            "reltags": {
              "check_date": "2026-05-20",
              "from": "Osobowice",
              "interval:conditional": "12 @ (Mo-Fr 06:00-09:00,14:00-18:00); 15 @ (Mo-Fr 05:00-06:00,09:00-14:00,18:00-20:00); 20 @ (Mo-Fr 20:00-23:00,Sa-Su 05:00-23:00)",
              "name": "14: Osobowice → Krzyki",
              "network": "Wrocław",
              "opening_hours": "Mo-Su 05:00-23:00",
              "operator": "WTr UM Wrocław",
              "public_transport:version": "2",
              "ref": "14",
              "route": "tram",
              "source:interval": "https://mpk.wroc.pl/komunikat/701/2024-09-30-01092024r-zmiana-rozkladu-jazdy",
              "to": "Krzyki",
              "type": "route",
              "url": "https://www.wroclaw.pl/komunikacja/przystanek-osobowice-linia-14-kierunek-krzyki-slupek-23204",
              "wheelchair": "limited"
            }
          }
        ]
      },
      "geometry": {
        "type": "Point",
        "coordinates": [
          17.008062,
          51.0800564
        ]
      },
      "id": "node/302864527"
    },
    {
      "type": "Feature",
      "properties": {
        "@id": "node/302876058",
        "@relations": [
          {
            "role": "stop",
            "rel": 2768579,
            "reltags": {
              "check_date": "2026-05-20",
              "from": "Osobowice",
              "interval:conditional": "12 @ (Mo-Fr 06:00-09:00,14:00-18:00); 15 @ (Mo-Fr 05:00-06:00,09:00-14:00,18:00-20:00); 20 @ (Mo-Fr 20:00-23:00,Sa-Su 05:00-23:00)",
              "name": "14: Osobowice → Krzyki",
              "network": "Wrocław",
              "opening_hours": "Mo-Su 05:00-23:00",
              "operator": "WTr UM Wrocław",
              "public_transport:version": "2",
              "ref": "14",
              "route": "tram",
              "source:interval": "https://mpk.wroc.pl/komunikat/701/2024-09-30-01092024r-zmiana-rozkladu-jazdy",
              "to": "Krzyki",
              "type": "route",
              "url": "https://www.wroclaw.pl/komunikacja/przystanek-osobowice-linia-14-kierunek-krzyki-slupek-23204",
              "wheelchair": "limited"
            }
          }
        ]
      },
      "geometry": {
        "type": "Point",
        "coordinates": [
          17.0136665,
          51.1024001
        ]
      },
      "id": "node/302876058"
    },
    {
      "type": "Feature",
      "properties": {
        "@id": "node/302876068",
        "@relations": [
          {
            "role": "stop",
            "rel": 63490,
            "reltags": {
              "check_date": "2026-05-20",
              "from": "Krzyki",
              "interval:conditional": "12 @ (Mo-Fr 06:00-09:00,14:00-18:00); 15 @ (Mo-Fr 05:00-06:00,09:00-14:00,18:00-20:00); 20 @ (Mo-Fr 20:00-23:00,Sa-Su 05:00-23:00)",
              "name": "14: Krzyki → Osobowice",
              "network": "Wrocław",
              "opening_hours": "Mo-Su 05:00-23:00",
              "operator": "WTr UM Wrocław",
              "public_transport:version": "2",
              "ref": "14",
              "route": "tram",
              "source:interval": "https://mpk.wroc.pl/komunikat/701/2024-09-30-01092024r-zmiana-rozkladu-jazdy",
              "to": "Osobowice",
              "type": "route",
              "url": "https://www.wroclaw.pl/komunikacja/przystanek-krzyki-linia-14-kierunek-osobowice-slupek-11216",
              "wheelchair": "limited"
            }
          }
        ]
      },
      "geometry": {
        "type": "Point",
        "coordinates": [
          17.0126905,
          51.102185
        ]
      },
      "id": "node/302876068"
    },
    {
      "type": "Feature",
      "properties": {
        "@id": "node/302876076",
        "@relations": [
          {
            "role": "stop",
            "rel": 63490,
            "reltags": {
              "check_date": "2026-05-20",
              "from": "Krzyki",
              "interval:conditional": "12 @ (Mo-Fr 06:00-09:00,14:00-18:00); 15 @ (Mo-Fr 05:00-06:00,09:00-14:00,18:00-20:00); 20 @ (Mo-Fr 20:00-23:00,Sa-Su 05:00-23:00)",
              "name": "14: Krzyki → Osobowice",
              "network": "Wrocław",
              "opening_hours": "Mo-Su 05:00-23:00",
              "operator": "WTr UM Wrocław",
              "public_transport:version": "2",
              "ref": "14",
              "route": "tram",
              "source:interval": "https://mpk.wroc.pl/komunikat/701/2024-09-30-01092024r-zmiana-rozkladu-jazdy",
              "to": "Osobowice",
              "type": "route",
              "url": "https://www.wroclaw.pl/komunikacja/przystanek-krzyki-linia-14-kierunek-osobowice-slupek-11216",
              "wheelchair": "limited"
            }
          }
        ]
      },
      "geometry": {
        "type": "Point",
        "coordinates": [
          17.0079536,
          51.1011336
        ]
      },
      "id": "node/302876076"
    },
    {
      "type": "Feature",
      "properties": {
        "@id": "node/302876084",
        "@relations": [
          {
            "role": "stop",
            "rel": 2768579,
            "reltags": {
              "check_date": "2026-05-20",
              "from": "Osobowice",
              "interval:conditional": "12 @ (Mo-Fr 06:00-09:00,14:00-18:00); 15 @ (Mo-Fr 05:00-06:00,09:00-14:00,18:00-20:00); 20 @ (Mo-Fr 20:00-23:00,Sa-Su 05:00-23:00)",
              "name": "14: Osobowice → Krzyki",
              "network": "Wrocław",
              "opening_hours": "Mo-Su 05:00-23:00",
              "operator": "WTr UM Wrocław",
              "public_transport:version": "2",
              "ref": "14",
              "route": "tram",
              "source:interval": "https://mpk.wroc.pl/komunikat/701/2024-09-30-01092024r-zmiana-rozkladu-jazdy",
              "to": "Krzyki",
              "type": "route",
              "url": "https://www.wroclaw.pl/komunikacja/przystanek-osobowice-linia-14-kierunek-krzyki-slupek-23204",
              "wheelchair": "limited"
            }
          }
        ]
      },
      "geometry": {
        "type": "Point",
        "coordinates": [
          17.0004829,
          51.0994506
        ]
      },
      "id": "node/302876084"
    },
    {
      "type": "Feature",
      "properties": {
        "@id": "node/302876090",
        "@relations": [
          {
            "role": "stop",
            "rel": 63490,
            "reltags": {
              "check_date": "2026-05-20",
              "from": "Krzyki",
              "interval:conditional": "12 @ (Mo-Fr 06:00-09:00,14:00-18:00); 15 @ (Mo-Fr 05:00-06:00,09:00-14:00,18:00-20:00); 20 @ (Mo-Fr 20:00-23:00,Sa-Su 05:00-23:00)",
              "name": "14: Krzyki → Osobowice",
              "network": "Wrocław",
              "opening_hours": "Mo-Su 05:00-23:00",
              "operator": "WTr UM Wrocław",
              "public_transport:version": "2",
              "ref": "14",
              "route": "tram",
              "source:interval": "https://mpk.wroc.pl/komunikat/701/2024-09-30-01092024r-zmiana-rozkladu-jazdy",
              "to": "Osobowice",
              "type": "route",
              "url": "https://www.wroclaw.pl/komunikacja/przystanek-krzyki-linia-14-kierunek-osobowice-slupek-11216",
              "wheelchair": "limited"
            }
          }
        ]
      },
      "geometry": {
        "type": "Point",
        "coordinates": [
          16.9810524,
          51.094753
        ]
      },
      "id": "node/302876090"
    },
    {
      "type": "Feature",
      "properties": {
        "@id": "node/302895974",
        "@relations": [
          {
            "role": "stop",
            "rel": 2768579,
            "reltags": {
              "check_date": "2026-05-20",
              "from": "Osobowice",
              "interval:conditional": "12 @ (Mo-Fr 06:00-09:00,14:00-18:00); 15 @ (Mo-Fr 05:00-06:00,09:00-14:00,18:00-20:00); 20 @ (Mo-Fr 20:00-23:00,Sa-Su 05:00-23:00)",
              "name": "14: Osobowice → Krzyki",
              "network": "Wrocław",
              "opening_hours": "Mo-Su 05:00-23:00",
              "operator": "WTr UM Wrocław",
              "public_transport:version": "2",
              "ref": "14",
              "route": "tram",
              "source:interval": "https://mpk.wroc.pl/komunikat/701/2024-09-30-01092024r-zmiana-rozkladu-jazdy",
              "to": "Krzyki",
              "type": "route",
              "url": "https://www.wroclaw.pl/komunikacja/przystanek-osobowice-linia-14-kierunek-krzyki-slupek-23204",
              "wheelchair": "limited"
            }
          }
        ]
      },
      "geometry": {
        "type": "Point",
        "coordinates": [
          17.0056991,
          51.0882137
        ]
      },
      "id": "node/302895974"
    },
    {
      "type": "Feature",
      "properties": {
        "@id": "node/302895976",
        "@relations": [
          {
            "role": "stop",
            "rel": 2768579,
            "reltags": {
              "check_date": "2026-05-20",
              "from": "Osobowice",
              "interval:conditional": "12 @ (Mo-Fr 06:00-09:00,14:00-18:00); 15 @ (Mo-Fr 05:00-06:00,09:00-14:00,18:00-20:00); 20 @ (Mo-Fr 20:00-23:00,Sa-Su 05:00-23:00)",
              "name": "14: Osobowice → Krzyki",
              "network": "Wrocław",
              "opening_hours": "Mo-Su 05:00-23:00",
              "operator": "WTr UM Wrocław",
              "public_transport:version": "2",
              "ref": "14",
              "route": "tram",
              "source:interval": "https://mpk.wroc.pl/komunikat/701/2024-09-30-01092024r-zmiana-rozkladu-jazdy",
              "to": "Krzyki",
              "type": "route",
              "url": "https://www.wroclaw.pl/komunikacja/przystanek-osobowice-linia-14-kierunek-krzyki-slupek-23204",
              "wheelchair": "limited"
            }
          }
        ]
      },
      "geometry": {
        "type": "Point",
        "coordinates": [
          17.0007254,
          51.0895382
        ]
      },
      "id": "node/302895976"
    },
    {
      "type": "Feature",
      "properties": {
        "@id": "node/302895981",
        "@relations": [
          {
            "role": "stop",
            "rel": 63490,
            "reltags": {
              "check_date": "2026-05-20",
              "from": "Krzyki",
              "interval:conditional": "12 @ (Mo-Fr 06:00-09:00,14:00-18:00); 15 @ (Mo-Fr 05:00-06:00,09:00-14:00,18:00-20:00); 20 @ (Mo-Fr 20:00-23:00,Sa-Su 05:00-23:00)",
              "name": "14: Krzyki → Osobowice",
              "network": "Wrocław",
              "opening_hours": "Mo-Su 05:00-23:00",
              "operator": "WTr UM Wrocław",
              "public_transport:version": "2",
              "ref": "14",
              "route": "tram",
              "source:interval": "https://mpk.wroc.pl/komunikat/701/2024-09-30-01092024r-zmiana-rozkladu-jazdy",
              "to": "Osobowice",
              "type": "route",
              "url": "https://www.wroclaw.pl/komunikacja/przystanek-krzyki-linia-14-kierunek-osobowice-slupek-11216",
              "wheelchair": "limited"
            }
          }
        ]
      },
      "geometry": {
        "type": "Point",
        "coordinates": [
          16.9933205,
          51.0903391
        ]
      },
      "id": "node/302895981"
    },
    {
      "type": "Feature",
      "properties": {
        "@id": "node/302895983",
        "@relations": [
          {
            "role": "stop",
            "rel": 2768579,
            "reltags": {
              "check_date": "2026-05-20",
              "from": "Osobowice",
              "interval:conditional": "12 @ (Mo-Fr 06:00-09:00,14:00-18:00); 15 @ (Mo-Fr 05:00-06:00,09:00-14:00,18:00-20:00); 20 @ (Mo-Fr 20:00-23:00,Sa-Su 05:00-23:00)",
              "name": "14: Osobowice → Krzyki",
              "network": "Wrocław",
              "opening_hours": "Mo-Su 05:00-23:00",
              "operator": "WTr UM Wrocław",
              "public_transport:version": "2",
              "ref": "14",
              "route": "tram",
              "source:interval": "https://mpk.wroc.pl/komunikat/701/2024-09-30-01092024r-zmiana-rozkladu-jazdy",
              "to": "Krzyki",
              "type": "route",
              "url": "https://www.wroclaw.pl/komunikacja/przystanek-osobowice-linia-14-kierunek-krzyki-slupek-23204",
              "wheelchair": "limited"
            }
          }
        ]
      },
      "geometry": {
        "type": "Point",
        "coordinates": [
          16.9925109,
          51.0904366
        ]
      },
      "id": "node/302895983"
    },
    {
      "type": "Feature",
      "properties": {
        "@id": "node/302895986",
        "@relations": [
          {
            "role": "stop",
            "rel": 2768579,
            "reltags": {
              "check_date": "2026-05-20",
              "from": "Osobowice",
              "interval:conditional": "12 @ (Mo-Fr 06:00-09:00,14:00-18:00); 15 @ (Mo-Fr 05:00-06:00,09:00-14:00,18:00-20:00); 20 @ (Mo-Fr 20:00-23:00,Sa-Su 05:00-23:00)",
              "name": "14: Osobowice → Krzyki",
              "network": "Wrocław",
              "opening_hours": "Mo-Su 05:00-23:00",
              "operator": "WTr UM Wrocław",
              "public_transport:version": "2",
              "ref": "14",
              "route": "tram",
              "source:interval": "https://mpk.wroc.pl/komunikat/701/2024-09-30-01092024r-zmiana-rozkladu-jazdy",
              "to": "Krzyki",
              "type": "route",
              "url": "https://www.wroclaw.pl/komunikacja/przystanek-osobowice-linia-14-kierunek-krzyki-slupek-23204",
              "wheelchair": "limited"
            }
          }
        ]
      },
      "geometry": {
        "type": "Point",
        "coordinates": [
          16.9868219,
          51.0914014
        ]
      },
      "id": "node/302895986"
    },
    {
      "type": "Feature",
      "properties": {
        "@id": "node/302895988",
        "@relations": [
          {
            "role": "stop",
            "rel": 63490,
            "reltags": {
              "check_date": "2026-05-20",
              "from": "Krzyki",
              "interval:conditional": "12 @ (Mo-Fr 06:00-09:00,14:00-18:00); 15 @ (Mo-Fr 05:00-06:00,09:00-14:00,18:00-20:00); 20 @ (Mo-Fr 20:00-23:00,Sa-Su 05:00-23:00)",
              "name": "14: Krzyki → Osobowice",
              "network": "Wrocław",
              "opening_hours": "Mo-Su 05:00-23:00",
              "operator": "WTr UM Wrocław",
              "public_transport:version": "2",
              "ref": "14",
              "route": "tram",
              "source:interval": "https://mpk.wroc.pl/komunikat/701/2024-09-30-01092024r-zmiana-rozkladu-jazdy",
              "to": "Osobowice",
              "type": "route",
              "url": "https://www.wroclaw.pl/komunikacja/przystanek-krzyki-linia-14-kierunek-osobowice-slupek-11216",
              "wheelchair": "limited"
            }
          }
        ]
      },
      "geometry": {
        "type": "Point",
        "coordinates": [
          16.9852108,
          51.0917386
        ]
      },
      "id": "node/302895988"
    },
    {
      "type": "Feature",
      "properties": {
        "@id": "node/302895992",
        "@relations": [
          {
            "role": "stop",
            "rel": 2768579,
            "reltags": {
              "check_date": "2026-05-20",
              "from": "Osobowice",
              "interval:conditional": "12 @ (Mo-Fr 06:00-09:00,14:00-18:00); 15 @ (Mo-Fr 05:00-06:00,09:00-14:00,18:00-20:00); 20 @ (Mo-Fr 20:00-23:00,Sa-Su 05:00-23:00)",
              "name": "14: Osobowice → Krzyki",
              "network": "Wrocław",
              "opening_hours": "Mo-Su 05:00-23:00",
              "operator": "WTr UM Wrocław",
              "public_transport:version": "2",
              "ref": "14",
              "route": "tram",
              "source:interval": "https://mpk.wroc.pl/komunikat/701/2024-09-30-01092024r-zmiana-rozkladu-jazdy",
              "to": "Krzyki",
              "type": "route",
              "url": "https://www.wroclaw.pl/komunikacja/przystanek-osobowice-linia-14-kierunek-krzyki-slupek-23204",
              "wheelchair": "limited"
            }
          }
        ]
      },
      "geometry": {
        "type": "Point",
        "coordinates": [
          16.980434,
          51.094029
        ]
      },
      "id": "node/302895992"
    },
    {
      "type": "Feature",
      "properties": {
        "@id": "node/304085682",
        "@relations": [
          {
            "role": "stop_entry_only",
            "rel": 2768579,
            "reltags": {
              "check_date": "2026-05-20",
              "from": "Osobowice",
              "interval:conditional": "12 @ (Mo-Fr 06:00-09:00,14:00-18:00); 15 @ (Mo-Fr 05:00-06:00,09:00-14:00,18:00-20:00); 20 @ (Mo-Fr 20:00-23:00,Sa-Su 05:00-23:00)",
              "name": "14: Osobowice → Krzyki",
              "network": "Wrocław",
              "opening_hours": "Mo-Su 05:00-23:00",
              "operator": "WTr UM Wrocław",
              "public_transport:version": "2",
              "ref": "14",
              "route": "tram",
              "source:interval": "https://mpk.wroc.pl/komunikat/701/2024-09-30-01092024r-zmiana-rozkladu-jazdy",
              "to": "Krzyki",
              "type": "route",
              "url": "https://www.wroclaw.pl/komunikacja/przystanek-osobowice-linia-14-kierunek-krzyki-slupek-23204",
              "wheelchair": "limited"
            }
          }
        ]
      },
      "geometry": {
        "type": "Point",
        "coordinates": [
          16.9941147,
          51.1373913
        ]
      },
      "id": "node/304085682"
    },
    {
      "type": "Feature",
      "properties": {
        "@id": "node/304085719",
        "@relations": [
          {
            "role": "stop",
            "rel": 2768579,
            "reltags": {
              "check_date": "2026-05-20",
              "from": "Osobowice",
              "interval:conditional": "12 @ (Mo-Fr 06:00-09:00,14:00-18:00); 15 @ (Mo-Fr 05:00-06:00,09:00-14:00,18:00-20:00); 20 @ (Mo-Fr 20:00-23:00,Sa-Su 05:00-23:00)",
              "name": "14: Osobowice → Krzyki",
              "network": "Wrocław",
              "opening_hours": "Mo-Su 05:00-23:00",
              "operator": "WTr UM Wrocław",
              "public_transport:version": "2",
              "ref": "14",
              "route": "tram",
              "source:interval": "https://mpk.wroc.pl/komunikat/701/2024-09-30-01092024r-zmiana-rozkladu-jazdy",
              "to": "Krzyki",
              "type": "route",
              "url": "https://www.wroclaw.pl/komunikacja/przystanek-osobowice-linia-14-kierunek-krzyki-slupek-23204",
              "wheelchair": "limited"
            }
          }
        ]
      },
      "geometry": {
        "type": "Point",
        "coordinates": [
          17.0199194,
          51.13368
        ]
      },
      "id": "node/304085719"
    },
    {
      "type": "Feature",
      "properties": {
        "@id": "node/304085726",
        "@relations": [
          {
            "role": "stop",
            "rel": 2768579,
            "reltags": {
              "check_date": "2026-05-20",
              "from": "Osobowice",
              "interval:conditional": "12 @ (Mo-Fr 06:00-09:00,14:00-18:00); 15 @ (Mo-Fr 05:00-06:00,09:00-14:00,18:00-20:00); 20 @ (Mo-Fr 20:00-23:00,Sa-Su 05:00-23:00)",
              "name": "14: Osobowice → Krzyki",
              "network": "Wrocław",
              "opening_hours": "Mo-Su 05:00-23:00",
              "operator": "WTr UM Wrocław",
              "public_transport:version": "2",
              "ref": "14",
              "route": "tram",
              "source:interval": "https://mpk.wroc.pl/komunikat/701/2024-09-30-01092024r-zmiana-rozkladu-jazdy",
              "to": "Krzyki",
              "type": "route",
              "url": "https://www.wroclaw.pl/komunikacja/przystanek-osobowice-linia-14-kierunek-krzyki-slupek-23204",
              "wheelchair": "limited"
            }
          }
        ]
      },
      "geometry": {
        "type": "Point",
        "coordinates": [
          17.0114997,
          51.134497
        ]
      },
      "id": "node/304085726"
    },
    {
      "type": "Feature",
      "properties": {
        "@id": "node/304085730",
        "@relations": [
          {
            "role": "stop",
            "rel": 2768579,
            "reltags": {
              "check_date": "2026-05-20",
              "from": "Osobowice",
              "interval:conditional": "12 @ (Mo-Fr 06:00-09:00,14:00-18:00); 15 @ (Mo-Fr 05:00-06:00,09:00-14:00,18:00-20:00); 20 @ (Mo-Fr 20:00-23:00,Sa-Su 05:00-23:00)",
              "name": "14: Osobowice → Krzyki",
              "network": "Wrocław",
              "opening_hours": "Mo-Su 05:00-23:00",
              "operator": "WTr UM Wrocław",
              "public_transport:version": "2",
              "ref": "14",
              "route": "tram",
              "source:interval": "https://mpk.wroc.pl/komunikat/701/2024-09-30-01092024r-zmiana-rozkladu-jazdy",
              "to": "Krzyki",
              "type": "route",
              "url": "https://www.wroclaw.pl/komunikacja/przystanek-osobowice-linia-14-kierunek-krzyki-slupek-23204",
              "wheelchair": "limited"
            }
          }
        ]
      },
      "geometry": {
        "type": "Point",
        "coordinates": [
          17.0058715,
          51.1350843
        ]
      },
      "id": "node/304085730"
    },
    {
      "type": "Feature",
      "properties": {
        "@id": "node/304085734",
        "@relations": [
          {
            "role": "stop",
            "rel": 2768579,
            "reltags": {
              "check_date": "2026-05-20",
              "from": "Osobowice",
              "interval:conditional": "12 @ (Mo-Fr 06:00-09:00,14:00-18:00); 15 @ (Mo-Fr 05:00-06:00,09:00-14:00,18:00-20:00); 20 @ (Mo-Fr 20:00-23:00,Sa-Su 05:00-23:00)",
              "name": "14: Osobowice → Krzyki",
              "network": "Wrocław",
              "opening_hours": "Mo-Su 05:00-23:00",
              "operator": "WTr UM Wrocław",
              "public_transport:version": "2",
              "ref": "14",
              "route": "tram",
              "source:interval": "https://mpk.wroc.pl/komunikat/701/2024-09-30-01092024r-zmiana-rozkladu-jazdy",
              "to": "Krzyki",
              "type": "route",
              "url": "https://www.wroclaw.pl/komunikacja/przystanek-osobowice-linia-14-kierunek-krzyki-slupek-23204",
              "wheelchair": "limited"
            }
          }
        ]
      },
      "geometry": {
        "type": "Point",
        "coordinates": [
          17.0276556,
          51.1330799
        ]
      },
      "id": "node/304085734"
    },
    {
      "type": "Feature",
      "properties": {
        "@id": "node/304085739",
        "@relations": [
          {
            "role": "stop",
            "rel": 2768579,
            "reltags": {
              "check_date": "2026-05-20",
              "from": "Osobowice",
              "interval:conditional": "12 @ (Mo-Fr 06:00-09:00,14:00-18:00); 15 @ (Mo-Fr 05:00-06:00,09:00-14:00,18:00-20:00); 20 @ (Mo-Fr 20:00-23:00,Sa-Su 05:00-23:00)",
              "name": "14: Osobowice → Krzyki",
              "network": "Wrocław",
              "opening_hours": "Mo-Su 05:00-23:00",
              "operator": "WTr UM Wrocław",
              "public_transport:version": "2",
              "ref": "14",
              "route": "tram",
              "source:interval": "https://mpk.wroc.pl/komunikat/701/2024-09-30-01092024r-zmiana-rozkladu-jazdy",
              "to": "Krzyki",
              "type": "route",
              "url": "https://www.wroclaw.pl/komunikacja/przystanek-osobowice-linia-14-kierunek-krzyki-slupek-23204",
              "wheelchair": "limited"
            }
          }
        ]
      },
      "geometry": {
        "type": "Point",
        "coordinates": [
          17.0276881,
          51.1272656
        ]
      },
      "id": "node/304085739"
    },
    {
      "type": "Feature",
      "properties": {
        "@id": "node/304085796",
        "@relations": [
          {
            "role": "stop",
            "rel": 2768579,
            "reltags": {
              "check_date": "2026-05-20",
              "from": "Osobowice",
              "interval:conditional": "12 @ (Mo-Fr 06:00-09:00,14:00-18:00); 15 @ (Mo-Fr 05:00-06:00,09:00-14:00,18:00-20:00); 20 @ (Mo-Fr 20:00-23:00,Sa-Su 05:00-23:00)",
              "name": "14: Osobowice → Krzyki",
              "network": "Wrocław",
              "opening_hours": "Mo-Su 05:00-23:00",
              "operator": "WTr UM Wrocław",
              "public_transport:version": "2",
              "ref": "14",
              "route": "tram",
              "source:interval": "https://mpk.wroc.pl/komunikat/701/2024-09-30-01092024r-zmiana-rozkladu-jazdy",
              "to": "Krzyki",
              "type": "route",
              "url": "https://www.wroclaw.pl/komunikacja/przystanek-osobowice-linia-14-kierunek-krzyki-slupek-23204",
              "wheelchair": "limited"
            }
          }
        ]
      },
      "geometry": {
        "type": "Point",
        "coordinates": [
          17.0247708,
          51.1162629
        ]
      },
      "id": "node/304085796"
    },
    {
      "type": "Feature",
      "properties": {
        "@id": "node/324780443",
        "@relations": [
          {
            "role": "stop",
            "rel": 2768579,
            "reltags": {
              "check_date": "2026-05-20",
              "from": "Osobowice",
              "interval:conditional": "12 @ (Mo-Fr 06:00-09:00,14:00-18:00); 15 @ (Mo-Fr 05:00-06:00,09:00-14:00,18:00-20:00); 20 @ (Mo-Fr 20:00-23:00,Sa-Su 05:00-23:00)",
              "name": "14: Osobowice → Krzyki",
              "network": "Wrocław",
              "opening_hours": "Mo-Su 05:00-23:00",
              "operator": "WTr UM Wrocław",
              "public_transport:version": "2",
              "ref": "14",
              "route": "tram",
              "source:interval": "https://mpk.wroc.pl/komunikat/701/2024-09-30-01092024r-zmiana-rozkladu-jazdy",
              "to": "Krzyki",
              "type": "route",
              "url": "https://www.wroclaw.pl/komunikacja/przystanek-osobowice-linia-14-kierunek-krzyki-slupek-23204",
              "wheelchair": "limited"
            }
          }
        ]
      },
      "geometry": {
        "type": "Point",
        "coordinates": [
          17.0221889,
          51.112054
        ]
      },
      "id": "node/324780443"
    },
    {
      "type": "Feature",
      "properties": {
        "@id": "node/339866833",
        "@relations": [
          {
            "role": "stop",
            "rel": 63490,
            "reltags": {
              "check_date": "2026-05-20",
              "from": "Krzyki",
              "interval:conditional": "12 @ (Mo-Fr 06:00-09:00,14:00-18:00); 15 @ (Mo-Fr 05:00-06:00,09:00-14:00,18:00-20:00); 20 @ (Mo-Fr 20:00-23:00,Sa-Su 05:00-23:00)",
              "name": "14: Krzyki → Osobowice",
              "network": "Wrocław",
              "opening_hours": "Mo-Su 05:00-23:00",
              "operator": "WTr UM Wrocław",
              "public_transport:version": "2",
              "ref": "14",
              "route": "tram",
              "source:interval": "https://mpk.wroc.pl/komunikat/701/2024-09-30-01092024r-zmiana-rozkladu-jazdy",
              "to": "Osobowice",
              "type": "route",
              "url": "https://www.wroclaw.pl/komunikacja/przystanek-krzyki-linia-14-kierunek-osobowice-slupek-11216",
              "wheelchair": "limited"
            }
          }
        ]
      },
      "geometry": {
        "type": "Point",
        "coordinates": [
          17.0225547,
          51.1122817
        ]
      },
      "id": "node/339866833"
    },
    {
      "type": "Feature",
      "properties": {
        "@id": "node/390008914",
        "@relations": [
          {
            "role": "stop",
            "rel": 63490,
            "reltags": {
              "check_date": "2026-05-20",
              "from": "Krzyki",
              "interval:conditional": "12 @ (Mo-Fr 06:00-09:00,14:00-18:00); 15 @ (Mo-Fr 05:00-06:00,09:00-14:00,18:00-20:00); 20 @ (Mo-Fr 20:00-23:00,Sa-Su 05:00-23:00)",
              "name": "14: Krzyki → Osobowice",
              "network": "Wrocław",
              "opening_hours": "Mo-Su 05:00-23:00",
              "operator": "WTr UM Wrocław",
              "public_transport:version": "2",
              "ref": "14",
              "route": "tram",
              "source:interval": "https://mpk.wroc.pl/komunikat/701/2024-09-30-01092024r-zmiana-rozkladu-jazdy",
              "to": "Osobowice",
              "type": "route",
              "url": "https://www.wroclaw.pl/komunikacja/przystanek-krzyki-linia-14-kierunek-osobowice-slupek-11216",
              "wheelchair": "limited"
            }
          }
        ]
      },
      "geometry": {
        "type": "Point",
        "coordinates": [
          17.026188,
          51.133136
        ]
      },
      "id": "node/390008914"
    },
    {
      "type": "Feature",
      "properties": {
        "@id": "node/541888682",
        "@relations": [
          {
            "role": "stop",
            "rel": 63490,
            "reltags": {
              "check_date": "2026-05-20",
              "from": "Krzyki",
              "interval:conditional": "12 @ (Mo-Fr 06:00-09:00,14:00-18:00); 15 @ (Mo-Fr 05:00-06:00,09:00-14:00,18:00-20:00); 20 @ (Mo-Fr 20:00-23:00,Sa-Su 05:00-23:00)",
              "name": "14: Krzyki → Osobowice",
              "network": "Wrocław",
              "opening_hours": "Mo-Su 05:00-23:00",
              "operator": "WTr UM Wrocław",
              "public_transport:version": "2",
              "ref": "14",
              "route": "tram",
              "source:interval": "https://mpk.wroc.pl/komunikat/701/2024-09-30-01092024r-zmiana-rozkladu-jazdy",
              "to": "Osobowice",
              "type": "route",
              "url": "https://www.wroclaw.pl/komunikacja/przystanek-krzyki-linia-14-kierunek-osobowice-slupek-11216",
              "wheelchair": "limited"
            }
          }
        ]
      },
      "geometry": {
        "type": "Point",
        "coordinates": [
          17.0310139,
          51.1179169
        ]
      },
      "id": "node/541888682"
    },
    {
      "type": "Feature",
      "properties": {
        "@id": "node/1701710290",
        "@relations": [
          {
            "role": "platform",
            "rel": 2768579,
            "reltags": {
              "check_date": "2026-05-20",
              "from": "Osobowice",
              "interval:conditional": "12 @ (Mo-Fr 06:00-09:00,14:00-18:00); 15 @ (Mo-Fr 05:00-06:00,09:00-14:00,18:00-20:00); 20 @ (Mo-Fr 20:00-23:00,Sa-Su 05:00-23:00)",
              "name": "14: Osobowice → Krzyki",
              "network": "Wrocław",
              "opening_hours": "Mo-Su 05:00-23:00",
              "operator": "WTr UM Wrocław",
              "public_transport:version": "2",
              "ref": "14",
              "route": "tram",
              "source:interval": "https://mpk.wroc.pl/komunikat/701/2024-09-30-01092024r-zmiana-rozkladu-jazdy",
              "to": "Krzyki",
              "type": "route",
              "url": "https://www.wroclaw.pl/komunikacja/przystanek-osobowice-linia-14-kierunek-krzyki-slupek-23204",
              "wheelchair": "limited"
            }
          }
        ]
      },
      "geometry": {
        "type": "Point",
        "coordinates": [
          16.9867151,
          51.0913885
        ]
      },
      "id": "node/1701710290"
    },
    {
      "type": "Feature",
      "properties": {
        "@id": "node/1701710291",
        "@relations": [
          {
            "role": "platform",
            "rel": 63490,
            "reltags": {
              "check_date": "2026-05-20",
              "from": "Krzyki",
              "interval:conditional": "12 @ (Mo-Fr 06:00-09:00,14:00-18:00); 15 @ (Mo-Fr 05:00-06:00,09:00-14:00,18:00-20:00); 20 @ (Mo-Fr 20:00-23:00,Sa-Su 05:00-23:00)",
              "name": "14: Krzyki → Osobowice",
              "network": "Wrocław",
              "opening_hours": "Mo-Su 05:00-23:00",
              "operator": "WTr UM Wrocław",
              "public_transport:version": "2",
              "ref": "14",
              "route": "tram",
              "source:interval": "https://mpk.wroc.pl/komunikat/701/2024-09-30-01092024r-zmiana-rozkladu-jazdy",
              "to": "Osobowice",
              "type": "route",
              "url": "https://www.wroclaw.pl/komunikacja/przystanek-krzyki-linia-14-kierunek-osobowice-slupek-11216",
              "wheelchair": "limited"
            }
          }
        ]
      },
      "geometry": {
        "type": "Point",
        "coordinates": [
          16.9852645,
          51.0917577
        ]
      },
      "id": "node/1701710291"
    },
    {
      "type": "Feature",
      "properties": {
        "@id": "node/1701710964",
        "@relations": [
          {
            "role": "platform",
            "rel": 2768579,
            "reltags": {
              "check_date": "2026-05-20",
              "from": "Osobowice",
              "interval:conditional": "12 @ (Mo-Fr 06:00-09:00,14:00-18:00); 15 @ (Mo-Fr 05:00-06:00,09:00-14:00,18:00-20:00); 20 @ (Mo-Fr 20:00-23:00,Sa-Su 05:00-23:00)",
              "name": "14: Osobowice → Krzyki",
              "network": "Wrocław",
              "opening_hours": "Mo-Su 05:00-23:00",
              "operator": "WTr UM Wrocław",
              "public_transport:version": "2",
              "ref": "14",
              "route": "tram",
              "source:interval": "https://mpk.wroc.pl/komunikat/701/2024-09-30-01092024r-zmiana-rozkladu-jazdy",
              "to": "Krzyki",
              "type": "route",
              "url": "https://www.wroclaw.pl/komunikacja/przystanek-osobowice-linia-14-kierunek-krzyki-slupek-23204",
              "wheelchair": "limited"
            }
          }
        ]
      },
      "geometry": {
        "type": "Point",
        "coordinates": [
          16.9915212,
          51.0975255
        ]
      },
      "id": "node/1701710964"
    },
    {
      "type": "Feature",
      "properties": {
        "@id": "node/1701710983",
        "@relations": [
          {
            "role": "platform",
            "rel": 63490,
            "reltags": {
              "check_date": "2026-05-20",
              "from": "Krzyki",
              "interval:conditional": "12 @ (Mo-Fr 06:00-09:00,14:00-18:00); 15 @ (Mo-Fr 05:00-06:00,09:00-14:00,18:00-20:00); 20 @ (Mo-Fr 20:00-23:00,Sa-Su 05:00-23:00)",
              "name": "14: Krzyki → Osobowice",
              "network": "Wrocław",
              "opening_hours": "Mo-Su 05:00-23:00",
              "operator": "WTr UM Wrocław",
              "public_transport:version": "2",
              "ref": "14",
              "route": "tram",
              "source:interval": "https://mpk.wroc.pl/komunikat/701/2024-09-30-01092024r-zmiana-rozkladu-jazdy",
              "to": "Osobowice",
              "type": "route",
              "url": "https://www.wroclaw.pl/komunikacja/przystanek-krzyki-linia-14-kierunek-osobowice-slupek-11216",
              "wheelchair": "limited"
            }
          }
        ]
      },
      "geometry": {
        "type": "Point",
        "coordinates": [
          16.9930801,
          51.097681
        ]
      },
      "id": "node/1701710983"
    },
    {
      "type": "Feature",
      "properties": {
        "@id": "node/1701711080",
        "@relations": [
          {
            "role": "platform",
            "rel": 2768579,
            "reltags": {
              "check_date": "2026-05-20",
              "from": "Osobowice",
              "interval:conditional": "12 @ (Mo-Fr 06:00-09:00,14:00-18:00); 15 @ (Mo-Fr 05:00-06:00,09:00-14:00,18:00-20:00); 20 @ (Mo-Fr 20:00-23:00,Sa-Su 05:00-23:00)",
              "name": "14: Osobowice → Krzyki",
              "network": "Wrocław",
              "opening_hours": "Mo-Su 05:00-23:00",
              "operator": "WTr UM Wrocław",
              "public_transport:version": "2",
              "ref": "14",
              "route": "tram",
              "source:interval": "https://mpk.wroc.pl/komunikat/701/2024-09-30-01092024r-zmiana-rozkladu-jazdy",
              "to": "Krzyki",
              "type": "route",
              "url": "https://www.wroclaw.pl/komunikacja/przystanek-osobowice-linia-14-kierunek-krzyki-slupek-23204",
              "wheelchair": "limited"
            }
          }
        ]
      },
      "geometry": {
        "type": "Point",
        "coordinates": [
          17.0247618,
          51.1161025
        ]
      },
      "id": "node/1701711080"
    },
    {
      "type": "Feature",
      "properties": {
        "@id": "node/1701711156",
        "@relations": [
          {
            "role": "platform",
            "rel": 2768579,
            "reltags": {
              "check_date": "2026-05-20",
              "from": "Osobowice",
              "interval:conditional": "12 @ (Mo-Fr 06:00-09:00,14:00-18:00); 15 @ (Mo-Fr 05:00-06:00,09:00-14:00,18:00-20:00); 20 @ (Mo-Fr 20:00-23:00,Sa-Su 05:00-23:00)",
              "name": "14: Osobowice → Krzyki",
              "network": "Wrocław",
              "opening_hours": "Mo-Su 05:00-23:00",
              "operator": "WTr UM Wrocław",
              "public_transport:version": "2",
              "ref": "14",
              "route": "tram",
              "source:interval": "https://mpk.wroc.pl/komunikat/701/2024-09-30-01092024r-zmiana-rozkladu-jazdy",
              "to": "Krzyki",
              "type": "route",
              "url": "https://www.wroclaw.pl/komunikacja/przystanek-osobowice-linia-14-kierunek-krzyki-slupek-23204",
              "wheelchair": "limited"
            }
          }
        ]
      },
      "geometry": {
        "type": "Point",
        "coordinates": [
          16.9803333,
          51.0940779
        ]
      },
      "id": "node/1701711156"
    },
    {
      "type": "Feature",
      "properties": {
        "@id": "node/1701711158",
        "@relations": [
          {
            "role": "platform",
            "rel": 63490,
            "reltags": {
              "check_date": "2026-05-20",
              "from": "Krzyki",
              "interval:conditional": "12 @ (Mo-Fr 06:00-09:00,14:00-18:00); 15 @ (Mo-Fr 05:00-06:00,09:00-14:00,18:00-20:00); 20 @ (Mo-Fr 20:00-23:00,Sa-Su 05:00-23:00)",
              "name": "14: Krzyki → Osobowice",
              "network": "Wrocław",
              "opening_hours": "Mo-Su 05:00-23:00",
              "operator": "WTr UM Wrocław",
              "public_transport:version": "2",
              "ref": "14",
              "route": "tram",
              "source:interval": "https://mpk.wroc.pl/komunikat/701/2024-09-30-01092024r-zmiana-rozkladu-jazdy",
              "to": "Osobowice",
              "type": "route",
              "url": "https://www.wroclaw.pl/komunikacja/przystanek-krzyki-linia-14-kierunek-osobowice-slupek-11216",
              "wheelchair": "limited"
            }
          }
        ]
      },
      "geometry": {
        "type": "Point",
        "coordinates": [
          16.9803343,
          51.0942454
        ]
      },
      "id": "node/1701711158"
    },
    {
      "type": "Feature",
      "properties": {
        "@id": "node/1701711161",
        "@relations": [
          {
            "role": "platform",
            "rel": 63490,
            "reltags": {
              "check_date": "2026-05-20",
              "from": "Krzyki",
              "interval:conditional": "12 @ (Mo-Fr 06:00-09:00,14:00-18:00); 15 @ (Mo-Fr 05:00-06:00,09:00-14:00,18:00-20:00); 20 @ (Mo-Fr 20:00-23:00,Sa-Su 05:00-23:00)",
              "name": "14: Krzyki → Osobowice",
              "network": "Wrocław",
              "opening_hours": "Mo-Su 05:00-23:00",
              "operator": "WTr UM Wrocław",
              "public_transport:version": "2",
              "ref": "14",
              "route": "tram",
              "source:interval": "https://mpk.wroc.pl/komunikat/701/2024-09-30-01092024r-zmiana-rozkladu-jazdy",
              "to": "Osobowice",
              "type": "route",
              "url": "https://www.wroclaw.pl/komunikacja/przystanek-krzyki-linia-14-kierunek-osobowice-slupek-11216",
              "wheelchair": "limited"
            }
          }
        ]
      },
      "geometry": {
        "type": "Point",
        "coordinates": [
          16.9809511,
          51.0947062
        ]
      },
      "id": "node/1701711161"
    },
    {
      "type": "Feature",
      "properties": {
        "@id": "node/1701711162",
        "@relations": [
          {
            "role": "platform",
            "rel": 2768579,
            "reltags": {
              "check_date": "2026-05-20",
              "from": "Osobowice",
              "interval:conditional": "12 @ (Mo-Fr 06:00-09:00,14:00-18:00); 15 @ (Mo-Fr 05:00-06:00,09:00-14:00,18:00-20:00); 20 @ (Mo-Fr 20:00-23:00,Sa-Su 05:00-23:00)",
              "name": "14: Osobowice → Krzyki",
              "network": "Wrocław",
              "opening_hours": "Mo-Su 05:00-23:00",
              "operator": "WTr UM Wrocław",
              "public_transport:version": "2",
              "ref": "14",
              "route": "tram",
              "source:interval": "https://mpk.wroc.pl/komunikat/701/2024-09-30-01092024r-zmiana-rozkladu-jazdy",
              "to": "Krzyki",
              "type": "route",
              "url": "https://www.wroclaw.pl/komunikacja/przystanek-osobowice-linia-14-kierunek-krzyki-slupek-23204",
              "wheelchair": "limited"
            }
          }
        ]
      },
      "geometry": {
        "type": "Point",
        "coordinates": [
          16.9807793,
          51.0947702
        ]
      },
      "id": "node/1701711162"
    },
    {
      "type": "Feature",
      "properties": {
        "@id": "node/1701711165",
        "@relations": [
          {
            "role": "platform",
            "rel": 63490,
            "reltags": {
              "check_date": "2026-05-20",
              "from": "Krzyki",
              "interval:conditional": "12 @ (Mo-Fr 06:00-09:00,14:00-18:00); 15 @ (Mo-Fr 05:00-06:00,09:00-14:00,18:00-20:00); 20 @ (Mo-Fr 20:00-23:00,Sa-Su 05:00-23:00)",
              "name": "14: Krzyki → Osobowice",
              "network": "Wrocław",
              "opening_hours": "Mo-Su 05:00-23:00",
              "operator": "WTr UM Wrocław",
              "public_transport:version": "2",
              "ref": "14",
              "route": "tram",
              "source:interval": "https://mpk.wroc.pl/komunikat/701/2024-09-30-01092024r-zmiana-rozkladu-jazdy",
              "to": "Osobowice",
              "type": "route",
              "url": "https://www.wroclaw.pl/komunikacja/przystanek-krzyki-linia-14-kierunek-osobowice-slupek-11216",
              "wheelchair": "limited"
            }
          }
        ]
      },
      "geometry": {
        "type": "Point",
        "coordinates": [
          16.9964417,
          51.0984624
        ]
      },
      "id": "node/1701711165"
    },
    {
      "type": "Feature",
      "properties": {
        "@id": "node/1701711166",
        "@relations": [
          {
            "role": "platform",
            "rel": 2768579,
            "reltags": {
              "check_date": "2026-05-20",
              "from": "Osobowice",
              "interval:conditional": "12 @ (Mo-Fr 06:00-09:00,14:00-18:00); 15 @ (Mo-Fr 05:00-06:00,09:00-14:00,18:00-20:00); 20 @ (Mo-Fr 20:00-23:00,Sa-Su 05:00-23:00)",
              "name": "14: Osobowice → Krzyki",
              "network": "Wrocław",
              "opening_hours": "Mo-Su 05:00-23:00",
              "operator": "WTr UM Wrocław",
              "public_transport:version": "2",
              "ref": "14",
              "route": "tram",
              "source:interval": "https://mpk.wroc.pl/komunikat/701/2024-09-30-01092024r-zmiana-rozkladu-jazdy",
              "to": "Krzyki",
              "type": "route",
              "url": "https://www.wroclaw.pl/komunikacja/przystanek-osobowice-linia-14-kierunek-krzyki-slupek-23204",
              "wheelchair": "limited"
            }
          }
        ]
      },
      "geometry": {
        "type": "Point",
        "coordinates": [
          16.9962069,
          51.0985079
        ]
      },
      "id": "node/1701711166"
    },
    {
      "type": "Feature",
      "properties": {
        "@id": "node/1701711205",
        "@relations": [
          {
            "role": "platform",
            "rel": 63490,
            "reltags": {
              "check_date": "2026-05-20",
              "from": "Krzyki",
              "interval:conditional": "12 @ (Mo-Fr 06:00-09:00,14:00-18:00); 15 @ (Mo-Fr 05:00-06:00,09:00-14:00,18:00-20:00); 20 @ (Mo-Fr 20:00-23:00,Sa-Su 05:00-23:00)",
              "name": "14: Krzyki → Osobowice",
              "network": "Wrocław",
              "opening_hours": "Mo-Su 05:00-23:00",
              "operator": "WTr UM Wrocław",
              "public_transport:version": "2",
              "ref": "14",
              "route": "tram",
              "source:interval": "https://mpk.wroc.pl/komunikat/701/2024-09-30-01092024r-zmiana-rozkladu-jazdy",
              "to": "Osobowice",
              "type": "route",
              "url": "https://www.wroclaw.pl/komunikacja/przystanek-krzyki-linia-14-kierunek-osobowice-slupek-11216",
              "wheelchair": "limited"
            }
          }
        ]
      },
      "geometry": {
        "type": "Point",
        "coordinates": [
          17.0067158,
          51.0879838
        ]
      },
      "id": "node/1701711205"
    },
    {
      "type": "Feature",
      "properties": {
        "@id": "node/1701711206",
        "@relations": [
          {
            "role": "platform",
            "rel": 2768579,
            "reltags": {
              "check_date": "2026-05-20",
              "from": "Osobowice",
              "interval:conditional": "12 @ (Mo-Fr 06:00-09:00,14:00-18:00); 15 @ (Mo-Fr 05:00-06:00,09:00-14:00,18:00-20:00); 20 @ (Mo-Fr 20:00-23:00,Sa-Su 05:00-23:00)",
              "name": "14: Osobowice → Krzyki",
              "network": "Wrocław",
              "opening_hours": "Mo-Su 05:00-23:00",
              "operator": "WTr UM Wrocław",
              "public_transport:version": "2",
              "ref": "14",
              "route": "tram",
              "source:interval": "https://mpk.wroc.pl/komunikat/701/2024-09-30-01092024r-zmiana-rozkladu-jazdy",
              "to": "Krzyki",
              "type": "route",
              "url": "https://www.wroclaw.pl/komunikacja/przystanek-osobowice-linia-14-kierunek-krzyki-slupek-23204",
              "wheelchair": "limited"
            }
          }
        ]
      },
      "geometry": {
        "type": "Point",
        "coordinates": [
          17.0056809,
          51.0881812
        ]
      },
      "id": "node/1701711206"
    },
    {
      "type": "Feature",
      "properties": {
        "@id": "node/1701711242",
        "@relations": [
          {
            "role": "platform",
            "rel": 63490,
            "reltags": {
              "check_date": "2026-05-20",
              "from": "Krzyki",
              "interval:conditional": "12 @ (Mo-Fr 06:00-09:00,14:00-18:00); 15 @ (Mo-Fr 05:00-06:00,09:00-14:00,18:00-20:00); 20 @ (Mo-Fr 20:00-23:00,Sa-Su 05:00-23:00)",
              "name": "14: Krzyki → Osobowice",
              "network": "Wrocław",
              "opening_hours": "Mo-Su 05:00-23:00",
              "operator": "WTr UM Wrocław",
              "public_transport:version": "2",
              "ref": "14",
              "route": "tram",
              "source:interval": "https://mpk.wroc.pl/komunikat/701/2024-09-30-01092024r-zmiana-rozkladu-jazdy",
              "to": "Osobowice",
              "type": "route",
              "url": "https://www.wroclaw.pl/komunikacja/przystanek-krzyki-linia-14-kierunek-osobowice-slupek-11216",
              "wheelchair": "limited"
            }
          }
        ]
      },
      "geometry": {
        "type": "Point",
        "coordinates": [
          17.0124463,
          51.1021038
        ]
      },
      "id": "node/1701711242"
    },
    {
      "type": "Feature",
      "properties": {
        "@id": "node/1701711244",
        "@relations": [
          {
            "role": "platform",
            "rel": 2768579,
            "reltags": {
              "check_date": "2026-05-20",
              "from": "Osobowice",
              "interval:conditional": "12 @ (Mo-Fr 06:00-09:00,14:00-18:00); 15 @ (Mo-Fr 05:00-06:00,09:00-14:00,18:00-20:00); 20 @ (Mo-Fr 20:00-23:00,Sa-Su 05:00-23:00)",
              "name": "14: Osobowice → Krzyki",
              "network": "Wrocław",
              "opening_hours": "Mo-Su 05:00-23:00",
              "operator": "WTr UM Wrocław",
              "public_transport:version": "2",
              "ref": "14",
              "route": "tram",
              "source:interval": "https://mpk.wroc.pl/komunikat/701/2024-09-30-01092024r-zmiana-rozkladu-jazdy",
              "to": "Krzyki",
              "type": "route",
              "url": "https://www.wroclaw.pl/komunikacja/przystanek-osobowice-linia-14-kierunek-krzyki-slupek-23204",
              "wheelchair": "limited"
            }
          }
        ]
      },
      "geometry": {
        "type": "Point",
        "coordinates": [
          17.0136597,
          51.102426
        ]
      },
      "id": "node/1701711244"
    },
    {
      "type": "Feature",
      "properties": {
        "@id": "node/1701711284",
        "@relations": [
          {
            "role": "platform",
            "rel": 63490,
            "reltags": {
              "check_date": "2026-05-20",
              "from": "Krzyki",
              "interval:conditional": "12 @ (Mo-Fr 06:00-09:00,14:00-18:00); 15 @ (Mo-Fr 05:00-06:00,09:00-14:00,18:00-20:00); 20 @ (Mo-Fr 20:00-23:00,Sa-Su 05:00-23:00)",
              "name": "14: Krzyki → Osobowice",
              "network": "Wrocław",
              "opening_hours": "Mo-Su 05:00-23:00",
              "operator": "WTr UM Wrocław",
              "public_transport:version": "2",
              "ref": "14",
              "route": "tram",
              "source:interval": "https://mpk.wroc.pl/komunikat/701/2024-09-30-01092024r-zmiana-rozkladu-jazdy",
              "to": "Osobowice",
              "type": "route",
              "url": "https://www.wroclaw.pl/komunikacja/przystanek-krzyki-linia-14-kierunek-osobowice-slupek-11216",
              "wheelchair": "limited"
            }
          }
        ]
      },
      "geometry": {
        "type": "Point",
        "coordinates": [
          17.0117384,
          51.0859968
        ]
      },
      "id": "node/1701711284"
    },
    {
      "type": "Feature",
      "properties": {
        "@id": "node/1701711286",
        "@relations": [
          {
            "role": "platform",
            "rel": 2768579,
            "reltags": {
              "check_date": "2026-05-20",
              "from": "Osobowice",
              "interval:conditional": "12 @ (Mo-Fr 06:00-09:00,14:00-18:00); 15 @ (Mo-Fr 05:00-06:00,09:00-14:00,18:00-20:00); 20 @ (Mo-Fr 20:00-23:00,Sa-Su 05:00-23:00)",
              "name": "14: Osobowice → Krzyki",
              "network": "Wrocław",
              "opening_hours": "Mo-Su 05:00-23:00",
              "operator": "WTr UM Wrocław",
              "public_transport:version": "2",
              "ref": "14",
              "route": "tram",
              "source:interval": "https://mpk.wroc.pl/komunikat/701/2024-09-30-01092024r-zmiana-rozkladu-jazdy",
              "to": "Krzyki",
              "type": "route",
              "url": "https://www.wroclaw.pl/komunikacja/przystanek-osobowice-linia-14-kierunek-krzyki-slupek-23204",
              "wheelchair": "limited"
            }
          }
        ]
      },
      "geometry": {
        "type": "Point",
        "coordinates": [
          17.0115027,
          51.0865176
        ]
      },
      "id": "node/1701711286"
    },
    {
      "type": "Feature",
      "properties": {
        "@id": "node/1701711322",
        "@relations": [
          {
            "role": "platform",
            "rel": 2768579,
            "reltags": {
              "check_date": "2026-05-20",
              "from": "Osobowice",
              "interval:conditional": "12 @ (Mo-Fr 06:00-09:00,14:00-18:00); 15 @ (Mo-Fr 05:00-06:00,09:00-14:00,18:00-20:00); 20 @ (Mo-Fr 20:00-23:00,Sa-Su 05:00-23:00)",
              "name": "14: Osobowice → Krzyki",
              "network": "Wrocław",
              "opening_hours": "Mo-Su 05:00-23:00",
              "operator": "WTr UM Wrocław",
              "public_transport:version": "2",
              "ref": "14",
              "route": "tram",
              "source:interval": "https://mpk.wroc.pl/komunikat/701/2024-09-30-01092024r-zmiana-rozkladu-jazdy",
              "to": "Krzyki",
              "type": "route",
              "url": "https://www.wroclaw.pl/komunikacja/przystanek-osobowice-linia-14-kierunek-krzyki-slupek-23204",
              "wheelchair": "limited"
            }
          }
        ]
      },
      "geometry": {
        "type": "Point",
        "coordinates": [
          16.9856026,
          51.0960352
        ]
      },
      "id": "node/1701711322"
    },
    {
      "type": "Feature",
      "properties": {
        "@id": "node/1701711323",
        "@relations": [
          {
            "role": "platform",
            "rel": 63490,
            "reltags": {
              "check_date": "2026-05-20",
              "from": "Krzyki",
              "interval:conditional": "12 @ (Mo-Fr 06:00-09:00,14:00-18:00); 15 @ (Mo-Fr 05:00-06:00,09:00-14:00,18:00-20:00); 20 @ (Mo-Fr 20:00-23:00,Sa-Su 05:00-23:00)",
              "name": "14: Krzyki → Osobowice",
              "network": "Wrocław",
              "opening_hours": "Mo-Su 05:00-23:00",
              "operator": "WTr UM Wrocław",
              "public_transport:version": "2",
              "ref": "14",
              "route": "tram",
              "source:interval": "https://mpk.wroc.pl/komunikat/701/2024-09-30-01092024r-zmiana-rozkladu-jazdy",
              "to": "Osobowice",
              "type": "route",
              "url": "https://www.wroclaw.pl/komunikacja/przystanek-krzyki-linia-14-kierunek-osobowice-slupek-11216",
              "wheelchair": "limited"
            }
          }
        ]
      },
      "geometry": {
        "type": "Point",
        "coordinates": [
          16.9874108,
          51.0963316
        ]
      },
      "id": "node/1701711323"
    },
    {
      "type": "Feature",
      "properties": {
        "@id": "node/1701711556",
        "@relations": [
          {
            "role": "platform",
            "rel": 63490,
            "reltags": {
              "check_date": "2026-05-20",
              "from": "Krzyki",
              "interval:conditional": "12 @ (Mo-Fr 06:00-09:00,14:00-18:00); 15 @ (Mo-Fr 05:00-06:00,09:00-14:00,18:00-20:00); 20 @ (Mo-Fr 20:00-23:00,Sa-Su 05:00-23:00)",
              "name": "14: Krzyki → Osobowice",
              "network": "Wrocław",
              "opening_hours": "Mo-Su 05:00-23:00",
              "operator": "WTr UM Wrocław",
              "public_transport:version": "2",
              "ref": "14",
              "route": "tram",
              "source:interval": "https://mpk.wroc.pl/komunikat/701/2024-09-30-01092024r-zmiana-rozkladu-jazdy",
              "to": "Osobowice",
              "type": "route",
              "url": "https://www.wroclaw.pl/komunikacja/przystanek-krzyki-linia-14-kierunek-osobowice-slupek-11216",
              "wheelchair": "limited"
            }
          }
        ]
      },
      "geometry": {
        "type": "Point",
        "coordinates": [
          17.0102925,
          51.0836679
        ]
      },
      "id": "node/1701711556"
    },
    {
      "type": "Feature",
      "properties": {
        "@id": "node/1701711563",
        "@relations": [
          {
            "role": "platform",
            "rel": 2768579,
            "reltags": {
              "check_date": "2026-05-20",
              "from": "Osobowice",
              "interval:conditional": "12 @ (Mo-Fr 06:00-09:00,14:00-18:00); 15 @ (Mo-Fr 05:00-06:00,09:00-14:00,18:00-20:00); 20 @ (Mo-Fr 20:00-23:00,Sa-Su 05:00-23:00)",
              "name": "14: Osobowice → Krzyki",
              "network": "Wrocław",
              "opening_hours": "Mo-Su 05:00-23:00",
              "operator": "WTr UM Wrocław",
              "public_transport:version": "2",
              "ref": "14",
              "route": "tram",
              "source:interval": "https://mpk.wroc.pl/komunikat/701/2024-09-30-01092024r-zmiana-rozkladu-jazdy",
              "to": "Krzyki",
              "type": "route",
              "url": "https://www.wroclaw.pl/komunikacja/przystanek-osobowice-linia-14-kierunek-krzyki-slupek-23204",
              "wheelchair": "limited"
            }
          }
        ]
      },
      "geometry": {
        "type": "Point",
        "coordinates": [
          17.0104979,
          51.0842259
        ]
      },
      "id": "node/1701711563"
    },
    {
      "type": "Feature",
      "properties": {
        "@id": "node/1701713291",
        "@relations": [
          {
            "role": "platform",
            "rel": 63490,
            "reltags": {
              "check_date": "2026-05-20",
              "from": "Krzyki",
              "interval:conditional": "12 @ (Mo-Fr 06:00-09:00,14:00-18:00); 15 @ (Mo-Fr 05:00-06:00,09:00-14:00,18:00-20:00); 20 @ (Mo-Fr 20:00-23:00,Sa-Su 05:00-23:00)",
              "name": "14: Krzyki → Osobowice",
              "network": "Wrocław",
              "opening_hours": "Mo-Su 05:00-23:00",
              "operator": "WTr UM Wrocław",
              "public_transport:version": "2",
              "ref": "14",
              "route": "tram",
              "source:interval": "https://mpk.wroc.pl/komunikat/701/2024-09-30-01092024r-zmiana-rozkladu-jazdy",
              "to": "Osobowice",
              "type": "route",
              "url": "https://www.wroclaw.pl/komunikacja/przystanek-krzyki-linia-14-kierunek-osobowice-slupek-11216",
              "wheelchair": "limited"
            }
          }
        ]
      },
      "geometry": {
        "type": "Point",
        "coordinates": [
          17.0279112,
          51.1267341
        ]
      },
      "id": "node/1701713291"
    },
    {
      "type": "Feature",
      "properties": {
        "@id": "node/1701713325",
        "@relations": [
          {
            "role": "platform",
            "rel": 2768579,
            "reltags": {
              "check_date": "2026-05-20",
              "from": "Osobowice",
              "interval:conditional": "12 @ (Mo-Fr 06:00-09:00,14:00-18:00); 15 @ (Mo-Fr 05:00-06:00,09:00-14:00,18:00-20:00); 20 @ (Mo-Fr 20:00-23:00,Sa-Su 05:00-23:00)",
              "name": "14: Osobowice → Krzyki",
              "network": "Wrocław",
              "opening_hours": "Mo-Su 05:00-23:00",
              "operator": "WTr UM Wrocław",
              "public_transport:version": "2",
              "ref": "14",
              "route": "tram",
              "source:interval": "https://mpk.wroc.pl/komunikat/701/2024-09-30-01092024r-zmiana-rozkladu-jazdy",
              "to": "Krzyki",
              "type": "route",
              "url": "https://www.wroclaw.pl/komunikacja/przystanek-osobowice-linia-14-kierunek-krzyki-slupek-23204",
              "wheelchair": "limited"
            }
          }
        ]
      },
      "geometry": {
        "type": "Point",
        "coordinates": [
          17.0275869,
          51.127309
        ]
      },
      "id": "node/1701713325"
    },
    {
      "type": "Feature",
      "properties": {
        "@id": "node/1701714883",
        "@relations": [
          {
            "role": "platform",
            "rel": 2768579,
            "reltags": {
              "check_date": "2026-05-20",
              "from": "Osobowice",
              "interval:conditional": "12 @ (Mo-Fr 06:00-09:00,14:00-18:00); 15 @ (Mo-Fr 05:00-06:00,09:00-14:00,18:00-20:00); 20 @ (Mo-Fr 20:00-23:00,Sa-Su 05:00-23:00)",
              "name": "14: Osobowice → Krzyki",
              "network": "Wrocław",
              "opening_hours": "Mo-Su 05:00-23:00",
              "operator": "WTr UM Wrocław",
              "public_transport:version": "2",
              "ref": "14",
              "route": "tram",
              "source:interval": "https://mpk.wroc.pl/komunikat/701/2024-09-30-01092024r-zmiana-rozkladu-jazdy",
              "to": "Krzyki",
              "type": "route",
              "url": "https://www.wroclaw.pl/komunikacja/przystanek-osobowice-linia-14-kierunek-krzyki-slupek-23204",
              "wheelchair": "limited"
            }
          }
        ]
      },
      "geometry": {
        "type": "Point",
        "coordinates": [
          17.0006091,
          51.0895236
        ]
      },
      "id": "node/1701714883"
    },
    {
      "type": "Feature",
      "properties": {
        "@id": "node/1701714911",
        "@relations": [
          {
            "role": "platform",
            "rel": 63490,
            "reltags": {
              "check_date": "2026-05-20",
              "from": "Krzyki",
              "interval:conditional": "12 @ (Mo-Fr 06:00-09:00,14:00-18:00); 15 @ (Mo-Fr 05:00-06:00,09:00-14:00,18:00-20:00); 20 @ (Mo-Fr 20:00-23:00,Sa-Su 05:00-23:00)",
              "name": "14: Krzyki → Osobowice",
              "network": "Wrocław",
              "opening_hours": "Mo-Su 05:00-23:00",
              "operator": "WTr UM Wrocław",
              "public_transport:version": "2",
              "ref": "14",
              "route": "tram",
              "source:interval": "https://mpk.wroc.pl/komunikat/701/2024-09-30-01092024r-zmiana-rozkladu-jazdy",
              "to": "Osobowice",
              "type": "route",
              "url": "https://www.wroclaw.pl/komunikacja/przystanek-krzyki-linia-14-kierunek-osobowice-slupek-11216",
              "wheelchair": "limited"
            }
          }
        ]
      },
      "geometry": {
        "type": "Point",
        "coordinates": [
          17.0004352,
          51.0896308
        ]
      },
      "id": "node/1701714911"
    },
    {
      "type": "Feature",
      "properties": {
        "@id": "node/1701715113",
        "@relations": [
          {
            "role": "platform",
            "rel": 2768579,
            "reltags": {
              "check_date": "2026-05-20",
              "from": "Osobowice",
              "interval:conditional": "12 @ (Mo-Fr 06:00-09:00,14:00-18:00); 15 @ (Mo-Fr 05:00-06:00,09:00-14:00,18:00-20:00); 20 @ (Mo-Fr 20:00-23:00,Sa-Su 05:00-23:00)",
              "name": "14: Osobowice → Krzyki",
              "network": "Wrocław",
              "opening_hours": "Mo-Su 05:00-23:00",
              "operator": "WTr UM Wrocław",
              "public_transport:version": "2",
              "ref": "14",
              "route": "tram",
              "source:interval": "https://mpk.wroc.pl/komunikat/701/2024-09-30-01092024r-zmiana-rozkladu-jazdy",
              "to": "Krzyki",
              "type": "route",
              "url": "https://www.wroclaw.pl/komunikacja/przystanek-osobowice-linia-14-kierunek-krzyki-slupek-23204",
              "wheelchair": "limited"
            }
          }
        ]
      },
      "geometry": {
        "type": "Point",
        "coordinates": [
          16.9985842,
          51.1359039
        ]
      },
      "id": "node/1701715113"
    },
    {
      "type": "Feature",
      "properties": {
        "@id": "node/1701715125",
        "@relations": [
          {
            "role": "platform",
            "rel": 63490,
            "reltags": {
              "check_date": "2026-05-20",
              "from": "Krzyki",
              "interval:conditional": "12 @ (Mo-Fr 06:00-09:00,14:00-18:00); 15 @ (Mo-Fr 05:00-06:00,09:00-14:00,18:00-20:00); 20 @ (Mo-Fr 20:00-23:00,Sa-Su 05:00-23:00)",
              "name": "14: Krzyki → Osobowice",
              "network": "Wrocław",
              "opening_hours": "Mo-Su 05:00-23:00",
              "operator": "WTr UM Wrocław",
              "public_transport:version": "2",
              "ref": "14",
              "route": "tram",
              "source:interval": "https://mpk.wroc.pl/komunikat/701/2024-09-30-01092024r-zmiana-rozkladu-jazdy",
              "to": "Osobowice",
              "type": "route",
              "url": "https://www.wroclaw.pl/komunikacja/przystanek-krzyki-linia-14-kierunek-osobowice-slupek-11216",
              "wheelchair": "limited"
            }
          }
        ]
      },
      "geometry": {
        "type": "Point",
        "coordinates": [
          16.9983047,
          51.1360184
        ]
      },
      "id": "node/1701715125"
    },
    {
      "type": "Feature",
      "properties": {
        "@id": "node/1701716047",
        "@relations": [
          {
            "role": "platform_entry_only",
            "rel": 2768579,
            "reltags": {
              "check_date": "2026-05-20",
              "from": "Osobowice",
              "interval:conditional": "12 @ (Mo-Fr 06:00-09:00,14:00-18:00); 15 @ (Mo-Fr 05:00-06:00,09:00-14:00,18:00-20:00); 20 @ (Mo-Fr 20:00-23:00,Sa-Su 05:00-23:00)",
              "name": "14: Osobowice → Krzyki",
              "network": "Wrocław",
              "opening_hours": "Mo-Su 05:00-23:00",
              "operator": "WTr UM Wrocław",
              "public_transport:version": "2",
              "ref": "14",
              "route": "tram",
              "source:interval": "https://mpk.wroc.pl/komunikat/701/2024-09-30-01092024r-zmiana-rozkladu-jazdy",
              "to": "Krzyki",
              "type": "route",
              "url": "https://www.wroclaw.pl/komunikacja/przystanek-osobowice-linia-14-kierunek-krzyki-slupek-23204",
              "wheelchair": "limited"
            }
          }
        ]
      },
      "geometry": {
        "type": "Point",
        "coordinates": [
          16.9940852,
          51.137378
        ]
      },
      "id": "node/1701716047"
    },
    {
      "type": "Feature",
      "properties": {
        "@id": "node/1701716079",
        "@relations": [
          {
            "role": "platform",
            "rel": 2768579,
            "reltags": {
              "check_date": "2026-05-20",
              "from": "Osobowice",
              "interval:conditional": "12 @ (Mo-Fr 06:00-09:00,14:00-18:00); 15 @ (Mo-Fr 05:00-06:00,09:00-14:00,18:00-20:00); 20 @ (Mo-Fr 20:00-23:00,Sa-Su 05:00-23:00)",
              "name": "14: Osobowice → Krzyki",
              "network": "Wrocław",
              "opening_hours": "Mo-Su 05:00-23:00",
              "operator": "WTr UM Wrocław",
              "public_transport:version": "2",
              "ref": "14",
              "route": "tram",
              "source:interval": "https://mpk.wroc.pl/komunikat/701/2024-09-30-01092024r-zmiana-rozkladu-jazdy",
              "to": "Krzyki",
              "type": "route",
              "url": "https://www.wroclaw.pl/komunikacja/przystanek-osobowice-linia-14-kierunek-krzyki-slupek-23204",
              "wheelchair": "limited"
            }
          }
        ]
      },
      "geometry": {
        "type": "Point",
        "coordinates": [
          17.011232,
          51.1344938
        ]
      },
      "id": "node/1701716079"
    },
    {
      "type": "Feature",
      "properties": {
        "@id": "node/1701716101",
        "@relations": [
          {
            "role": "platform",
            "rel": 63490,
            "reltags": {
              "check_date": "2026-05-20",
              "from": "Krzyki",
              "interval:conditional": "12 @ (Mo-Fr 06:00-09:00,14:00-18:00); 15 @ (Mo-Fr 05:00-06:00,09:00-14:00,18:00-20:00); 20 @ (Mo-Fr 20:00-23:00,Sa-Su 05:00-23:00)",
              "name": "14: Krzyki → Osobowice",
              "network": "Wrocław",
              "opening_hours": "Mo-Su 05:00-23:00",
              "operator": "WTr UM Wrocław",
              "public_transport:version": "2",
              "ref": "14",
              "route": "tram",
              "source:interval": "https://mpk.wroc.pl/komunikat/701/2024-09-30-01092024r-zmiana-rozkladu-jazdy",
              "to": "Osobowice",
              "type": "route",
              "url": "https://www.wroclaw.pl/komunikacja/przystanek-krzyki-linia-14-kierunek-osobowice-slupek-11216",
              "wheelchair": "limited"
            }
          }
        ]
      },
      "geometry": {
        "type": "Point",
        "coordinates": [
          17.0112529,
          51.1345817
        ]
      },
      "id": "node/1701716101"
    },
    {
      "type": "Feature",
      "properties": {
        "@id": "node/1701716135",
        "@relations": [
          {
            "role": "platform",
            "rel": 2768579,
            "reltags": {
              "check_date": "2026-05-20",
              "from": "Osobowice",
              "interval:conditional": "12 @ (Mo-Fr 06:00-09:00,14:00-18:00); 15 @ (Mo-Fr 05:00-06:00,09:00-14:00,18:00-20:00); 20 @ (Mo-Fr 20:00-23:00,Sa-Su 05:00-23:00)",
              "name": "14: Osobowice → Krzyki",
              "network": "Wrocław",
              "opening_hours": "Mo-Su 05:00-23:00",
              "operator": "WTr UM Wrocław",
              "public_transport:version": "2",
              "ref": "14",
              "route": "tram",
              "source:interval": "https://mpk.wroc.pl/komunikat/701/2024-09-30-01092024r-zmiana-rozkladu-jazdy",
              "to": "Krzyki",
              "type": "route",
              "url": "https://www.wroclaw.pl/komunikacja/przystanek-osobowice-linia-14-kierunek-krzyki-slupek-23204",
              "wheelchair": "limited"
            }
          }
        ]
      },
      "geometry": {
        "type": "Point",
        "coordinates": [
          17.0057456,
          51.1350721
        ]
      },
      "id": "node/1701716135"
    },
    {
      "type": "Feature",
      "properties": {
        "@id": "node/1701716150",
        "@relations": [
          {
            "role": "platform",
            "rel": 63490,
            "reltags": {
              "check_date": "2026-05-20",
              "from": "Krzyki",
              "interval:conditional": "12 @ (Mo-Fr 06:00-09:00,14:00-18:00); 15 @ (Mo-Fr 05:00-06:00,09:00-14:00,18:00-20:00); 20 @ (Mo-Fr 20:00-23:00,Sa-Su 05:00-23:00)",
              "name": "14: Krzyki → Osobowice",
              "network": "Wrocław",
              "opening_hours": "Mo-Su 05:00-23:00",
              "operator": "WTr UM Wrocław",
              "public_transport:version": "2",
              "ref": "14",
              "route": "tram",
              "source:interval": "https://mpk.wroc.pl/komunikat/701/2024-09-30-01092024r-zmiana-rozkladu-jazdy",
              "to": "Osobowice",
              "type": "route",
              "url": "https://www.wroclaw.pl/komunikacja/przystanek-krzyki-linia-14-kierunek-osobowice-slupek-11216",
              "wheelchair": "limited"
            }
          }
        ]
      },
      "geometry": {
        "type": "Point",
        "coordinates": [
          17.0056368,
          51.1351741
        ]
      },
      "id": "node/1701716150"
    },
    {
      "type": "Feature",
      "properties": {
        "@id": "node/1701716284",
        "@relations": [
          {
            "role": "platform",
            "rel": 63490,
            "reltags": {
              "check_date": "2026-05-20",
              "from": "Krzyki",
              "interval:conditional": "12 @ (Mo-Fr 06:00-09:00,14:00-18:00); 15 @ (Mo-Fr 05:00-06:00,09:00-14:00,18:00-20:00); 20 @ (Mo-Fr 20:00-23:00,Sa-Su 05:00-23:00)",
              "name": "14: Krzyki → Osobowice",
              "network": "Wrocław",
              "opening_hours": "Mo-Su 05:00-23:00",
              "operator": "WTr UM Wrocław",
              "public_transport:version": "2",
              "ref": "14",
              "route": "tram",
              "source:interval": "https://mpk.wroc.pl/komunikat/701/2024-09-30-01092024r-zmiana-rozkladu-jazdy",
              "to": "Osobowice",
              "type": "route",
              "url": "https://www.wroclaw.pl/komunikacja/przystanek-krzyki-linia-14-kierunek-osobowice-slupek-11216",
              "wheelchair": "limited"
            }
          }
        ]
      },
      "geometry": {
        "type": "Point",
        "coordinates": [
          16.9933243,
          51.0903736
        ]
      },
      "id": "node/1701716284"
    },
    {
      "type": "Feature",
      "properties": {
        "@id": "node/1701716289",
        "@relations": [
          {
            "role": "platform",
            "rel": 2768579,
            "reltags": {
              "check_date": "2026-05-20",
              "from": "Osobowice",
              "interval:conditional": "12 @ (Mo-Fr 06:00-09:00,14:00-18:00); 15 @ (Mo-Fr 05:00-06:00,09:00-14:00,18:00-20:00); 20 @ (Mo-Fr 20:00-23:00,Sa-Su 05:00-23:00)",
              "name": "14: Osobowice → Krzyki",
              "network": "Wrocław",
              "opening_hours": "Mo-Su 05:00-23:00",
              "operator": "WTr UM Wrocław",
              "public_transport:version": "2",
              "ref": "14",
              "route": "tram",
              "source:interval": "https://mpk.wroc.pl/komunikat/701/2024-09-30-01092024r-zmiana-rozkladu-jazdy",
              "to": "Krzyki",
              "type": "route",
              "url": "https://www.wroclaw.pl/komunikacja/przystanek-osobowice-linia-14-kierunek-krzyki-slupek-23204",
              "wheelchair": "limited"
            }
          }
        ]
      },
      "geometry": {
        "type": "Point",
        "coordinates": [
          16.9924557,
          51.0904179
        ]
      },
      "id": "node/1701716289"
    },
    {
      "type": "Feature",
      "properties": {
        "@id": "node/1701716406",
        "@relations": [
          {
            "role": "platform",
            "rel": 2768579,
            "reltags": {
              "check_date": "2026-05-20",
              "from": "Osobowice",
              "interval:conditional": "12 @ (Mo-Fr 06:00-09:00,14:00-18:00); 15 @ (Mo-Fr 05:00-06:00,09:00-14:00,18:00-20:00); 20 @ (Mo-Fr 20:00-23:00,Sa-Su 05:00-23:00)",
              "name": "14: Osobowice → Krzyki",
              "network": "Wrocław",
              "opening_hours": "Mo-Su 05:00-23:00",
              "operator": "WTr UM Wrocław",
              "public_transport:version": "2",
              "ref": "14",
              "route": "tram",
              "source:interval": "https://mpk.wroc.pl/komunikat/701/2024-09-30-01092024r-zmiana-rozkladu-jazdy",
              "to": "Krzyki",
              "type": "route",
              "url": "https://www.wroclaw.pl/komunikacja/przystanek-osobowice-linia-14-kierunek-krzyki-slupek-23204",
              "wheelchair": "limited"
            }
          }
        ]
      },
      "geometry": {
        "type": "Point",
        "coordinates": [
          17.0080379,
          51.0801107
        ]
      },
      "id": "node/1701716406"
    },
    {
      "type": "Feature",
      "properties": {
        "@id": "node/1701716411",
        "@relations": [
          {
            "role": "platform",
            "rel": 63490,
            "reltags": {
              "check_date": "2026-05-20",
              "from": "Krzyki",
              "interval:conditional": "12 @ (Mo-Fr 06:00-09:00,14:00-18:00); 15 @ (Mo-Fr 05:00-06:00,09:00-14:00,18:00-20:00); 20 @ (Mo-Fr 20:00-23:00,Sa-Su 05:00-23:00)",
              "name": "14: Krzyki → Osobowice",
              "network": "Wrocław",
              "opening_hours": "Mo-Su 05:00-23:00",
              "operator": "WTr UM Wrocław",
              "public_transport:version": "2",
              "ref": "14",
              "route": "tram",
              "source:interval": "https://mpk.wroc.pl/komunikat/701/2024-09-30-01092024r-zmiana-rozkladu-jazdy",
              "to": "Osobowice",
              "type": "route",
              "url": "https://www.wroclaw.pl/komunikacja/przystanek-krzyki-linia-14-kierunek-osobowice-slupek-11216",
              "wheelchair": "limited"
            }
          }
        ]
      },
      "geometry": {
        "type": "Point",
        "coordinates": [
          17.0081924,
          51.0801498
        ]
      },
      "id": "node/1701716411"
    },
    {
      "type": "Feature",
      "properties": {
        "@id": "node/1701716992",
        "@relations": [
          {
            "role": "platform",
            "rel": 63490,
            "reltags": {
              "check_date": "2026-05-20",
              "from": "Krzyki",
              "interval:conditional": "12 @ (Mo-Fr 06:00-09:00,14:00-18:00); 15 @ (Mo-Fr 05:00-06:00,09:00-14:00,18:00-20:00); 20 @ (Mo-Fr 20:00-23:00,Sa-Su 05:00-23:00)",
              "name": "14: Krzyki → Osobowice",
              "network": "Wrocław",
              "opening_hours": "Mo-Su 05:00-23:00",
              "operator": "WTr UM Wrocław",
              "public_transport:version": "2",
              "ref": "14",
              "route": "tram",
              "source:interval": "https://mpk.wroc.pl/komunikat/701/2024-09-30-01092024r-zmiana-rozkladu-jazdy",
              "to": "Osobowice",
              "type": "route",
              "url": "https://www.wroclaw.pl/komunikacja/przystanek-krzyki-linia-14-kierunek-osobowice-slupek-11216",
              "wheelchair": "limited"
            }
          }
        ]
      },
      "geometry": {
        "type": "Point",
        "coordinates": [
          17.0307755,
          51.122081
        ]
      },
      "id": "node/1701716992"
    },
    {
      "type": "Feature",
      "properties": {
        "@id": "node/1701716997",
        "@relations": [
          {
            "role": "platform",
            "rel": 2768579,
            "reltags": {
              "check_date": "2026-05-20",
              "from": "Osobowice",
              "interval:conditional": "12 @ (Mo-Fr 06:00-09:00,14:00-18:00); 15 @ (Mo-Fr 05:00-06:00,09:00-14:00,18:00-20:00); 20 @ (Mo-Fr 20:00-23:00,Sa-Su 05:00-23:00)",
              "name": "14: Osobowice → Krzyki",
              "network": "Wrocław",
              "opening_hours": "Mo-Su 05:00-23:00",
              "operator": "WTr UM Wrocław",
              "public_transport:version": "2",
              "ref": "14",
              "route": "tram",
              "source:interval": "https://mpk.wroc.pl/komunikat/701/2024-09-30-01092024r-zmiana-rozkladu-jazdy",
              "to": "Krzyki",
              "type": "route",
              "url": "https://www.wroclaw.pl/komunikacja/przystanek-osobowice-linia-14-kierunek-krzyki-slupek-23204",
              "wheelchair": "limited"
            }
          }
        ]
      },
      "geometry": {
        "type": "Point",
        "coordinates": [
          17.0305836,
          51.1218395
        ]
      },
      "id": "node/1701716997"
    },
    {
      "type": "Feature",
      "properties": {
        "@id": "node/1701717525",
        "@relations": [
          {
            "role": "platform",
            "rel": 2768579,
            "reltags": {
              "check_date": "2026-05-20",
              "from": "Osobowice",
              "interval:conditional": "12 @ (Mo-Fr 06:00-09:00,14:00-18:00); 15 @ (Mo-Fr 05:00-06:00,09:00-14:00,18:00-20:00); 20 @ (Mo-Fr 20:00-23:00,Sa-Su 05:00-23:00)",
              "name": "14: Osobowice → Krzyki",
              "network": "Wrocław",
              "opening_hours": "Mo-Su 05:00-23:00",
              "operator": "WTr UM Wrocław",
              "public_transport:version": "2",
              "ref": "14",
              "route": "tram",
              "source:interval": "https://mpk.wroc.pl/komunikat/701/2024-09-30-01092024r-zmiana-rozkladu-jazdy",
              "to": "Krzyki",
              "type": "route",
              "url": "https://www.wroclaw.pl/komunikacja/przystanek-osobowice-linia-14-kierunek-krzyki-slupek-23204",
              "wheelchair": "limited"
            }
          }
        ]
      },
      "geometry": {
        "type": "Point",
        "coordinates": [
          17.0075585,
          51.1011081
        ]
      },
      "id": "node/1701717525"
    },
    {
      "type": "Feature",
      "properties": {
        "@id": "node/1701717526",
        "@relations": [
          {
            "role": "platform",
            "rel": 63490,
            "reltags": {
              "check_date": "2026-05-20",
              "from": "Krzyki",
              "interval:conditional": "12 @ (Mo-Fr 06:00-09:00,14:00-18:00); 15 @ (Mo-Fr 05:00-06:00,09:00-14:00,18:00-20:00); 20 @ (Mo-Fr 20:00-23:00,Sa-Su 05:00-23:00)",
              "name": "14: Krzyki → Osobowice",
              "network": "Wrocław",
              "opening_hours": "Mo-Su 05:00-23:00",
              "operator": "WTr UM Wrocław",
              "public_transport:version": "2",
              "ref": "14",
              "route": "tram",
              "source:interval": "https://mpk.wroc.pl/komunikat/701/2024-09-30-01092024r-zmiana-rozkladu-jazdy",
              "to": "Osobowice",
              "type": "route",
              "url": "https://www.wroclaw.pl/komunikacja/przystanek-krzyki-linia-14-kierunek-osobowice-slupek-11216",
              "wheelchair": "limited"
            }
          }
        ]
      },
      "geometry": {
        "type": "Point",
        "coordinates": [
          17.0079877,
          51.1011148
        ]
      },
      "id": "node/1701717526"
    },
    {
      "type": "Feature",
      "properties": {
        "@id": "node/1701717675",
        "@relations": [
          {
            "role": "platform",
            "rel": 63490,
            "reltags": {
              "check_date": "2026-05-20",
              "from": "Krzyki",
              "interval:conditional": "12 @ (Mo-Fr 06:00-09:00,14:00-18:00); 15 @ (Mo-Fr 05:00-06:00,09:00-14:00,18:00-20:00); 20 @ (Mo-Fr 20:00-23:00,Sa-Su 05:00-23:00)",
              "name": "14: Krzyki → Osobowice",
              "network": "Wrocław",
              "opening_hours": "Mo-Su 05:00-23:00",
              "operator": "WTr UM Wrocław",
              "public_transport:version": "2",
              "ref": "14",
              "route": "tram",
              "source:interval": "https://mpk.wroc.pl/komunikat/701/2024-09-30-01092024r-zmiana-rozkladu-jazdy",
              "to": "Osobowice",
              "type": "route",
              "url": "https://www.wroclaw.pl/komunikacja/przystanek-krzyki-linia-14-kierunek-osobowice-slupek-11216",
              "wheelchair": "limited"
            }
          }
        ]
      },
      "geometry": {
        "type": "Point",
        "coordinates": [
          17.0310065,
          51.1178972
        ]
      },
      "id": "node/1701717675"
    },
    {
      "type": "Feature",
      "properties": {
        "@id": "node/1701717711",
        "@relations": [
          {
            "role": "platform",
            "rel": 2768579,
            "reltags": {
              "check_date": "2026-05-20",
              "from": "Osobowice",
              "interval:conditional": "12 @ (Mo-Fr 06:00-09:00,14:00-18:00); 15 @ (Mo-Fr 05:00-06:00,09:00-14:00,18:00-20:00); 20 @ (Mo-Fr 20:00-23:00,Sa-Su 05:00-23:00)",
              "name": "14: Osobowice → Krzyki",
              "network": "Wrocław",
              "opening_hours": "Mo-Su 05:00-23:00",
              "operator": "WTr UM Wrocław",
              "public_transport:version": "2",
              "ref": "14",
              "route": "tram",
              "source:interval": "https://mpk.wroc.pl/komunikat/701/2024-09-30-01092024r-zmiana-rozkladu-jazdy",
              "to": "Krzyki",
              "type": "route",
              "url": "https://www.wroclaw.pl/komunikacja/przystanek-osobowice-linia-14-kierunek-krzyki-slupek-23204",
              "wheelchair": "limited"
            }
          }
        ]
      },
      "geometry": {
        "type": "Point",
        "coordinates": [
          17.0305648,
          51.1180624
        ]
      },
      "id": "node/1701717711"
    },
    {
      "type": "Feature",
      "properties": {
        "@id": "node/1701718415",
        "@relations": [
          {
            "role": "platform",
            "rel": 2768579,
            "reltags": {
              "check_date": "2026-05-20",
              "from": "Osobowice",
              "interval:conditional": "12 @ (Mo-Fr 06:00-09:00,14:00-18:00); 15 @ (Mo-Fr 05:00-06:00,09:00-14:00,18:00-20:00); 20 @ (Mo-Fr 20:00-23:00,Sa-Su 05:00-23:00)",
              "name": "14: Osobowice → Krzyki",
              "network": "Wrocław",
              "opening_hours": "Mo-Su 05:00-23:00",
              "operator": "WTr UM Wrocław",
              "public_transport:version": "2",
              "ref": "14",
              "route": "tram",
              "source:interval": "https://mpk.wroc.pl/komunikat/701/2024-09-30-01092024r-zmiana-rozkladu-jazdy",
              "to": "Krzyki",
              "type": "route",
              "url": "https://www.wroclaw.pl/komunikacja/przystanek-osobowice-linia-14-kierunek-krzyki-slupek-23204",
              "wheelchair": "limited"
            }
          }
        ]
      },
      "geometry": {
        "type": "Point",
        "coordinates": [
          17.0198903,
          51.1336579
        ]
      },
      "id": "node/1701718415"
    },
    {
      "type": "Feature",
      "properties": {
        "@id": "node/1701718446",
        "@relations": [
          {
            "role": "platform",
            "rel": 63490,
            "reltags": {
              "check_date": "2026-05-20",
              "from": "Krzyki",
              "interval:conditional": "12 @ (Mo-Fr 06:00-09:00,14:00-18:00); 15 @ (Mo-Fr 05:00-06:00,09:00-14:00,18:00-20:00); 20 @ (Mo-Fr 20:00-23:00,Sa-Su 05:00-23:00)",
              "name": "14: Krzyki → Osobowice",
              "network": "Wrocław",
              "opening_hours": "Mo-Su 05:00-23:00",
              "operator": "WTr UM Wrocław",
              "public_transport:version": "2",
              "ref": "14",
              "route": "tram",
              "source:interval": "https://mpk.wroc.pl/komunikat/701/2024-09-30-01092024r-zmiana-rozkladu-jazdy",
              "to": "Osobowice",
              "type": "route",
              "url": "https://www.wroclaw.pl/komunikacja/przystanek-krzyki-linia-14-kierunek-osobowice-slupek-11216",
              "wheelchair": "limited"
            }
          }
        ]
      },
      "geometry": {
        "type": "Point",
        "coordinates": [
          17.0194422,
          51.1337943
        ]
      },
      "id": "node/1701718446"
    },
    {
      "type": "Feature",
      "properties": {
        "@id": "node/1701719281",
        "@relations": [
          {
            "role": "platform",
            "rel": 2768579,
            "reltags": {
              "check_date": "2026-05-20",
              "from": "Osobowice",
              "interval:conditional": "12 @ (Mo-Fr 06:00-09:00,14:00-18:00); 15 @ (Mo-Fr 05:00-06:00,09:00-14:00,18:00-20:00); 20 @ (Mo-Fr 20:00-23:00,Sa-Su 05:00-23:00)",
              "name": "14: Osobowice → Krzyki",
              "network": "Wrocław",
              "opening_hours": "Mo-Su 05:00-23:00",
              "operator": "WTr UM Wrocław",
              "public_transport:version": "2",
              "ref": "14",
              "route": "tram",
              "source:interval": "https://mpk.wroc.pl/komunikat/701/2024-09-30-01092024r-zmiana-rozkladu-jazdy",
              "to": "Krzyki",
              "type": "route",
              "url": "https://www.wroclaw.pl/komunikacja/przystanek-osobowice-linia-14-kierunek-krzyki-slupek-23204",
              "wheelchair": "limited"
            }
          }
        ]
      },
      "geometry": {
        "type": "Point",
        "coordinates": [
          17.0004405,
          51.0994699
        ]
      },
      "id": "node/1701719281"
    },
    {
      "type": "Feature",
      "properties": {
        "@id": "node/1701719317",
        "@relations": [
          {
            "role": "platform",
            "rel": 63490,
            "reltags": {
              "check_date": "2026-05-20",
              "from": "Krzyki",
              "interval:conditional": "12 @ (Mo-Fr 06:00-09:00,14:00-18:00); 15 @ (Mo-Fr 05:00-06:00,09:00-14:00,18:00-20:00); 20 @ (Mo-Fr 20:00-23:00,Sa-Su 05:00-23:00)",
              "name": "14: Krzyki → Osobowice",
              "network": "Wrocław",
              "opening_hours": "Mo-Su 05:00-23:00",
              "operator": "WTr UM Wrocław",
              "public_transport:version": "2",
              "ref": "14",
              "route": "tram",
              "source:interval": "https://mpk.wroc.pl/komunikat/701/2024-09-30-01092024r-zmiana-rozkladu-jazdy",
              "to": "Osobowice",
              "type": "route",
              "url": "https://www.wroclaw.pl/komunikacja/przystanek-krzyki-linia-14-kierunek-osobowice-slupek-11216",
              "wheelchair": "limited"
            }
          }
        ]
      },
      "geometry": {
        "type": "Point",
        "coordinates": [
          17.0016603,
          51.0996705
        ]
      },
      "id": "node/1701719317"
    },
    {
      "type": "Feature",
      "properties": {
        "@id": "node/1701723405",
        "@relations": [
          {
            "role": "platform",
            "rel": 2768579,
            "reltags": {
              "check_date": "2026-05-20",
              "from": "Osobowice",
              "interval:conditional": "12 @ (Mo-Fr 06:00-09:00,14:00-18:00); 15 @ (Mo-Fr 05:00-06:00,09:00-14:00,18:00-20:00); 20 @ (Mo-Fr 20:00-23:00,Sa-Su 05:00-23:00)",
              "name": "14: Osobowice → Krzyki",
              "network": "Wrocław",
              "opening_hours": "Mo-Su 05:00-23:00",
              "operator": "WTr UM Wrocław",
              "public_transport:version": "2",
              "ref": "14",
              "route": "tram",
              "source:interval": "https://mpk.wroc.pl/komunikat/701/2024-09-30-01092024r-zmiana-rozkladu-jazdy",
              "to": "Krzyki",
              "type": "route",
              "url": "https://www.wroclaw.pl/komunikacja/przystanek-osobowice-linia-14-kierunek-krzyki-slupek-23204",
              "wheelchair": "limited"
            }
          }
        ]
      },
      "geometry": {
        "type": "Point",
        "coordinates": [
          17.0275618,
          51.1330547
        ]
      },
      "id": "node/1701723405"
    },
    {
      "type": "Feature",
      "properties": {
        "@id": "node/1701723414",
        "@relations": [
          {
            "role": "platform",
            "rel": 63490,
            "reltags": {
              "check_date": "2026-05-20",
              "from": "Krzyki",
              "interval:conditional": "12 @ (Mo-Fr 06:00-09:00,14:00-18:00); 15 @ (Mo-Fr 05:00-06:00,09:00-14:00,18:00-20:00); 20 @ (Mo-Fr 20:00-23:00,Sa-Su 05:00-23:00)",
              "name": "14: Krzyki → Osobowice",
              "network": "Wrocław",
              "opening_hours": "Mo-Su 05:00-23:00",
              "operator": "WTr UM Wrocław",
              "public_transport:version": "2",
              "ref": "14",
              "route": "tram",
              "source:interval": "https://mpk.wroc.pl/komunikat/701/2024-09-30-01092024r-zmiana-rozkladu-jazdy",
              "to": "Osobowice",
              "type": "route",
              "url": "https://www.wroclaw.pl/komunikacja/przystanek-krzyki-linia-14-kierunek-osobowice-slupek-11216",
              "wheelchair": "limited"
            }
          }
        ]
      },
      "geometry": {
        "type": "Point",
        "coordinates": [
          17.0263487,
          51.1331623
        ]
      },
      "id": "node/1701723414"
    },
    {
      "type": "Feature",
      "properties": {
        "@id": "node/1701723475",
        "@relations": [
          {
            "role": "platform",
            "rel": 63490,
            "reltags": {
              "check_date": "2026-05-20",
              "from": "Krzyki",
              "interval:conditional": "12 @ (Mo-Fr 06:00-09:00,14:00-18:00); 15 @ (Mo-Fr 05:00-06:00,09:00-14:00,18:00-20:00); 20 @ (Mo-Fr 20:00-23:00,Sa-Su 05:00-23:00)",
              "name": "14: Krzyki → Osobowice",
              "network": "Wrocław",
              "opening_hours": "Mo-Su 05:00-23:00",
              "operator": "WTr UM Wrocław",
              "public_transport:version": "2",
              "ref": "14",
              "route": "tram",
              "source:interval": "https://mpk.wroc.pl/komunikat/701/2024-09-30-01092024r-zmiana-rozkladu-jazdy",
              "to": "Osobowice",
              "type": "route",
              "url": "https://www.wroclaw.pl/komunikacja/przystanek-krzyki-linia-14-kierunek-osobowice-slupek-11216",
              "wheelchair": "limited"
            }
          }
        ]
      },
      "geometry": {
        "type": "Point",
        "coordinates": [
          17.0216154,
          51.1043557
        ]
      },
      "id": "node/1701723475"
    },
    {
      "type": "Feature",
      "properties": {
        "@id": "node/1701723477",
        "@relations": [
          {
            "role": "platform",
            "rel": 2768579,
            "reltags": {
              "check_date": "2026-05-20",
              "from": "Osobowice",
              "interval:conditional": "12 @ (Mo-Fr 06:00-09:00,14:00-18:00); 15 @ (Mo-Fr 05:00-06:00,09:00-14:00,18:00-20:00); 20 @ (Mo-Fr 20:00-23:00,Sa-Su 05:00-23:00)",
              "name": "14: Osobowice → Krzyki",
              "network": "Wrocław",
              "opening_hours": "Mo-Su 05:00-23:00",
              "operator": "WTr UM Wrocław",
              "public_transport:version": "2",
              "ref": "14",
              "route": "tram",
              "source:interval": "https://mpk.wroc.pl/komunikat/701/2024-09-30-01092024r-zmiana-rozkladu-jazdy",
              "to": "Krzyki",
              "type": "route",
              "url": "https://www.wroclaw.pl/komunikacja/przystanek-osobowice-linia-14-kierunek-krzyki-slupek-23204",
              "wheelchair": "limited"
            }
          }
        ]
      },
      "geometry": {
        "type": "Point",
        "coordinates": [
          17.0217335,
          51.1048596
        ]
      },
      "id": "node/1701723477"
    },
    {
      "type": "Feature",
      "properties": {
        "@id": "node/1701723492",
        "@relations": [
          {
            "role": "platform",
            "rel": 2768579,
            "reltags": {
              "check_date": "2026-05-20",
              "from": "Osobowice",
              "interval:conditional": "12 @ (Mo-Fr 06:00-09:00,14:00-18:00); 15 @ (Mo-Fr 05:00-06:00,09:00-14:00,18:00-20:00); 20 @ (Mo-Fr 20:00-23:00,Sa-Su 05:00-23:00)",
              "name": "14: Osobowice → Krzyki",
              "network": "Wrocław",
              "opening_hours": "Mo-Su 05:00-23:00",
              "operator": "WTr UM Wrocław",
              "public_transport:version": "2",
              "ref": "14",
              "route": "tram",
              "source:interval": "https://mpk.wroc.pl/komunikat/701/2024-09-30-01092024r-zmiana-rozkladu-jazdy",
              "to": "Krzyki",
              "type": "route",
              "url": "https://www.wroclaw.pl/komunikacja/przystanek-osobowice-linia-14-kierunek-krzyki-slupek-23204",
              "wheelchair": "limited"
            }
          }
        ]
      },
      "geometry": {
        "type": "Point",
        "coordinates": [
          17.0214506,
          51.1070283
        ]
      },
      "id": "node/1701723492"
    },
    {
      "type": "Feature",
      "properties": {
        "@id": "node/1701723493",
        "@relations": [
          {
            "role": "platform",
            "rel": 63490,
            "reltags": {
              "check_date": "2026-05-20",
              "from": "Krzyki",
              "interval:conditional": "12 @ (Mo-Fr 06:00-09:00,14:00-18:00); 15 @ (Mo-Fr 05:00-06:00,09:00-14:00,18:00-20:00); 20 @ (Mo-Fr 20:00-23:00,Sa-Su 05:00-23:00)",
              "name": "14: Krzyki → Osobowice",
              "network": "Wrocław",
              "opening_hours": "Mo-Su 05:00-23:00",
              "operator": "WTr UM Wrocław",
              "public_transport:version": "2",
              "ref": "14",
              "route": "tram",
              "source:interval": "https://mpk.wroc.pl/komunikat/701/2024-09-30-01092024r-zmiana-rozkladu-jazdy",
              "to": "Osobowice",
              "type": "route",
              "url": "https://www.wroclaw.pl/komunikacja/przystanek-krzyki-linia-14-kierunek-osobowice-slupek-11216",
              "wheelchair": "limited"
            }
          }
        ]
      },
      "geometry": {
        "type": "Point",
        "coordinates": [
          17.0215929,
          51.107324
        ]
      },
      "id": "node/1701723493"
    },
    {
      "type": "Feature",
      "properties": {
        "@id": "node/1702312004",
        "@relations": [
          {
            "role": "platform_exit_only",
            "rel": 63490,
            "reltags": {
              "check_date": "2026-05-20",
              "from": "Krzyki",
              "interval:conditional": "12 @ (Mo-Fr 06:00-09:00,14:00-18:00); 15 @ (Mo-Fr 05:00-06:00,09:00-14:00,18:00-20:00); 20 @ (Mo-Fr 20:00-23:00,Sa-Su 05:00-23:00)",
              "name": "14: Krzyki → Osobowice",
              "network": "Wrocław",
              "opening_hours": "Mo-Su 05:00-23:00",
              "operator": "WTr UM Wrocław",
              "public_transport:version": "2",
              "ref": "14",
              "route": "tram",
              "source:interval": "https://mpk.wroc.pl/komunikat/701/2024-09-30-01092024r-zmiana-rozkladu-jazdy",
              "to": "Osobowice",
              "type": "route",
              "url": "https://www.wroclaw.pl/komunikacja/przystanek-krzyki-linia-14-kierunek-osobowice-slupek-11216",
              "wheelchair": "limited"
            }
          }
        ]
      },
      "geometry": {
        "type": "Point",
        "coordinates": [
          16.9946487,
          51.137424
        ]
      },
      "id": "node/1702312004"
    },
    {
      "type": "Feature",
      "properties": {
        "@id": "node/1846458982",
        "@relations": [
          {
            "role": "stop",
            "rel": 63490,
            "reltags": {
              "check_date": "2026-05-20",
              "from": "Krzyki",
              "interval:conditional": "12 @ (Mo-Fr 06:00-09:00,14:00-18:00); 15 @ (Mo-Fr 05:00-06:00,09:00-14:00,18:00-20:00); 20 @ (Mo-Fr 20:00-23:00,Sa-Su 05:00-23:00)",
              "name": "14: Krzyki → Osobowice",
              "network": "Wrocław",
              "opening_hours": "Mo-Su 05:00-23:00",
              "operator": "WTr UM Wrocław",
              "public_transport:version": "2",
              "ref": "14",
              "route": "tram",
              "source:interval": "https://mpk.wroc.pl/komunikat/701/2024-09-30-01092024r-zmiana-rozkladu-jazdy",
              "to": "Osobowice",
              "type": "route",
              "url": "https://www.wroclaw.pl/komunikacja/przystanek-krzyki-linia-14-kierunek-osobowice-slupek-11216",
              "wheelchair": "limited"
            }
          }
        ]
      },
      "geometry": {
        "type": "Point",
        "coordinates": [
          17.0066579,
          51.0879686
        ]
      },
      "id": "node/1846458982"
    },
    {
      "type": "Feature",
      "properties": {
        "@id": "node/1889542027",
        "@relations": [
          {
            "role": "stop",
            "rel": 2768579,
            "reltags": {
              "check_date": "2026-05-20",
              "from": "Osobowice",
              "interval:conditional": "12 @ (Mo-Fr 06:00-09:00,14:00-18:00); 15 @ (Mo-Fr 05:00-06:00,09:00-14:00,18:00-20:00); 20 @ (Mo-Fr 20:00-23:00,Sa-Su 05:00-23:00)",
              "name": "14: Osobowice → Krzyki",
              "network": "Wrocław",
              "opening_hours": "Mo-Su 05:00-23:00",
              "operator": "WTr UM Wrocław",
              "public_transport:version": "2",
              "ref": "14",
              "route": "tram",
              "source:interval": "https://mpk.wroc.pl/komunikat/701/2024-09-30-01092024r-zmiana-rozkladu-jazdy",
              "to": "Krzyki",
              "type": "route",
              "url": "https://www.wroclaw.pl/komunikacja/przystanek-osobowice-linia-14-kierunek-krzyki-slupek-23204",
              "wheelchair": "limited"
            }
          }
        ]
      },
      "geometry": {
        "type": "Point",
        "coordinates": [
          17.0306391,
          51.122042
        ]
      },
      "id": "node/1889542027"
    },
    {
      "type": "Feature",
      "properties": {
        "@id": "node/1889542029",
        "@relations": [
          {
            "role": "stop",
            "rel": 63490,
            "reltags": {
              "check_date": "2026-05-20",
              "from": "Krzyki",
              "interval:conditional": "12 @ (Mo-Fr 06:00-09:00,14:00-18:00); 15 @ (Mo-Fr 05:00-06:00,09:00-14:00,18:00-20:00); 20 @ (Mo-Fr 20:00-23:00,Sa-Su 05:00-23:00)",
              "name": "14: Krzyki → Osobowice",
              "network": "Wrocław",
              "opening_hours": "Mo-Su 05:00-23:00",
              "operator": "WTr UM Wrocław",
              "public_transport:version": "2",
              "ref": "14",
              "route": "tram",
              "source:interval": "https://mpk.wroc.pl/komunikat/701/2024-09-30-01092024r-zmiana-rozkladu-jazdy",
              "to": "Osobowice",
              "type": "route",
              "url": "https://www.wroclaw.pl/komunikacja/przystanek-krzyki-linia-14-kierunek-osobowice-slupek-11216",
              "wheelchair": "limited"
            }
          }
        ]
      },
      "geometry": {
        "type": "Point",
        "coordinates": [
          17.0306586,
          51.1221407
        ]
      },
      "id": "node/1889542029"
    },
    {
      "type": "Feature",
      "properties": {
        "@id": "node/1889542176",
        "@relations": [
          {
            "role": "stop",
            "rel": 63490,
            "reltags": {
              "check_date": "2026-05-20",
              "from": "Krzyki",
              "interval:conditional": "12 @ (Mo-Fr 06:00-09:00,14:00-18:00); 15 @ (Mo-Fr 05:00-06:00,09:00-14:00,18:00-20:00); 20 @ (Mo-Fr 20:00-23:00,Sa-Su 05:00-23:00)",
              "name": "14: Krzyki → Osobowice",
              "network": "Wrocław",
              "opening_hours": "Mo-Su 05:00-23:00",
              "operator": "WTr UM Wrocław",
              "public_transport:version": "2",
              "ref": "14",
              "route": "tram",
              "source:interval": "https://mpk.wroc.pl/komunikat/701/2024-09-30-01092024r-zmiana-rozkladu-jazdy",
              "to": "Osobowice",
              "type": "route",
              "url": "https://www.wroclaw.pl/komunikacja/przystanek-krzyki-linia-14-kierunek-osobowice-slupek-11216",
              "wheelchair": "limited"
            }
          }
        ]
      },
      "geometry": {
        "type": "Point",
        "coordinates": [
          17.0278057,
          51.126744
        ]
      },
      "id": "node/1889542176"
    },
    {
      "type": "Feature",
      "properties": {
        "@id": "node/1895867916",
        "@relations": [
          {
            "role": "stop",
            "rel": 63490,
            "reltags": {
              "check_date": "2026-05-20",
              "from": "Krzyki",
              "interval:conditional": "12 @ (Mo-Fr 06:00-09:00,14:00-18:00); 15 @ (Mo-Fr 05:00-06:00,09:00-14:00,18:00-20:00); 20 @ (Mo-Fr 20:00-23:00,Sa-Su 05:00-23:00)",
              "name": "14: Krzyki → Osobowice",
              "network": "Wrocław",
              "opening_hours": "Mo-Su 05:00-23:00",
              "operator": "WTr UM Wrocław",
              "public_transport:version": "2",
              "ref": "14",
              "route": "tram",
              "source:interval": "https://mpk.wroc.pl/komunikat/701/2024-09-30-01092024r-zmiana-rozkladu-jazdy",
              "to": "Osobowice",
              "type": "route",
              "url": "https://www.wroclaw.pl/komunikacja/przystanek-krzyki-linia-14-kierunek-osobowice-slupek-11216",
              "wheelchair": "limited"
            }
          }
        ]
      },
      "geometry": {
        "type": "Point",
        "coordinates": [
          16.9931056,
          51.0977699
        ]
      },
      "id": "node/1895867916"
    },
    {
      "type": "Feature",
      "properties": {
        "@id": "node/1895868102",
        "@relations": [
          {
            "role": "stop",
            "rel": 63490,
            "reltags": {
              "check_date": "2026-05-20",
              "from": "Krzyki",
              "interval:conditional": "12 @ (Mo-Fr 06:00-09:00,14:00-18:00); 15 @ (Mo-Fr 05:00-06:00,09:00-14:00,18:00-20:00); 20 @ (Mo-Fr 20:00-23:00,Sa-Su 05:00-23:00)",
              "name": "14: Krzyki → Osobowice",
              "network": "Wrocław",
              "opening_hours": "Mo-Su 05:00-23:00",
              "operator": "WTr UM Wrocław",
              "public_transport:version": "2",
              "ref": "14",
              "route": "tram",
              "source:interval": "https://mpk.wroc.pl/komunikat/701/2024-09-30-01092024r-zmiana-rozkladu-jazdy",
              "to": "Osobowice",
              "type": "route",
              "url": "https://www.wroclaw.pl/komunikacja/przystanek-krzyki-linia-14-kierunek-osobowice-slupek-11216",
              "wheelchair": "limited"
            }
          }
        ]
      },
      "geometry": {
        "type": "Point",
        "coordinates": [
          17.0257761,
          51.1171873
        ]
      },
      "id": "node/1895868102"
    },
    {
      "type": "Feature",
      "properties": {
        "@id": "node/1895868565",
        "@relations": [
          {
            "role": "stop",
            "rel": 63490,
            "reltags": {
              "check_date": "2026-05-20",
              "from": "Krzyki",
              "interval:conditional": "12 @ (Mo-Fr 06:00-09:00,14:00-18:00); 15 @ (Mo-Fr 05:00-06:00,09:00-14:00,18:00-20:00); 20 @ (Mo-Fr 20:00-23:00,Sa-Su 05:00-23:00)",
              "name": "14: Krzyki → Osobowice",
              "network": "Wrocław",
              "opening_hours": "Mo-Su 05:00-23:00",
              "operator": "WTr UM Wrocław",
              "public_transport:version": "2",
              "ref": "14",
              "route": "tram",
              "source:interval": "https://mpk.wroc.pl/komunikat/701/2024-09-30-01092024r-zmiana-rozkladu-jazdy",
              "to": "Osobowice",
              "type": "route",
              "url": "https://www.wroclaw.pl/komunikacja/przystanek-krzyki-linia-14-kierunek-osobowice-slupek-11216",
              "wheelchair": "limited"
            }
          }
        ]
      },
      "geometry": {
        "type": "Point",
        "coordinates": [
          16.9802939,
          51.094228
        ]
      },
      "id": "node/1895868565"
    },
    {
      "type": "Feature",
      "properties": {
        "@id": "node/1895868573",
        "@relations": [
          {
            "role": "stop",
            "rel": 2768579,
            "reltags": {
              "check_date": "2026-05-20",
              "from": "Osobowice",
              "interval:conditional": "12 @ (Mo-Fr 06:00-09:00,14:00-18:00); 15 @ (Mo-Fr 05:00-06:00,09:00-14:00,18:00-20:00); 20 @ (Mo-Fr 20:00-23:00,Sa-Su 05:00-23:00)",
              "name": "14: Osobowice → Krzyki",
              "network": "Wrocław",
              "opening_hours": "Mo-Su 05:00-23:00",
              "operator": "WTr UM Wrocław",
              "public_transport:version": "2",
              "ref": "14",
              "route": "tram",
              "source:interval": "https://mpk.wroc.pl/komunikat/701/2024-09-30-01092024r-zmiana-rozkladu-jazdy",
              "to": "Krzyki",
              "type": "route",
              "url": "https://www.wroclaw.pl/komunikacja/przystanek-osobowice-linia-14-kierunek-krzyki-slupek-23204",
              "wheelchair": "limited"
            }
          }
        ]
      },
      "geometry": {
        "type": "Point",
        "coordinates": [
          16.9806262,
          51.0947109
        ]
      },
      "id": "node/1895868573"
    },
    {
      "type": "Feature",
      "properties": {
        "@id": "node/1895868886",
        "@relations": [
          {
            "role": "stop",
            "rel": 63490,
            "reltags": {
              "check_date": "2026-05-20",
              "from": "Krzyki",
              "interval:conditional": "12 @ (Mo-Fr 06:00-09:00,14:00-18:00); 15 @ (Mo-Fr 05:00-06:00,09:00-14:00,18:00-20:00); 20 @ (Mo-Fr 20:00-23:00,Sa-Su 05:00-23:00)",
              "name": "14: Krzyki → Osobowice",
              "network": "Wrocław",
              "opening_hours": "Mo-Su 05:00-23:00",
              "operator": "WTr UM Wrocław",
              "public_transport:version": "2",
              "ref": "14",
              "route": "tram",
              "source:interval": "https://mpk.wroc.pl/komunikat/701/2024-09-30-01092024r-zmiana-rozkladu-jazdy",
              "to": "Osobowice",
              "type": "route",
              "url": "https://www.wroclaw.pl/komunikacja/przystanek-krzyki-linia-14-kierunek-osobowice-slupek-11216",
              "wheelchair": "limited"
            }
          }
        ]
      },
      "geometry": {
        "type": "Point",
        "coordinates": [
          17.0117366,
          51.0860458
        ]
      },
      "id": "node/1895868886"
    },
    {
      "type": "Feature",
      "properties": {
        "@id": "node/1895869565",
        "@relations": [
          {
            "role": "stop_entry_only",
            "rel": 63490,
            "reltags": {
              "check_date": "2026-05-20",
              "from": "Krzyki",
              "interval:conditional": "12 @ (Mo-Fr 06:00-09:00,14:00-18:00); 15 @ (Mo-Fr 05:00-06:00,09:00-14:00,18:00-20:00); 20 @ (Mo-Fr 20:00-23:00,Sa-Su 05:00-23:00)",
              "name": "14: Krzyki → Osobowice",
              "network": "Wrocław",
              "opening_hours": "Mo-Su 05:00-23:00",
              "operator": "WTr UM Wrocław",
              "public_transport:version": "2",
              "ref": "14",
              "route": "tram",
              "source:interval": "https://mpk.wroc.pl/komunikat/701/2024-09-30-01092024r-zmiana-rozkladu-jazdy",
              "to": "Osobowice",
              "type": "route",
              "url": "https://www.wroclaw.pl/komunikacja/przystanek-krzyki-linia-14-kierunek-osobowice-slupek-11216",
              "wheelchair": "limited"
            }
          }
        ]
      },
      "geometry": {
        "type": "Point",
        "coordinates": [
          17.0072015,
          51.0749068
        ]
      },
      "id": "node/1895869565"
    },
    {
      "type": "Feature",
      "properties": {
        "@id": "node/1895870484",
        "@relations": [
          {
            "role": "stop",
            "rel": 63490,
            "reltags": {
              "check_date": "2026-05-20",
              "from": "Krzyki",
              "interval:conditional": "12 @ (Mo-Fr 06:00-09:00,14:00-18:00); 15 @ (Mo-Fr 05:00-06:00,09:00-14:00,18:00-20:00); 20 @ (Mo-Fr 20:00-23:00,Sa-Su 05:00-23:00)",
              "name": "14: Krzyki → Osobowice",
              "network": "Wrocław",
              "opening_hours": "Mo-Su 05:00-23:00",
              "operator": "WTr UM Wrocław",
              "public_transport:version": "2",
              "ref": "14",
              "route": "tram",
              "source:interval": "https://mpk.wroc.pl/komunikat/701/2024-09-30-01092024r-zmiana-rozkladu-jazdy",
              "to": "Osobowice",
              "type": "route",
              "url": "https://www.wroclaw.pl/komunikacja/przystanek-krzyki-linia-14-kierunek-osobowice-slupek-11216",
              "wheelchair": "limited"
            }
          }
        ]
      },
      "geometry": {
        "type": "Point",
        "coordinates": [
          17.0002813,
          51.0896281
        ]
      },
      "id": "node/1895870484"
    },
    {
      "type": "Feature",
      "properties": {
        "@id": "node/1895870624",
        "@relations": [
          {
            "role": "stop",
            "rel": 2768579,
            "reltags": {
              "check_date": "2026-05-20",
              "from": "Osobowice",
              "interval:conditional": "12 @ (Mo-Fr 06:00-09:00,14:00-18:00); 15 @ (Mo-Fr 05:00-06:00,09:00-14:00,18:00-20:00); 20 @ (Mo-Fr 20:00-23:00,Sa-Su 05:00-23:00)",
              "name": "14: Osobowice → Krzyki",
              "network": "Wrocław",
              "opening_hours": "Mo-Su 05:00-23:00",
              "operator": "WTr UM Wrocław",
              "public_transport:version": "2",
              "ref": "14",
              "route": "tram",
              "source:interval": "https://mpk.wroc.pl/komunikat/701/2024-09-30-01092024r-zmiana-rozkladu-jazdy",
              "to": "Krzyki",
              "type": "route",
              "url": "https://www.wroclaw.pl/komunikacja/przystanek-osobowice-linia-14-kierunek-krzyki-slupek-23204",
              "wheelchair": "limited"
            }
          }
        ]
      },
      "geometry": {
        "type": "Point",
        "coordinates": [
          16.9986119,
          51.1359277
        ]
      },
      "id": "node/1895870624"
    },
    {
      "type": "Feature",
      "properties": {
        "@id": "node/1895870625",
        "@relations": [
          {
            "role": "stop",
            "rel": 63490,
            "reltags": {
              "check_date": "2026-05-20",
              "from": "Krzyki",
              "interval:conditional": "12 @ (Mo-Fr 06:00-09:00,14:00-18:00); 15 @ (Mo-Fr 05:00-06:00,09:00-14:00,18:00-20:00); 20 @ (Mo-Fr 20:00-23:00,Sa-Su 05:00-23:00)",
              "name": "14: Krzyki → Osobowice",
              "network": "Wrocław",
              "opening_hours": "Mo-Su 05:00-23:00",
              "operator": "WTr UM Wrocław",
              "public_transport:version": "2",
              "ref": "14",
              "route": "tram",
              "source:interval": "https://mpk.wroc.pl/komunikat/701/2024-09-30-01092024r-zmiana-rozkladu-jazdy",
              "to": "Osobowice",
              "type": "route",
              "url": "https://www.wroclaw.pl/komunikacja/przystanek-krzyki-linia-14-kierunek-osobowice-slupek-11216",
              "wheelchair": "limited"
            }
          }
        ]
      },
      "geometry": {
        "type": "Point",
        "coordinates": [
          16.9982018,
          51.1360031
        ]
      },
      "id": "node/1895870625"
    },
    {
      "type": "Feature",
      "properties": {
        "@id": "node/1895871130",
        "@relations": [
          {
            "role": "stop",
            "rel": 63490,
            "reltags": {
              "check_date": "2026-05-20",
              "from": "Krzyki",
              "interval:conditional": "12 @ (Mo-Fr 06:00-09:00,14:00-18:00); 15 @ (Mo-Fr 05:00-06:00,09:00-14:00,18:00-20:00); 20 @ (Mo-Fr 20:00-23:00,Sa-Su 05:00-23:00)",
              "name": "14: Krzyki → Osobowice",
              "network": "Wrocław",
              "opening_hours": "Mo-Su 05:00-23:00",
              "operator": "WTr UM Wrocław",
              "public_transport:version": "2",
              "ref": "14",
              "route": "tram",
              "source:interval": "https://mpk.wroc.pl/komunikat/701/2024-09-30-01092024r-zmiana-rozkladu-jazdy",
              "to": "Osobowice",
              "type": "route",
              "url": "https://www.wroclaw.pl/komunikacja/przystanek-krzyki-linia-14-kierunek-osobowice-slupek-11216",
              "wheelchair": "limited"
            }
          }
        ]
      },
      "geometry": {
        "type": "Point",
        "coordinates": [
          17.0110208,
          51.134578
        ]
      },
      "id": "node/1895871130"
    },
    {
      "type": "Feature",
      "properties": {
        "@id": "node/1895871167",
        "@relations": [
          {
            "role": "stop",
            "rel": 63490,
            "reltags": {
              "check_date": "2026-05-20",
              "from": "Krzyki",
              "interval:conditional": "12 @ (Mo-Fr 06:00-09:00,14:00-18:00); 15 @ (Mo-Fr 05:00-06:00,09:00-14:00,18:00-20:00); 20 @ (Mo-Fr 20:00-23:00,Sa-Su 05:00-23:00)",
              "name": "14: Krzyki → Osobowice",
              "network": "Wrocław",
              "opening_hours": "Mo-Su 05:00-23:00",
              "operator": "WTr UM Wrocław",
              "public_transport:version": "2",
              "ref": "14",
              "route": "tram",
              "source:interval": "https://mpk.wroc.pl/komunikat/701/2024-09-30-01092024r-zmiana-rozkladu-jazdy",
              "to": "Osobowice",
              "type": "route",
              "url": "https://www.wroclaw.pl/komunikacja/przystanek-krzyki-linia-14-kierunek-osobowice-slupek-11216",
              "wheelchair": "limited"
            }
          }
        ]
      },
      "geometry": {
        "type": "Point",
        "coordinates": [
          17.0055213,
          51.1351576
        ]
      },
      "id": "node/1895871167"
    },
    {
      "type": "Feature",
      "properties": {
        "@id": "node/1895871344",
        "@relations": [
          {
            "role": "stop",
            "rel": 63490,
            "reltags": {
              "check_date": "2026-05-20",
              "from": "Krzyki",
              "interval:conditional": "12 @ (Mo-Fr 06:00-09:00,14:00-18:00); 15 @ (Mo-Fr 05:00-06:00,09:00-14:00,18:00-20:00); 20 @ (Mo-Fr 20:00-23:00,Sa-Su 05:00-23:00)",
              "name": "14: Krzyki → Osobowice",
              "network": "Wrocław",
              "opening_hours": "Mo-Su 05:00-23:00",
              "operator": "WTr UM Wrocław",
              "public_transport:version": "2",
              "ref": "14",
              "route": "tram",
              "source:interval": "https://mpk.wroc.pl/komunikat/701/2024-09-30-01092024r-zmiana-rozkladu-jazdy",
              "to": "Osobowice",
              "type": "route",
              "url": "https://www.wroclaw.pl/komunikacja/przystanek-krzyki-linia-14-kierunek-osobowice-slupek-11216",
              "wheelchair": "limited"
            }
          }
        ]
      },
      "geometry": {
        "type": "Point",
        "coordinates": [
          17.0081595,
          51.0801912
        ]
      },
      "id": "node/1895871344"
    },
    {
      "type": "Feature",
      "properties": {
        "@id": "node/1895871516",
        "@relations": [
          {
            "role": "stop",
            "rel": 2768579,
            "reltags": {
              "check_date": "2026-05-20",
              "from": "Osobowice",
              "interval:conditional": "12 @ (Mo-Fr 06:00-09:00,14:00-18:00); 15 @ (Mo-Fr 05:00-06:00,09:00-14:00,18:00-20:00); 20 @ (Mo-Fr 20:00-23:00,Sa-Su 05:00-23:00)",
              "name": "14: Osobowice → Krzyki",
              "network": "Wrocław",
              "opening_hours": "Mo-Su 05:00-23:00",
              "operator": "WTr UM Wrocław",
              "public_transport:version": "2",
              "ref": "14",
              "route": "tram",
              "source:interval": "https://mpk.wroc.pl/komunikat/701/2024-09-30-01092024r-zmiana-rozkladu-jazdy",
              "to": "Krzyki",
              "type": "route",
              "url": "https://www.wroclaw.pl/komunikacja/przystanek-osobowice-linia-14-kierunek-krzyki-slupek-23204",
              "wheelchair": "limited"
            }
          }
        ]
      },
      "geometry": {
        "type": "Point",
        "coordinates": [
          17.0075259,
          51.1010724
        ]
      },
      "id": "node/1895871516"
    },
    {
      "type": "Feature",
      "properties": {
        "@id": "node/1895871671",
        "@relations": [
          {
            "role": "stop",
            "rel": 63490,
            "reltags": {
              "check_date": "2026-05-20",
              "from": "Krzyki",
              "interval:conditional": "12 @ (Mo-Fr 06:00-09:00,14:00-18:00); 15 @ (Mo-Fr 05:00-06:00,09:00-14:00,18:00-20:00); 20 @ (Mo-Fr 20:00-23:00,Sa-Su 05:00-23:00)",
              "name": "14: Krzyki → Osobowice",
              "network": "Wrocław",
              "opening_hours": "Mo-Su 05:00-23:00",
              "operator": "WTr UM Wrocław",
              "public_transport:version": "2",
              "ref": "14",
              "route": "tram",
              "source:interval": "https://mpk.wroc.pl/komunikat/701/2024-09-30-01092024r-zmiana-rozkladu-jazdy",
              "to": "Osobowice",
              "type": "route",
              "url": "https://www.wroclaw.pl/komunikacja/przystanek-krzyki-linia-14-kierunek-osobowice-slupek-11216",
              "wheelchair": "limited"
            }
          }
        ]
      },
      "geometry": {
        "type": "Point",
        "coordinates": [
          17.0194231,
          51.1337633
        ]
      },
      "id": "node/1895871671"
    },
    {
      "type": "Feature",
      "properties": {
        "@id": "node/1895872678",
        "@relations": [
          {
            "role": "stop",
            "rel": 63490,
            "reltags": {
              "check_date": "2026-05-20",
              "from": "Krzyki",
              "interval:conditional": "12 @ (Mo-Fr 06:00-09:00,14:00-18:00); 15 @ (Mo-Fr 05:00-06:00,09:00-14:00,18:00-20:00); 20 @ (Mo-Fr 20:00-23:00,Sa-Su 05:00-23:00)",
              "name": "14: Krzyki → Osobowice",
              "network": "Wrocław",
              "opening_hours": "Mo-Su 05:00-23:00",
              "operator": "WTr UM Wrocław",
              "public_transport:version": "2",
              "ref": "14",
              "route": "tram",
              "source:interval": "https://mpk.wroc.pl/komunikat/701/2024-09-30-01092024r-zmiana-rozkladu-jazdy",
              "to": "Osobowice",
              "type": "route",
              "url": "https://www.wroclaw.pl/komunikacja/przystanek-krzyki-linia-14-kierunek-osobowice-slupek-11216",
              "wheelchair": "limited"
            }
          }
        ]
      },
      "geometry": {
        "type": "Point",
        "coordinates": [
          17.021636,
          51.1043874
        ]
      },
      "id": "node/1895872678"
    },
    {
      "type": "Feature",
      "properties": {
        "@id": "node/1895872703",
        "@relations": [
          {
            "role": "stop",
            "rel": 2768579,
            "reltags": {
              "check_date": "2026-05-20",
              "from": "Osobowice",
              "interval:conditional": "12 @ (Mo-Fr 06:00-09:00,14:00-18:00); 15 @ (Mo-Fr 05:00-06:00,09:00-14:00,18:00-20:00); 20 @ (Mo-Fr 20:00-23:00,Sa-Su 05:00-23:00)",
              "name": "14: Osobowice → Krzyki",
              "network": "Wrocław",
              "opening_hours": "Mo-Su 05:00-23:00",
              "operator": "WTr UM Wrocław",
              "public_transport:version": "2",
              "ref": "14",
              "route": "tram",
              "source:interval": "https://mpk.wroc.pl/komunikat/701/2024-09-30-01092024r-zmiana-rozkladu-jazdy",
              "to": "Krzyki",
              "type": "route",
              "url": "https://www.wroclaw.pl/komunikacja/przystanek-osobowice-linia-14-kierunek-krzyki-slupek-23204",
              "wheelchair": "limited"
            }
          }
        ]
      },
      "geometry": {
        "type": "Point",
        "coordinates": [
          17.0214905,
          51.1069092
        ]
      },
      "id": "node/1895872703"
    },
    {
      "type": "Feature",
      "properties": {
        "@id": "node/1897709143",
        "@relations": [
          {
            "role": "stop",
            "rel": 2768579,
            "reltags": {
              "check_date": "2026-05-20",
              "from": "Osobowice",
              "interval:conditional": "12 @ (Mo-Fr 06:00-09:00,14:00-18:00); 15 @ (Mo-Fr 05:00-06:00,09:00-14:00,18:00-20:00); 20 @ (Mo-Fr 20:00-23:00,Sa-Su 05:00-23:00)",
              "name": "14: Osobowice → Krzyki",
              "network": "Wrocław",
              "opening_hours": "Mo-Su 05:00-23:00",
              "operator": "WTr UM Wrocław",
              "public_transport:version": "2",
              "ref": "14",
              "route": "tram",
              "source:interval": "https://mpk.wroc.pl/komunikat/701/2024-09-30-01092024r-zmiana-rozkladu-jazdy",
              "to": "Krzyki",
              "type": "route",
              "url": "https://www.wroclaw.pl/komunikacja/przystanek-osobowice-linia-14-kierunek-krzyki-slupek-23204",
              "wheelchair": "limited"
            }
          }
        ]
      },
      "geometry": {
        "type": "Point",
        "coordinates": [
          17.0305494,
          51.1180291
        ]
      },
      "id": "node/1897709143"
    },
    {
      "type": "Feature",
      "properties": {
        "@id": "node/1906789451",
        "@relations": [
          {
            "role": "stop",
            "rel": 63490,
            "reltags": {
              "check_date": "2026-05-20",
              "from": "Krzyki",
              "interval:conditional": "12 @ (Mo-Fr 06:00-09:00,14:00-18:00); 15 @ (Mo-Fr 05:00-06:00,09:00-14:00,18:00-20:00); 20 @ (Mo-Fr 20:00-23:00,Sa-Su 05:00-23:00)",
              "name": "14: Krzyki → Osobowice",
              "network": "Wrocław",
              "opening_hours": "Mo-Su 05:00-23:00",
              "operator": "WTr UM Wrocław",
              "public_transport:version": "2",
              "ref": "14",
              "route": "tram",
              "source:interval": "https://mpk.wroc.pl/komunikat/701/2024-09-30-01092024r-zmiana-rozkladu-jazdy",
              "to": "Osobowice",
              "type": "route",
              "url": "https://www.wroclaw.pl/komunikacja/przystanek-krzyki-linia-14-kierunek-osobowice-slupek-11216",
              "wheelchair": "limited"
            }
          }
        ]
      },
      "geometry": {
        "type": "Point",
        "coordinates": [
          17.0018662,
          51.0997438
        ]
      },
      "id": "node/1906789451"
    },
    {
      "type": "Feature",
      "properties": {
        "@id": "node/1931985455",
        "@relations": [
          {
            "role": "stop",
            "rel": 2768579,
            "reltags": {
              "check_date": "2026-05-20",
              "from": "Osobowice",
              "interval:conditional": "12 @ (Mo-Fr 06:00-09:00,14:00-18:00); 15 @ (Mo-Fr 05:00-06:00,09:00-14:00,18:00-20:00); 20 @ (Mo-Fr 20:00-23:00,Sa-Su 05:00-23:00)",
              "name": "14: Osobowice → Krzyki",
              "network": "Wrocław",
              "opening_hours": "Mo-Su 05:00-23:00",
              "operator": "WTr UM Wrocław",
              "public_transport:version": "2",
              "ref": "14",
              "route": "tram",
              "source:interval": "https://mpk.wroc.pl/komunikat/701/2024-09-30-01092024r-zmiana-rozkladu-jazdy",
              "to": "Krzyki",
              "type": "route",
              "url": "https://www.wroclaw.pl/komunikacja/przystanek-osobowice-linia-14-kierunek-krzyki-slupek-23204",
              "wheelchair": "limited"
            }
          }
        ]
      },
      "geometry": {
        "type": "Point",
        "coordinates": [
          16.9961419,
          51.0984615
        ]
      },
      "id": "node/1931985455"
    },
    {
      "type": "Feature",
      "properties": {
        "@id": "node/1932001212",
        "@relations": [
          {
            "role": "stop",
            "rel": 63490,
            "reltags": {
              "check_date": "2026-05-20",
              "from": "Krzyki",
              "interval:conditional": "12 @ (Mo-Fr 06:00-09:00,14:00-18:00); 15 @ (Mo-Fr 05:00-06:00,09:00-14:00,18:00-20:00); 20 @ (Mo-Fr 20:00-23:00,Sa-Su 05:00-23:00)",
              "name": "14: Krzyki → Osobowice",
              "network": "Wrocław",
              "opening_hours": "Mo-Su 05:00-23:00",
              "operator": "WTr UM Wrocław",
              "public_transport:version": "2",
              "ref": "14",
              "route": "tram",
              "source:interval": "https://mpk.wroc.pl/komunikat/701/2024-09-30-01092024r-zmiana-rozkladu-jazdy",
              "to": "Osobowice",
              "type": "route",
              "url": "https://www.wroclaw.pl/komunikacja/przystanek-krzyki-linia-14-kierunek-osobowice-slupek-11216",
              "wheelchair": "limited"
            }
          }
        ]
      },
      "geometry": {
        "type": "Point",
        "coordinates": [
          16.996534,
          51.0985123
        ]
      },
      "id": "node/1932001212"
    },
    {
      "type": "Feature",
      "properties": {
        "@id": "node/1934932947",
        "@relations": [
          {
            "role": "stop_exit_only",
            "rel": 63490,
            "reltags": {
              "check_date": "2026-05-20",
              "from": "Krzyki",
              "interval:conditional": "12 @ (Mo-Fr 06:00-09:00,14:00-18:00); 15 @ (Mo-Fr 05:00-06:00,09:00-14:00,18:00-20:00); 20 @ (Mo-Fr 20:00-23:00,Sa-Su 05:00-23:00)",
              "name": "14: Krzyki → Osobowice",
              "network": "Wrocław",
              "opening_hours": "Mo-Su 05:00-23:00",
              "operator": "WTr UM Wrocław",
              "public_transport:version": "2",
              "ref": "14",
              "route": "tram",
              "source:interval": "https://mpk.wroc.pl/komunikat/701/2024-09-30-01092024r-zmiana-rozkladu-jazdy",
              "to": "Osobowice",
              "type": "route",
              "url": "https://www.wroclaw.pl/komunikacja/przystanek-krzyki-linia-14-kierunek-osobowice-slupek-11216",
              "wheelchair": "limited"
            }
          }
        ]
      },
      "geometry": {
        "type": "Point",
        "coordinates": [
          16.994569,
          51.1374469
        ]
      },
      "id": "node/1934932947"
    },
    {
      "type": "Feature",
      "properties": {
        "@id": "node/2417784627",
        "@relations": [
          {
            "role": "stop",
            "rel": 2768579,
            "reltags": {
              "check_date": "2026-05-20",
              "from": "Osobowice",
              "interval:conditional": "12 @ (Mo-Fr 06:00-09:00,14:00-18:00); 15 @ (Mo-Fr 05:00-06:00,09:00-14:00,18:00-20:00); 20 @ (Mo-Fr 20:00-23:00,Sa-Su 05:00-23:00)",
              "name": "14: Osobowice → Krzyki",
              "network": "Wrocław",
              "opening_hours": "Mo-Su 05:00-23:00",
              "operator": "WTr UM Wrocław",
              "public_transport:version": "2",
              "ref": "14",
              "route": "tram",
              "source:interval": "https://mpk.wroc.pl/komunikat/701/2024-09-30-01092024r-zmiana-rozkladu-jazdy",
              "to": "Krzyki",
              "type": "route",
              "url": "https://www.wroclaw.pl/komunikacja/przystanek-osobowice-linia-14-kierunek-krzyki-slupek-23204",
              "wheelchair": "limited"
            }
          }
        ]
      },
      "geometry": {
        "type": "Point",
        "coordinates": [
          16.9914656,
          51.0974407
        ]
      },
      "id": "node/2417784627"
    },
    {
      "type": "Feature",
      "properties": {
        "@id": "node/3771631191",
        "@relations": [
          {
            "role": "platform",
            "rel": 63490,
            "reltags": {
              "check_date": "2026-05-20",
              "from": "Krzyki",
              "interval:conditional": "12 @ (Mo-Fr 06:00-09:00,14:00-18:00); 15 @ (Mo-Fr 05:00-06:00,09:00-14:00,18:00-20:00); 20 @ (Mo-Fr 20:00-23:00,Sa-Su 05:00-23:00)",
              "name": "14: Krzyki → Osobowice",
              "network": "Wrocław",
              "opening_hours": "Mo-Su 05:00-23:00",
              "operator": "WTr UM Wrocław",
              "public_transport:version": "2",
              "ref": "14",
              "route": "tram",
              "source:interval": "https://mpk.wroc.pl/komunikat/701/2024-09-30-01092024r-zmiana-rozkladu-jazdy",
              "to": "Osobowice",
              "type": "route",
              "url": "https://www.wroclaw.pl/komunikacja/przystanek-krzyki-linia-14-kierunek-osobowice-slupek-11216",
              "wheelchair": "limited"
            }
          }
        ]
      },
      "geometry": {
        "type": "Point",
        "coordinates": [
          17.025656,
          51.1171287
        ]
      },
      "id": "node/3771631191"
    },
    {
      "type": "Feature",
      "properties": {
        "@id": "node/6085914086",
        "@relations": [
          {
            "role": "platform_entry_only",
            "rel": 63490,
            "reltags": {
              "check_date": "2026-05-20",
              "from": "Krzyki",
              "interval:conditional": "12 @ (Mo-Fr 06:00-09:00,14:00-18:00); 15 @ (Mo-Fr 05:00-06:00,09:00-14:00,18:00-20:00); 20 @ (Mo-Fr 20:00-23:00,Sa-Su 05:00-23:00)",
              "name": "14: Krzyki → Osobowice",
              "network": "Wrocław",
              "opening_hours": "Mo-Su 05:00-23:00",
              "operator": "WTr UM Wrocław",
              "public_transport:version": "2",
              "ref": "14",
              "route": "tram",
              "source:interval": "https://mpk.wroc.pl/komunikat/701/2024-09-30-01092024r-zmiana-rozkladu-jazdy",
              "to": "Osobowice",
              "type": "route",
              "url": "https://www.wroclaw.pl/komunikacja/przystanek-krzyki-linia-14-kierunek-osobowice-slupek-11216",
              "wheelchair": "limited"
            }
          }
        ]
      },
      "geometry": {
        "type": "Point",
        "coordinates": [
          17.0072372,
          51.0748292
        ]
      },
      "id": "node/6085914086"
    },
    {
      "type": "Feature",
      "properties": {
        "@id": "node/5983588004",
        "@relations": [
          {
            "role": "stop",
            "rel": 63490,
            "reltags": {
              "check_date": "2026-05-20",
              "from": "Krzyki",
              "interval:conditional": "12 @ (Mo-Fr 06:00-09:00,14:00-18:00); 15 @ (Mo-Fr 05:00-06:00,09:00-14:00,18:00-20:00); 20 @ (Mo-Fr 20:00-23:00,Sa-Su 05:00-23:00)",
              "name": "14: Krzyki → Osobowice",
              "network": "Wrocław",
              "opening_hours": "Mo-Su 05:00-23:00",
              "operator": "WTr UM Wrocław",
              "public_transport:version": "2",
              "ref": "14",
              "route": "tram",
              "source:interval": "https://mpk.wroc.pl/komunikat/701/2024-09-30-01092024r-zmiana-rozkladu-jazdy",
              "to": "Osobowice",
              "type": "route",
              "url": "https://www.wroclaw.pl/komunikacja/przystanek-krzyki-linia-14-kierunek-osobowice-slupek-11216",
              "wheelchair": "limited"
            }
          }
        ]
      },
      "geometry": {
        "type": "Point",
        "coordinates": [
          17.0167724,
          51.1031457
        ]
      },
      "id": "node/5983588004"
    },
    {
      "type": "Feature",
      "properties": {
        "@id": "node/6100273380",
        "@relations": [
          {
            "role": "platform",
            "rel": 63490,
            "reltags": {
              "check_date": "2026-05-20",
              "from": "Krzyki",
              "interval:conditional": "12 @ (Mo-Fr 06:00-09:00,14:00-18:00); 15 @ (Mo-Fr 05:00-06:00,09:00-14:00,18:00-20:00); 20 @ (Mo-Fr 20:00-23:00,Sa-Su 05:00-23:00)",
              "name": "14: Krzyki → Osobowice",
              "network": "Wrocław",
              "opening_hours": "Mo-Su 05:00-23:00",
              "operator": "WTr UM Wrocław",
              "public_transport:version": "2",
              "ref": "14",
              "route": "tram",
              "source:interval": "https://mpk.wroc.pl/komunikat/701/2024-09-30-01092024r-zmiana-rozkladu-jazdy",
              "to": "Osobowice",
              "type": "route",
              "url": "https://www.wroclaw.pl/komunikacja/przystanek-krzyki-linia-14-kierunek-osobowice-slupek-11216",
              "wheelchair": "limited"
            }
          }
        ]
      },
      "geometry": {
        "type": "Point",
        "coordinates": [
          17.0167423,
          51.1031117
        ]
      },
      "id": "node/6100273380"
    },
    {
      "type": "Feature",
      "properties": {
        "@id": "node/6086059109",
        "@relations": [
          {
            "role": "platform",
            "rel": 63490,
            "reltags": {
              "check_date": "2026-05-20",
              "from": "Krzyki",
              "interval:conditional": "12 @ (Mo-Fr 06:00-09:00,14:00-18:00); 15 @ (Mo-Fr 05:00-06:00,09:00-14:00,18:00-20:00); 20 @ (Mo-Fr 20:00-23:00,Sa-Su 05:00-23:00)",
              "name": "14: Krzyki → Osobowice",
              "network": "Wrocław",
              "opening_hours": "Mo-Su 05:00-23:00",
              "operator": "WTr UM Wrocław",
              "public_transport:version": "2",
              "ref": "14",
              "route": "tram",
              "source:interval": "https://mpk.wroc.pl/komunikat/701/2024-09-30-01092024r-zmiana-rozkladu-jazdy",
              "to": "Osobowice",
              "type": "route",
              "url": "https://www.wroclaw.pl/komunikacja/przystanek-krzyki-linia-14-kierunek-osobowice-slupek-11216",
              "wheelchair": "limited"
            }
          }
        ]
      },
      "geometry": {
        "type": "Point",
        "coordinates": [
          17.0225471,
          51.1122375
        ]
      },
      "id": "node/6086059109"
    },
    {
      "type": "Feature",
      "properties": {
        "@id": "node/6086064386",
        "@relations": [
          {
            "role": "platform",
            "rel": 2768579,
            "reltags": {
              "check_date": "2026-05-20",
              "from": "Osobowice",
              "interval:conditional": "12 @ (Mo-Fr 06:00-09:00,14:00-18:00); 15 @ (Mo-Fr 05:00-06:00,09:00-14:00,18:00-20:00); 20 @ (Mo-Fr 20:00-23:00,Sa-Su 05:00-23:00)",
              "name": "14: Osobowice → Krzyki",
              "network": "Wrocław",
              "opening_hours": "Mo-Su 05:00-23:00",
              "operator": "WTr UM Wrocław",
              "public_transport:version": "2",
              "ref": "14",
              "route": "tram",
              "source:interval": "https://mpk.wroc.pl/komunikat/701/2024-09-30-01092024r-zmiana-rozkladu-jazdy",
              "to": "Krzyki",
              "type": "route",
              "url": "https://www.wroclaw.pl/komunikacja/przystanek-osobowice-linia-14-kierunek-krzyki-slupek-23204",
              "wheelchair": "limited"
            }
          }
        ]
      },
      "geometry": {
        "type": "Point",
        "coordinates": [
          17.0222165,
          51.1121247
        ]
      },
      "id": "node/6086064386"
    },
    {
      "type": "Feature",
      "properties": {
        "@id": "node/5983588005",
        "@relations": [
          {
            "role": "stop",
            "rel": 2768579,
            "reltags": {
              "check_date": "2026-05-20",
              "from": "Osobowice",
              "interval:conditional": "12 @ (Mo-Fr 06:00-09:00,14:00-18:00); 15 @ (Mo-Fr 05:00-06:00,09:00-14:00,18:00-20:00); 20 @ (Mo-Fr 20:00-23:00,Sa-Su 05:00-23:00)",
              "name": "14: Osobowice → Krzyki",
              "network": "Wrocław",
              "opening_hours": "Mo-Su 05:00-23:00",
              "operator": "WTr UM Wrocław",
              "public_transport:version": "2",
              "ref": "14",
              "route": "tram",
              "source:interval": "https://mpk.wroc.pl/komunikat/701/2024-09-30-01092024r-zmiana-rozkladu-jazdy",
              "to": "Krzyki",
              "type": "route",
              "url": "https://www.wroclaw.pl/komunikacja/przystanek-osobowice-linia-14-kierunek-krzyki-slupek-23204",
              "wheelchair": "limited"
            }
          }
        ]
      },
      "geometry": {
        "type": "Point",
        "coordinates": [
          17.0169977,
          51.1032385
        ]
      },
      "id": "node/5983588005"
    },
    {
      "type": "Feature",
      "properties": {
        "@id": "node/6100273381",
        "@relations": [
          {
            "role": "platform",
            "rel": 2768579,
            "reltags": {
              "check_date": "2026-05-20",
              "from": "Osobowice",
              "interval:conditional": "12 @ (Mo-Fr 06:00-09:00,14:00-18:00); 15 @ (Mo-Fr 05:00-06:00,09:00-14:00,18:00-20:00); 20 @ (Mo-Fr 20:00-23:00,Sa-Su 05:00-23:00)",
              "name": "14: Osobowice → Krzyki",
              "network": "Wrocław",
              "opening_hours": "Mo-Su 05:00-23:00",
              "operator": "WTr UM Wrocław",
              "public_transport:version": "2",
              "ref": "14",
              "route": "tram",
              "source:interval": "https://mpk.wroc.pl/komunikat/701/2024-09-30-01092024r-zmiana-rozkladu-jazdy",
              "to": "Krzyki",
              "type": "route",
              "url": "https://www.wroclaw.pl/komunikacja/przystanek-osobowice-linia-14-kierunek-krzyki-slupek-23204",
              "wheelchair": "limited"
            }
          }
        ]
      },
      "geometry": {
        "type": "Point",
        "coordinates": [
          17.0170597,
          51.103277
        ]
      },
      "id": "node/6100273381"
    },
    {
      "type": "Feature",
      "properties": {
        "@id": "node/6085914087",
        "@relations": [
          {
            "role": "platform_exit_only",
            "rel": 2768579,
            "reltags": {
              "check_date": "2026-05-20",
              "from": "Osobowice",
              "interval:conditional": "12 @ (Mo-Fr 06:00-09:00,14:00-18:00); 15 @ (Mo-Fr 05:00-06:00,09:00-14:00,18:00-20:00); 20 @ (Mo-Fr 20:00-23:00,Sa-Su 05:00-23:00)",
              "name": "14: Osobowice → Krzyki",
              "network": "Wrocław",
              "opening_hours": "Mo-Su 05:00-23:00",
              "operator": "WTr UM Wrocław",
              "public_transport:version": "2",
              "ref": "14",
              "route": "tram",
              "source:interval": "https://mpk.wroc.pl/komunikat/701/2024-09-30-01092024r-zmiana-rozkladu-jazdy",
              "to": "Krzyki",
              "type": "route",
              "url": "https://www.wroclaw.pl/komunikacja/przystanek-osobowice-linia-14-kierunek-krzyki-slupek-23204",
              "wheelchair": "limited"
            }
          }
        ]
      },
      "geometry": {
        "type": "Point",
        "coordinates": [
          17.0070972,
          51.0747355
        ]
      },
      "id": "node/6085914087"
    }
  ]
}