{
  "type": "FeatureCollection",
  "generator": "overpass-turbo",
  "copyright": "The data included in this document is from www.openstreetmap.org. The data is made available under ODbL.",
  "timestamp": "2026-06-10T05:46:55Z",
  "features": [
    {
      "type": "Feature",
      "properties": {
        "@id": "relation/63485",
        "check_date": "2026-05-19",
        "from": "Karłowice",
        "interval:conditional": "12 @ (Mo-Fr 06:00-09:00,14:00-18:00); 15 @ (Mo-Fr 05:00-06:00,09:00-14:00,18:00-20:00); 20 @ (Mo-Fr 20:00-23:00,Sa-Su 05:00-23:00)",
        "name": "8: Karłowice → Tarnogaj",
        "network": "Wrocław",
        "opening_hours": "Mo-Su 05:00-23:00",
        "operator": "WTr UM Wrocław",
        "public_transport:version": "2",
        "ref": "8",
        "route": "tram",
        "source:interval": "https://mpk.wroc.pl/komunikat/701/2024-09-30-01092024r-zmiana-rozkladu-jazdy",
        "to": "Tarnogaj",
        "type": "route",
        "url": "https://www.wroclaw.pl/komunikacja/przystanek-karlowice-linia-8-kierunek-tarnogaj-slupek-23011",
        "wheelchair": "limited"
      },
      "geometry": {
        "type": "LineString",
        "coordinates": [
          [
            17.0371153,
            51.1343014
          ],
          [
            17.0371045,
            51.1343393
          ],
          [
            17.0370953,
            51.1343616
          ],
          [
            17.0370755,
            51.13439
          ],
          [
            17.0370447,
            51.1344189
          ],
          [
            17.0370177,
            51.134439
          ],
          [
            17.0370045,
            51.13445
          ],
          [
            17.0369591,
            51.1344718
          ],
          [
            17.0369082,
            51.1344885
          ],
          [
            17.0368389,
            51.1345016
          ],
          [
            17.0367231,
            51.1345065
          ],
          [
            17.0366821,
            51.1345074
          ],
          [
            17.0366489,
            51.1345095
          ],
          [
            17.0365728,
            51.1345112
          ],
          [
            17.0364911,
            51.1345129
          ],
          [
            17.0364297,
            51.1345083
          ],
          [
            17.0363792,
            51.1345004
          ],
          [
            17.0362757,
            51.1344757
          ],
          [
            17.0361989,
            51.1344448
          ],
          [
            17.0361586,
            51.1344224
          ],
          [
            17.0361052,
            51.1343842
          ],
          [
            17.0360521,
            51.134324
          ],
          [
            17.0360097,
            51.1342612
          ],
          [
            17.0359575,
            51.1341754
          ],
          [
            17.035924,
            51.1340983
          ],
          [
            17.0358993,
            51.1340166
          ],
          [
            17.0358824,
            51.1339313
          ],
          [
            17.0358831,
            51.1338553
          ],
          [
            17.0358882,
            51.1337796
          ],
          [
            17.0358959,
            51.1337372
          ],
          [
            17.0359084,
            51.133687
          ],
          [
            17.0359259,
            51.1336353
          ],
          [
            17.0359491,
            51.1335852
          ],
          [
            17.0359904,
            51.1335081
          ],
          [
            17.0360203,
            51.1334525
          ],
          [
            17.0360366,
            51.1334222
          ],
          [
            17.0360738,
            51.1333531
          ],
          [
            17.0361747,
            51.13317
          ],
          [
            17.0363284,
            51.1328912
          ],
          [
            17.0371036,
            51.1314856
          ],
          [
            17.0371945,
            51.1313166
          ],
          [
            17.0372166,
            51.1312756
          ],
          [
            17.0372306,
            51.1312383
          ],
          [
            17.0372417,
            51.1311912
          ],
          [
            17.0372449,
            51.1311387
          ],
          [
            17.0372416,
            51.1311148
          ],
          [
            17.0372333,
            51.1310473
          ],
          [
            17.03718,
            51.130796
          ],
          [
            17.0371621,
            51.1307183
          ],
          [
            17.0369702,
            51.1298862
          ],
          [
            17.0366796,
            51.1287276
          ],
          [
            17.0366358,
            51.1285316
          ],
          [
            17.0365936,
            51.1283801
          ],
          [
            17.0365699,
            51.1282854
          ],
          [
            17.0365384,
            51.1281621
          ],
          [
            17.0364774,
            51.127929
          ],
          [
            17.0364258,
            51.1277252
          ],
          [
            17.0363476,
            51.1274098
          ],
          [
            17.0362661,
            51.127111
          ],
          [
            17.0362423,
            51.1270209
          ],
          [
            17.0362326,
            51.1269839
          ],
          [
            17.0361847,
            51.1267913
          ],
          [
            17.0361421,
            51.1266242
          ],
          [
            17.0360719,
            51.1263584
          ],
          [
            17.0359619,
            51.1259327
          ],
          [
            17.0359577,
            51.1259169
          ],
          [
            17.0359315,
            51.1258192
          ],
          [
            17.0359225,
            51.1257854
          ],
          [
            17.0358984,
            51.1256748
          ],
          [
            17.0357912,
            51.1252692
          ],
          [
            17.0357486,
            51.125093
          ],
          [
            17.0357289,
            51.1250469
          ],
          [
            17.0357065,
            51.1250116
          ],
          [
            17.0356776,
            51.1249794
          ],
          [
            17.0356307,
            51.124946
          ],
          [
            17.0355648,
            51.1249143
          ],
          [
            17.0354659,
            51.124885
          ],
          [
            17.0353703,
            51.1248645
          ],
          [
            17.0353146,
            51.1248585
          ],
          [
            17.034714,
            51.1248007
          ],
          [
            17.0346257,
            51.1247936
          ],
          [
            17.0345356,
            51.1247792
          ],
          [
            17.0344693,
            51.1247601
          ],
          [
            17.0344179,
            51.1247368
          ],
          [
            17.0343917,
            51.1247246
          ],
          [
            17.0343534,
            51.1246972
          ],
          [
            17.0343222,
            51.1246653
          ],
          [
            17.0342995,
            51.124634
          ],
          [
            17.0342764,
            51.1245931
          ],
          [
            17.0342737,
            51.1245787
          ],
          [
            17.0342691,
            51.1245542
          ],
          [
            17.0342734,
            51.1245152
          ],
          [
            17.0342849,
            51.1244525
          ],
          [
            17.0343114,
            51.1243857
          ],
          [
            17.0343341,
            51.1243595
          ],
          [
            17.0343541,
            51.1243383
          ],
          [
            17.0343655,
            51.1243237
          ],
          [
            17.0344028,
            51.1243009
          ],
          [
            17.0344452,
            51.1242772
          ],
          [
            17.0344774,
            51.1242618
          ],
          [
            17.0345271,
            51.1242455
          ],
          [
            17.0345559,
            51.1242393
          ],
          [
            17.0345939,
            51.1242328
          ],
          [
            17.0346583,
            51.1242276
          ],
          [
            17.0347153,
            51.1242268
          ],
          [
            17.0348233,
            51.1242359
          ],
          [
            17.0348354,
            51.1242371
          ],
          [
            17.035241,
            51.1242771
          ],
          [
            17.0352999,
            51.1242809
          ],
          [
            17.0353996,
            51.1242844
          ],
          [
            17.0354304,
            51.1242826
          ],
          [
            17.035477,
            51.1242762
          ],
          [
            17.0355146,
            51.1242677
          ],
          [
            17.0355705,
            51.1242505
          ],
          [
            17.0356246,
            51.1242234
          ],
          [
            17.0356634,
            51.1241962
          ],
          [
            17.0356846,
            51.1241744
          ],
          [
            17.0357097,
            51.1241464
          ],
          [
            17.0357308,
            51.1241065
          ],
          [
            17.0357388,
            51.1240764
          ],
          [
            17.0357687,
            51.1239431
          ],
          [
            17.0358155,
            51.1237288
          ],
          [
            17.0358305,
            51.1236636
          ],
          [
            17.0358397,
            51.1236409
          ],
          [
            17.0358426,
            51.1236338
          ],
          [
            17.0358556,
            51.1236067
          ],
          [
            17.0358967,
            51.1235532
          ],
          [
            17.0359517,
            51.1235059
          ],
          [
            17.0360037,
            51.1234748
          ],
          [
            17.0360665,
            51.1234445
          ],
          [
            17.0361254,
            51.1234272
          ],
          [
            17.0361879,
            51.1234124
          ],
          [
            17.0362742,
            51.1233999
          ],
          [
            17.0363927,
            51.1233835
          ],
          [
            17.0366492,
            51.1233493
          ],
          [
            17.0366596,
            51.1233479
          ],
          [
            17.0369057,
            51.1233151
          ],
          [
            17.037889,
            51.1231803
          ],
          [
            17.0381281,
            51.1231465
          ],
          [
            17.0382933,
            51.1231263
          ],
          [
            17.0383523,
            51.1231227
          ],
          [
            17.0384515,
            51.1231242
          ],
          [
            17.0385077,
            51.1231299
          ],
          [
            17.0385622,
            51.1231382
          ],
          [
            17.0388082,
            51.1231836
          ],
          [
            17.0391395,
            51.1232549
          ],
          [
            17.0400715,
            51.1234369
          ],
          [
            17.0404274,
            51.1235111
          ],
          [
            17.0404588,
            51.1235183
          ],
          [
            17.0410997,
            51.123647
          ],
          [
            17.0414457,
            51.123711
          ],
          [
            17.0418227,
            51.1237841
          ],
          [
            17.0424643,
            51.1239087
          ],
          [
            17.0428935,
            51.1239945
          ],
          [
            17.0429204,
            51.1239999
          ],
          [
            17.0431762,
            51.1240507
          ],
          [
            17.0432674,
            51.1240645
          ],
          [
            17.043342,
            51.1240722
          ],
          [
            17.0434288,
            51.1240752
          ],
          [
            17.0435172,
            51.1240732
          ],
          [
            17.0436083,
            51.1240622
          ],
          [
            17.0436957,
            51.1240454
          ],
          [
            17.0439195,
            51.1239993
          ],
          [
            17.0441964,
            51.1239411
          ],
          [
            17.0443113,
            51.1239172
          ],
          [
            17.0443814,
            51.1238989
          ],
          [
            17.0444272,
            51.1238824
          ],
          [
            17.0444567,
            51.1238661
          ],
          [
            17.0444916,
            51.123844
          ],
          [
            17.0445194,
            51.1238212
          ],
          [
            17.0445429,
            51.1237987
          ],
          [
            17.0445617,
            51.1237719
          ],
          [
            17.0445728,
            51.1237485
          ],
          [
            17.0445852,
            51.1237163
          ],
          [
            17.0445879,
            51.1236776
          ],
          [
            17.0445753,
            51.1236183
          ],
          [
            17.0445284,
            51.1234927
          ],
          [
            17.0444883,
            51.1233863
          ],
          [
            17.0443872,
            51.1231307
          ],
          [
            17.0442871,
            51.1229364
          ],
          [
            17.0441396,
            51.1226538
          ],
          [
            17.0439991,
            51.1223884
          ],
          [
            17.0438959,
            51.1221922
          ],
          [
            17.0438783,
            51.1221591
          ],
          [
            17.0438183,
            51.1220463
          ],
          [
            17.0437834,
            51.1219789
          ],
          [
            17.0437016,
            51.121821
          ],
          [
            17.0435697,
            51.1215891
          ],
          [
            17.0435252,
            51.1215146
          ],
          [
            17.0434161,
            51.1213474
          ],
          [
            17.043295,
            51.1211637
          ],
          [
            17.0431877,
            51.1210015
          ],
          [
            17.0430636,
            51.1208111
          ],
          [
            17.0430235,
            51.1207496
          ],
          [
            17.0429883,
            51.1206957
          ],
          [
            17.0428128,
            51.1204261
          ],
          [
            17.0427064,
            51.1202704
          ],
          [
            17.0425973,
            51.1201086
          ],
          [
            17.042551,
            51.1200423
          ],
          [
            17.0423828,
            51.1197873
          ],
          [
            17.0423218,
            51.1196933
          ],
          [
            17.0422338,
            51.1195567
          ],
          [
            17.0421245,
            51.1193876
          ],
          [
            17.0420956,
            51.1193451
          ],
          [
            17.0420884,
            51.1193345
          ],
          [
            17.0420389,
            51.1192615
          ],
          [
            17.0420091,
            51.119215
          ],
          [
            17.0419867,
            51.1191679
          ],
          [
            17.0419745,
            51.1191361
          ],
          [
            17.0419602,
            51.1190698
          ],
          [
            17.0419579,
            51.1189718
          ],
          [
            17.0419587,
            51.1189474
          ],
          [
            17.0419626,
            51.1188355
          ],
          [
            17.0419736,
            51.1187317
          ],
          [
            17.042029,
            51.1183891
          ],
          [
            17.0420555,
            51.1180453
          ],
          [
            17.0420599,
            51.1179345
          ],
          [
            17.0420631,
            51.1178121
          ],
          [
            17.0420215,
            51.1174455
          ],
          [
            17.0420204,
            51.1174034
          ],
          [
            17.042013,
            51.1173036
          ],
          [
            17.0420081,
            51.117229
          ],
          [
            17.0420031,
            51.1171666
          ],
          [
            17.0419947,
            51.1171119
          ],
          [
            17.0419889,
            51.1170809
          ],
          [
            17.0419853,
            51.1170632
          ],
          [
            17.0419625,
            51.1170004
          ],
          [
            17.0419364,
            51.1169364
          ],
          [
            17.0418907,
            51.1168467
          ],
          [
            17.0418688,
            51.1168008
          ],
          [
            17.0417931,
            51.1166482
          ],
          [
            17.0417628,
            51.1165863
          ],
          [
            17.0416571,
            51.1163705
          ],
          [
            17.0415915,
            51.1162381
          ],
          [
            17.0415227,
            51.1161372
          ],
          [
            17.041299,
            51.1158578
          ],
          [
            17.0411809,
            51.115713
          ],
          [
            17.0410204,
            51.1155129
          ],
          [
            17.0409935,
            51.1154782
          ],
          [
            17.0409663,
            51.1154271
          ],
          [
            17.0409435,
            51.1153726
          ],
          [
            17.0409194,
            51.1152868
          ],
          [
            17.0408857,
            51.115173
          ],
          [
            17.0408497,
            51.1151
          ],
          [
            17.0408032,
            51.1150249
          ],
          [
            17.0407536,
            51.1149578
          ],
          [
            17.0406715,
            51.1148517
          ],
          [
            17.0405694,
            51.1147122
          ],
          [
            17.0405288,
            51.1146453
          ],
          [
            17.0404694,
            51.1145247
          ],
          [
            17.0403717,
            51.1143385
          ],
          [
            17.0403116,
            51.1142346
          ],
          [
            17.0402209,
            51.1141212
          ],
          [
            17.0400747,
            51.1139256
          ],
          [
            17.0400125,
            51.1138439
          ],
          [
            17.039953,
            51.1137637
          ],
          [
            17.0398971,
            51.1136928
          ],
          [
            17.0396998,
            51.1134375
          ],
          [
            17.0396777,
            51.1134099
          ],
          [
            17.039622,
            51.1133355
          ],
          [
            17.0395819,
            51.1132768
          ],
          [
            17.0395645,
            51.1132435
          ],
          [
            17.039547,
            51.1132102
          ],
          [
            17.0395213,
            51.1131551
          ],
          [
            17.0395008,
            51.1130821
          ],
          [
            17.0394931,
            51.1130353
          ],
          [
            17.039492,
            51.1130219
          ],
          [
            17.0394899,
            51.1129968
          ],
          [
            17.0394812,
            51.1128911
          ],
          [
            17.0394806,
            51.1128466
          ],
          [
            17.0394692,
            51.1125536
          ],
          [
            17.0394675,
            51.1125029
          ],
          [
            17.0394629,
            51.1123664
          ],
          [
            17.039461,
            51.1123116
          ],
          [
            17.0394469,
            51.1121728
          ],
          [
            17.0394359,
            51.1120938
          ],
          [
            17.0394072,
            51.1119447
          ],
          [
            17.0393666,
            51.1117626
          ],
          [
            17.0392727,
            51.111305
          ],
          [
            17.0391692,
            51.1108176
          ],
          [
            17.0391174,
            51.1105951
          ],
          [
            17.0390209,
            51.1102697
          ],
          [
            17.0389905,
            51.1101751
          ],
          [
            17.0388616,
            51.1097626
          ],
          [
            17.0387712,
            51.1094738
          ],
          [
            17.0387232,
            51.1093206
          ],
          [
            17.0386778,
            51.1091738
          ],
          [
            17.0386671,
            51.1091395
          ],
          [
            17.0386256,
            51.1090058
          ],
          [
            17.0385961,
            51.1089095
          ],
          [
            17.0385838,
            51.1088509
          ],
          [
            17.0385781,
            51.1087757
          ],
          [
            17.0385809,
            51.1086957
          ],
          [
            17.0386021,
            51.108588
          ],
          [
            17.0386128,
            51.1085452
          ],
          [
            17.0386461,
            51.1084214
          ],
          [
            17.0386692,
            51.1083287
          ],
          [
            17.0386866,
            51.1082423
          ],
          [
            17.0386929,
            51.1082163
          ],
          [
            17.0387142,
            51.1081358
          ],
          [
            17.0387167,
            51.1080873
          ],
          [
            17.0387185,
            51.1080406
          ],
          [
            17.0387077,
            51.1079883
          ],
          [
            17.0386955,
            51.1079409
          ],
          [
            17.038651,
            51.107784
          ],
          [
            17.03864,
            51.1077486
          ],
          [
            17.0385937,
            51.1075767
          ],
          [
            17.0385685,
            51.1074881
          ],
          [
            17.0385525,
            51.1074362
          ],
          [
            17.0385304,
            51.1073399
          ],
          [
            17.0385223,
            51.1072858
          ],
          [
            17.0385199,
            51.1072282
          ],
          [
            17.0385186,
            51.1071487
          ],
          [
            17.0385097,
            51.1070571
          ],
          [
            17.038491,
            51.1069567
          ],
          [
            17.0384603,
            51.1068515
          ],
          [
            17.0383901,
            51.1066778
          ],
          [
            17.0382858,
            51.1064039
          ],
          [
            17.038123,
            51.1059822
          ],
          [
            17.0380613,
            51.1058265
          ],
          [
            17.0379532,
            51.1055474
          ],
          [
            17.0378754,
            51.1053478
          ],
          [
            17.0378346,
            51.1052341
          ],
          [
            17.0378273,
            51.1052217
          ],
          [
            17.037817,
            51.1051955
          ],
          [
            17.0377709,
            51.1050786
          ],
          [
            17.0376981,
            51.1048898
          ],
          [
            17.0376612,
            51.1047973
          ],
          [
            17.0376033,
            51.1046509
          ],
          [
            17.0375763,
            51.10458
          ],
          [
            17.0374532,
            51.10427
          ],
          [
            17.0374293,
            51.1042099
          ],
          [
            17.0374206,
            51.1041883
          ],
          [
            17.0374086,
            51.1041586
          ],
          [
            17.037398,
            51.1041322
          ],
          [
            17.0373855,
            51.1041021
          ],
          [
            17.0373591,
            51.1040499
          ],
          [
            17.037314,
            51.1039716
          ],
          [
            17.037285,
            51.103915
          ],
          [
            17.0372679,
            51.1038816
          ],
          [
            17.0372455,
            51.1038323
          ],
          [
            17.0372213,
            51.1037688
          ],
          [
            17.037205,
            51.1037237
          ],
          [
            17.037188,
            51.1036761
          ],
          [
            17.0371419,
            51.1035541
          ],
          [
            17.0371236,
            51.1034989
          ],
          [
            17.0371052,
            51.1034403
          ],
          [
            17.0370819,
            51.1033599
          ],
          [
            17.037056,
            51.1032584
          ],
          [
            17.0370325,
            51.1031753
          ],
          [
            17.0370134,
            51.1031109
          ],
          [
            17.0369939,
            51.1030471
          ],
          [
            17.0369689,
            51.1029858
          ],
          [
            17.0368488,
            51.1026812
          ],
          [
            17.0367698,
            51.1024804
          ],
          [
            17.0366848,
            51.1022601
          ],
          [
            17.0366461,
            51.1021582
          ],
          [
            17.0366199,
            51.1020929
          ],
          [
            17.036594,
            51.1020261
          ],
          [
            17.0365724,
            51.1019713
          ],
          [
            17.0365247,
            51.1018495
          ],
          [
            17.0365043,
            51.1017938
          ],
          [
            17.0364369,
            51.1016231
          ],
          [
            17.0363695,
            51.1014525
          ],
          [
            17.036294,
            51.1012589
          ],
          [
            17.0362471,
            51.1011389
          ],
          [
            17.0362202,
            51.101061
          ],
          [
            17.0361999,
            51.1009933
          ],
          [
            17.0361449,
            51.1007919
          ],
          [
            17.0361325,
            51.1007523
          ],
          [
            17.0361248,
            51.1007264
          ],
          [
            17.036114,
            51.1006918
          ],
          [
            17.0361048,
            51.1006585
          ],
          [
            17.0360939,
            51.1006196
          ],
          [
            17.0360815,
            51.1005737
          ],
          [
            17.0360668,
            51.1005223
          ],
          [
            17.0360497,
            51.1004599
          ],
          [
            17.0360301,
            51.1004029
          ],
          [
            17.0359879,
            51.1002907
          ],
          [
            17.0359565,
            51.1002072
          ],
          [
            17.0359376,
            51.100157
          ],
          [
            17.0359081,
            51.1000816
          ],
          [
            17.0358928,
            51.1000578
          ],
          [
            17.0358893,
            51.1000529
          ],
          [
            17.0358624,
            51.1000155
          ],
          [
            17.0358415,
            51.0999932
          ],
          [
            17.0358119,
            51.0999639
          ],
          [
            17.0358019,
            51.0999565
          ],
          [
            17.0357934,
            51.0999498
          ],
          [
            17.0357629,
            51.0999269
          ],
          [
            17.035726,
            51.0999015
          ],
          [
            17.0356071,
            51.0998309
          ],
          [
            17.0355467,
            51.0997949
          ],
          [
            17.0355122,
            51.0997744
          ],
          [
            17.0354455,
            51.0997326
          ],
          [
            17.0351558,
            51.0995594
          ],
          [
            17.0350338,
            51.0994852
          ],
          [
            17.0350067,
            51.0994684
          ],
          [
            17.0349666,
            51.0994436
          ],
          [
            17.0349318,
            51.0994244
          ],
          [
            17.0348564,
            51.0993903
          ],
          [
            17.0348047,
            51.0993734
          ],
          [
            17.0347298,
            51.0993607
          ],
          [
            17.0346667,
            51.0993585
          ],
          [
            17.0345878,
            51.0993646
          ],
          [
            17.0343175,
            51.0993985
          ],
          [
            17.0340397,
            51.0994321
          ],
          [
            17.0340028,
            51.0994357
          ],
          [
            17.0339597,
            51.0994387
          ],
          [
            17.0339204,
            51.0994397
          ],
          [
            17.0338835,
            51.0994379
          ],
          [
            17.0338405,
            51.0994345
          ],
          [
            17.0337981,
            51.0994279
          ],
          [
            17.0337633,
            51.0994193
          ],
          [
            17.0337255,
            51.0994071
          ],
          [
            17.0337034,
            51.0993984
          ],
          [
            17.0336797,
            51.0993873
          ],
          [
            17.0336564,
            51.099375
          ],
          [
            17.033627,
            51.0993556
          ],
          [
            17.0336004,
            51.0993367
          ],
          [
            17.0335747,
            51.0993165
          ],
          [
            17.0335525,
            51.0992974
          ],
          [
            17.0335294,
            51.0992736
          ],
          [
            17.0335199,
            51.0992608
          ],
          [
            17.033507,
            51.0992404
          ],
          [
            17.0334764,
            51.0991921
          ],
          [
            17.0334283,
            51.0990838
          ],
          [
            17.0332805,
            51.0987556
          ],
          [
            17.0332498,
            51.0986878
          ],
          [
            17.0332044,
            51.098596
          ],
          [
            17.0331468,
            51.0984853
          ],
          [
            17.0330681,
            51.098348
          ],
          [
            17.0329737,
            51.0981939
          ],
          [
            17.0329051,
            51.0980824
          ],
          [
            17.0328586,
            51.0980089
          ],
          [
            17.0328438,
            51.0979855
          ],
          [
            17.0328145,
            51.0979391
          ],
          [
            17.0327898,
            51.0978991
          ],
          [
            17.0327779,
            51.0978754
          ],
          [
            17.0327637,
            51.097847
          ],
          [
            17.0327399,
            51.0977915
          ],
          [
            17.0327267,
            51.0977464
          ],
          [
            17.0327125,
            51.0976868
          ],
          [
            17.0327045,
            51.0975991
          ],
          [
            17.0327044,
            51.0975499
          ],
          [
            17.0327042,
            51.0973723
          ],
          [
            17.0327043,
            51.097154
          ],
          [
            17.0327048,
            51.0969969
          ],
          [
            17.0327088,
            51.0968963
          ],
          [
            17.0327108,
            51.0968346
          ],
          [
            17.0327346,
            51.0962422
          ],
          [
            17.0327548,
            51.0954048
          ],
          [
            17.032754,
            51.0953182
          ],
          [
            17.0327593,
            51.0951646
          ],
          [
            17.0327632,
            51.0950363
          ],
          [
            17.032766,
            51.0950093
          ],
          [
            17.0327713,
            51.0949828
          ],
          [
            17.0327874,
            51.0949143
          ],
          [
            17.0328027,
            51.0948688
          ],
          [
            17.0328271,
            51.0948128
          ],
          [
            17.032872,
            51.0947313
          ],
          [
            17.0330929,
            51.0943247
          ],
          [
            17.0331238,
            51.0942705
          ],
          [
            17.0331345,
            51.0942518
          ],
          [
            17.0331749,
            51.0941946
          ],
          [
            17.0332103,
            51.0941641
          ],
          [
            17.0332441,
            51.0941426
          ],
          [
            17.0332844,
            51.0941229
          ],
          [
            17.0333168,
            51.0941117
          ],
          [
            17.0334522,
            51.0940756
          ],
          [
            17.0335975,
            51.0940402
          ],
          [
            17.0336595,
            51.0940261
          ],
          [
            17.0337465,
            51.0940062
          ],
          [
            17.0339665,
            51.0939549
          ],
          [
            17.0344666,
            51.0938362
          ],
          [
            17.0351726,
            51.0936683
          ],
          [
            17.03587,
            51.0935002
          ],
          [
            17.0360311,
            51.0934625
          ],
          [
            17.0365527,
            51.0933424
          ],
          [
            17.0372107,
            51.0931855
          ],
          [
            17.0380006,
            51.0930008
          ],
          [
            17.0383758,
            51.0929075
          ],
          [
            17.0385056,
            51.0928735
          ],
          [
            17.0385775,
            51.09285
          ],
          [
            17.0386124,
            51.0928361
          ],
          [
            17.0386618,
            51.0928164
          ],
          [
            17.0387531,
            51.0927723
          ],
          [
            17.0388139,
            51.0927353
          ],
          [
            17.0388724,
            51.0926956
          ],
          [
            17.0389221,
            51.0926521
          ],
          [
            17.038971,
            51.0926025
          ],
          [
            17.0390072,
            51.0925516
          ],
          [
            17.0390481,
            51.0924883
          ],
          [
            17.0390812,
            51.0924369
          ],
          [
            17.0391463,
            51.0923385
          ],
          [
            17.0392148,
            51.0922318
          ],
          [
            17.0392601,
            51.0921777
          ],
          [
            17.0393019,
            51.0921331
          ],
          [
            17.0393502,
            51.0920945
          ],
          [
            17.0394018,
            51.0920595
          ],
          [
            17.0394639,
            51.092022
          ],
          [
            17.0394804,
            51.0920141
          ],
          [
            17.0395211,
            51.0919946
          ],
          [
            17.0395457,
            51.0919828
          ],
          [
            17.0396211,
            51.0919545
          ],
          [
            17.0397356,
            51.0919149
          ],
          [
            17.0398749,
            51.0918691
          ],
          [
            17.0401338,
            51.0917904
          ],
          [
            17.0403173,
            51.091735
          ],
          [
            17.0406893,
            51.0916242
          ],
          [
            17.0410159,
            51.0915271
          ],
          [
            17.041635,
            51.0913449
          ],
          [
            17.0419767,
            51.0912453
          ],
          [
            17.0421734,
            51.0911879
          ],
          [
            17.0423041,
            51.0911524
          ],
          [
            17.0424348,
            51.0911217
          ],
          [
            17.0425773,
            51.0911015
          ],
          [
            17.0427146,
            51.0910784
          ],
          [
            17.0427576,
            51.0910737
          ],
          [
            17.0428829,
            51.0910601
          ],
          [
            17.0430399,
            51.0910477
          ],
          [
            17.0432176,
            51.091043
          ],
          [
            17.0433019,
            51.0910427
          ],
          [
            17.043416,
            51.0910449
          ],
          [
            17.0434484,
            51.0910462
          ],
          [
            17.0435119,
            51.0910502
          ],
          [
            17.0435705,
            51.0910543
          ],
          [
            17.0436458,
            51.0910614
          ],
          [
            17.0437147,
            51.0910661
          ],
          [
            17.0437727,
            51.0910705
          ],
          [
            17.0438152,
            51.0910716
          ],
          [
            17.0438422,
            51.0910711
          ],
          [
            17.0438593,
            51.0910703
          ],
          [
            17.0438949,
            51.0910669
          ],
          [
            17.0439299,
            51.0910617
          ],
          [
            17.0439651,
            51.0910542
          ],
          [
            17.0439988,
            51.0910447
          ],
          [
            17.0440292,
            51.091034
          ],
          [
            17.0440599,
            51.0910209
          ],
          [
            17.0440886,
            51.0910063
          ],
          [
            17.0441136,
            51.0909902
          ],
          [
            17.0441361,
            51.0909732
          ],
          [
            17.0441581,
            51.0909536
          ],
          [
            17.0441785,
            51.0909306
          ],
          [
            17.0441902,
            51.0909144
          ],
          [
            17.0442046,
            51.0908965
          ],
          [
            17.0442059,
            51.090894
          ],
          [
            17.0442443,
            51.0908214
          ],
          [
            17.0443151,
            51.0906926
          ],
          [
            17.0444619,
            51.0904311
          ],
          [
            17.0446783,
            51.0900407
          ],
          [
            17.0448824,
            51.0896768
          ],
          [
            17.0449765,
            51.0895015
          ],
          [
            17.0451418,
            51.0892021
          ],
          [
            17.0451758,
            51.0891401
          ],
          [
            17.0453634,
            51.0887989
          ],
          [
            17.0455382,
            51.0884773
          ],
          [
            17.0456547,
            51.0882577
          ],
          [
            17.0457571,
            51.0880659
          ],
          [
            17.0458419,
            51.0879096
          ],
          [
            17.0459321,
            51.0877423
          ],
          [
            17.0460006,
            51.0876177
          ],
          [
            17.0460826,
            51.0874737
          ],
          [
            17.0462242,
            51.087228
          ],
          [
            17.0463717,
            51.0869761
          ],
          [
            17.046486,
            51.0867802
          ],
          [
            17.0465913,
            51.0865921
          ],
          [
            17.0466707,
            51.0864051
          ],
          [
            17.0467059,
            51.086331
          ],
          [
            17.0467423,
            51.0862693
          ],
          [
            17.046786,
            51.0861934
          ],
          [
            17.0468322,
            51.086113
          ],
          [
            17.0469727,
            51.0858726
          ],
          [
            17.0469996,
            51.0858316
          ],
          [
            17.0470123,
            51.0858159
          ],
          [
            17.0470335,
            51.0857895
          ],
          [
            17.0470815,
            51.085739
          ],
          [
            17.0471416,
            51.0856871
          ],
          [
            17.0471883,
            51.085656
          ],
          [
            17.0472617,
            51.0856126
          ],
          [
            17.0473199,
            51.0855829
          ],
          [
            17.0473846,
            51.0855541
          ],
          [
            17.0474563,
            51.0855305
          ],
          [
            17.0475218,
            51.0855046
          ],
          [
            17.047606,
            51.0854687
          ],
          [
            17.0476811,
            51.0854335
          ],
          [
            17.0477426,
            51.0853991
          ],
          [
            17.0478284,
            51.0853474
          ],
          [
            17.0478965,
            51.0853013
          ],
          [
            17.0480377,
            51.0852014
          ],
          [
            17.0483757,
            51.0849705
          ],
          [
            17.0484616,
            51.0849079
          ],
          [
            17.0485201,
            51.0848633
          ],
          [
            17.048577,
            51.0848105
          ],
          [
            17.0486449,
            51.0847388
          ],
          [
            17.0486922,
            51.0846754
          ],
          [
            17.0487365,
            51.0846052
          ],
          [
            17.0487529,
            51.0845638
          ],
          [
            17.0487692,
            51.0845225
          ],
          [
            17.0487806,
            51.0844938
          ],
          [
            17.0487919,
            51.084465
          ],
          [
            17.0488408,
            51.0843197
          ],
          [
            17.0489337,
            51.0840804
          ],
          [
            17.0489994,
            51.0839049
          ],
          [
            17.0490623,
            51.0837366
          ],
          [
            17.0491973,
            51.0833773
          ],
          [
            17.0492409,
            51.0832757
          ],
          [
            17.0492459,
            51.0832633
          ],
          [
            17.0492499,
            51.0832515
          ],
          [
            17.0492507,
            51.0832488
          ],
          [
            17.0492844,
            51.0831799
          ],
          [
            17.0493489,
            51.0831142
          ],
          [
            17.0494249,
            51.0830635
          ],
          [
            17.0494664,
            51.0830427
          ],
          [
            17.0495257,
            51.08302
          ],
          [
            17.0495669,
            51.0830079
          ],
          [
            17.0496228,
            51.0829947
          ],
          [
            17.0496787,
            51.0829857
          ],
          [
            17.0497187,
            51.0829813
          ],
          [
            17.0499111,
            51.0829742
          ],
          [
            17.0499804,
            51.0829699
          ],
          [
            17.0500486,
            51.0829663
          ],
          [
            17.050246,
            51.08296
          ],
          [
            17.0507473,
            51.082936
          ],
          [
            17.0513654,
            51.0829111
          ],
          [
            17.0517987,
            51.0828926
          ],
          [
            17.0521711,
            51.0828778
          ],
          [
            17.0525218,
            51.0828648
          ],
          [
            17.0528048,
            51.0828629
          ],
          [
            17.0530612,
            51.0828702
          ],
          [
            17.0532043,
            51.0828763
          ],
          [
            17.0533186,
            51.082884
          ],
          [
            17.0534771,
            51.0828939
          ],
          [
            17.0536431,
            51.0829043
          ],
          [
            17.0536796,
            51.082908
          ],
          [
            17.0539121,
            51.0829302
          ],
          [
            17.0541401,
            51.0829568
          ],
          [
            17.054164,
            51.0829598
          ],
          [
            17.0542394,
            51.0829692
          ],
          [
            17.0544915,
            51.0830006
          ],
          [
            17.0546757,
            51.0830238
          ],
          [
            17.0561507,
            51.0832094
          ],
          [
            17.0569357,
            51.0833082
          ],
          [
            17.0576844,
            51.0834014
          ],
          [
            17.0583712,
            51.083489
          ],
          [
            17.0590923,
            51.0835798
          ],
          [
            17.0598013,
            51.0836698
          ],
          [
            17.0602488,
            51.0837242
          ],
          [
            17.0603952,
            51.0837354
          ],
          [
            17.060443,
            51.083739
          ],
          [
            17.0605416,
            51.0837433
          ],
          [
            17.0606595,
            51.083739
          ],
          [
            17.0607602,
            51.0837224
          ],
          [
            17.0608135,
            51.0837081
          ],
          [
            17.0608424,
            51.0837004
          ],
          [
            17.0609073,
            51.0836731
          ],
          [
            17.0609634,
            51.0836402
          ],
          [
            17.0610288,
            51.0835863
          ],
          [
            17.0610904,
            51.0835251
          ],
          [
            17.0611406,
            51.0834584
          ],
          [
            17.0611759,
            51.0833961
          ],
          [
            17.0612112,
            51.0833106
          ],
          [
            17.0612682,
            51.0831628
          ],
          [
            17.0612928,
            51.0830989
          ],
          [
            17.0613209,
            51.083026
          ],
          [
            17.0614092,
            51.0827968
          ],
          [
            17.0615606,
            51.0824067
          ],
          [
            17.0616414,
            51.0821902
          ],
          [
            17.0616582,
            51.0821451
          ],
          [
            17.0617044,
            51.0820068
          ],
          [
            17.0617496,
            51.0818639
          ],
          [
            17.0618707,
            51.0814942
          ],
          [
            17.0619869,
            51.0811437
          ],
          [
            17.0620615,
            51.0809182
          ],
          [
            17.0621574,
            51.0806392
          ],
          [
            17.0621614,
            51.0806308
          ],
          [
            17.0621816,
            51.080589
          ],
          [
            17.0622192,
            51.0805376
          ],
          [
            17.0622596,
            51.0804971
          ],
          [
            17.0622915,
            51.0804701
          ],
          [
            17.0623302,
            51.0804445
          ],
          [
            17.0623555,
            51.0804253
          ],
          [
            17.0623757,
            51.0804113
          ],
          [
            17.0624193,
            51.0803697
          ],
          [
            17.0624585,
            51.0803256
          ],
          [
            17.0624851,
            51.0802908
          ],
          [
            17.06249,
            51.0802819
          ],
          [
            17.0625052,
            51.0802545
          ],
          [
            17.0625105,
            51.0802449
          ],
          [
            17.0625886,
            51.0800485
          ],
          [
            17.0626494,
            51.0798947
          ],
          [
            17.0626809,
            51.07982
          ],
          [
            17.0627454,
            51.0796785
          ],
          [
            17.0628284,
            51.0795281
          ],
          [
            17.0628881,
            51.0794221
          ],
          [
            17.0629824,
            51.079261
          ],
          [
            17.0630268,
            51.0791953
          ],
          [
            17.0631372,
            51.0790322
          ],
          [
            17.0631756,
            51.078971
          ],
          [
            17.0633431,
            51.0787294
          ],
          [
            17.063412,
            51.0786279
          ],
          [
            17.0634327,
            51.0785974
          ],
          [
            17.0634511,
            51.0785702
          ],
          [
            17.0635135,
            51.0784661
          ],
          [
            17.0635558,
            51.0783954
          ],
          [
            17.0635615,
            51.0783858
          ],
          [
            17.0636631,
            51.0781933
          ],
          [
            17.0637126,
            51.0780974
          ]
        ]
      },
      "id": "relation/63485"
    },
    {
      "type": "Feature",
      "properties": {
        "@id": "relation/2394367",
        "check_date": "2026-05-19",
        "from": "Tarnogaj",
        "interval:conditional": "12 @ (Mo-Fr 06:00-09:00,14:00-18:00); 15 @ (Mo-Fr 05:00-06:00,09:00-14:00,18:00-20:00); 20 @ (Mo-Fr 20:00-23:00,Sa-Su 05:00-23:00)",
        "name": "8: Tarnogaj → Karłowice",
        "network": "Wrocław",
        "opening_hours": "Mo-Su 05:00-23:00",
        "operator": "WTr UM Wrocław",
        "public_transport:version": "2",
        "ref": "8",
        "route": "tram",
        "source:interval": "https://mpk.wroc.pl/komunikat/701/2024-09-30-01092024r-zmiana-rozkladu-jazdy",
        "to": "Karłowice",
        "type": "route",
        "url": "https://www.wroclaw.pl/komunikacja/przystanek-tarnogaj-linia-8-kierunek-karlowice-slupek-21022",
        "wheelchair": "limited"
      },
      "geometry": {
        "type": "LineString",
        "coordinates": [
          [
            17.0639848,
            51.0784707
          ],
          [
            17.063918,
            51.0784655
          ],
          [
            17.0638225,
            51.0784671
          ],
          [
            17.0637527,
            51.078476
          ],
          [
            17.0636775,
            51.0784935
          ],
          [
            17.0636679,
            51.0784971
          ],
          [
            17.0636071,
            51.0785201
          ],
          [
            17.0635355,
            51.0785614
          ],
          [
            17.0634863,
            51.0786112
          ],
          [
            17.0634606,
            51.0786372
          ],
          [
            17.0634089,
            51.078717
          ],
          [
            17.0633079,
            51.0788642
          ],
          [
            17.0631927,
            51.0790451
          ],
          [
            17.0631144,
            51.0791659
          ],
          [
            17.0630863,
            51.0792087
          ],
          [
            17.0629878,
            51.079359
          ],
          [
            17.0629043,
            51.0794978
          ],
          [
            17.0628329,
            51.0796298
          ],
          [
            17.0627572,
            51.0797838
          ],
          [
            17.0626984,
            51.0799193
          ],
          [
            17.0625833,
            51.0802061
          ],
          [
            17.0625608,
            51.0802639
          ],
          [
            17.0625569,
            51.080272
          ],
          [
            17.0625473,
            51.0802921
          ],
          [
            17.0625448,
            51.0802974
          ],
          [
            17.0625165,
            51.0803408
          ],
          [
            17.0624701,
            51.0803894
          ],
          [
            17.0624242,
            51.0804252
          ],
          [
            17.0624187,
            51.0804333
          ],
          [
            17.0623627,
            51.0804741
          ],
          [
            17.0623526,
            51.0804813
          ],
          [
            17.0623341,
            51.0804945
          ],
          [
            17.062301,
            51.0805235
          ],
          [
            17.0622566,
            51.0805731
          ],
          [
            17.0622242,
            51.0806247
          ],
          [
            17.0622194,
            51.0806375
          ],
          [
            17.0622036,
            51.0806799
          ],
          [
            17.0620495,
            51.0811382
          ],
          [
            17.0619299,
            51.081494
          ],
          [
            17.061806,
            51.0818657
          ],
          [
            17.0616934,
            51.0821967
          ],
          [
            17.0616858,
            51.0822192
          ],
          [
            17.0616272,
            51.0823921
          ],
          [
            17.0614672,
            51.0828054
          ],
          [
            17.0613769,
            51.0830356
          ],
          [
            17.0613488,
            51.0831072
          ],
          [
            17.0612647,
            51.0833216
          ],
          [
            17.0612283,
            51.0834117
          ],
          [
            17.0611922,
            51.0834769
          ],
          [
            17.0611443,
            51.0835379
          ],
          [
            17.0611382,
            51.0835457
          ],
          [
            17.0610948,
            51.0835929
          ],
          [
            17.0610833,
            51.0836054
          ],
          [
            17.0610173,
            51.0836575
          ],
          [
            17.0609513,
            51.0836952
          ],
          [
            17.060906,
            51.0837173
          ],
          [
            17.0608313,
            51.0837456
          ],
          [
            17.0607107,
            51.0837723
          ],
          [
            17.0605894,
            51.083784
          ],
          [
            17.0604357,
            51.0837794
          ],
          [
            17.0603807,
            51.083774
          ],
          [
            17.0602737,
            51.0837643
          ],
          [
            17.0595691,
            51.0836754
          ],
          [
            17.0578164,
            51.0834551
          ],
          [
            17.0556291,
            51.0831809
          ],
          [
            17.0543286,
            51.0830193
          ],
          [
            17.0542271,
            51.0830051
          ],
          [
            17.0541518,
            51.0829975
          ],
          [
            17.0538884,
            51.0829652
          ],
          [
            17.0536205,
            51.0829371
          ],
          [
            17.0535655,
            51.0829326
          ],
          [
            17.053222,
            51.0829103
          ],
          [
            17.0528709,
            51.0828964
          ],
          [
            17.0523633,
            51.0829041
          ],
          [
            17.0519051,
            51.0829208
          ],
          [
            17.0500435,
            51.0830035
          ],
          [
            17.0499748,
            51.0830066
          ],
          [
            17.0499031,
            51.0830099
          ],
          [
            17.0497565,
            51.0830146
          ],
          [
            17.0496413,
            51.0830289
          ],
          [
            17.0495936,
            51.08304
          ],
          [
            17.0495481,
            51.0830532
          ],
          [
            17.0494642,
            51.0830904
          ],
          [
            17.0494179,
            51.0831185
          ],
          [
            17.0493654,
            51.0831618
          ],
          [
            17.0493418,
            51.0831931
          ],
          [
            17.049309,
            51.0832508
          ],
          [
            17.0493062,
            51.0832553
          ],
          [
            17.0493023,
            51.0832617
          ],
          [
            17.0493011,
            51.0832658
          ],
          [
            17.0492875,
            51.0833029
          ],
          [
            17.0492464,
            51.0834019
          ],
          [
            17.0491325,
            51.0837049
          ],
          [
            17.0490257,
            51.0839901
          ],
          [
            17.0490132,
            51.0840235
          ],
          [
            17.0488534,
            51.0844559
          ],
          [
            17.0488381,
            51.0844973
          ],
          [
            17.0488227,
            51.0845386
          ],
          [
            17.04881,
            51.084571
          ],
          [
            17.0488038,
            51.084587
          ],
          [
            17.0487569,
            51.0846758
          ],
          [
            17.0486949,
            51.0847615
          ],
          [
            17.0486088,
            51.0848496
          ],
          [
            17.0484977,
            51.0849391
          ],
          [
            17.0483707,
            51.0850254
          ],
          [
            17.0480326,
            51.0852629
          ],
          [
            17.0478933,
            51.0853576
          ],
          [
            17.0478612,
            51.0853793
          ],
          [
            17.0477795,
            51.0854232
          ],
          [
            17.0476967,
            51.0854647
          ],
          [
            17.0476102,
            51.0855036
          ],
          [
            17.0475042,
            51.0855438
          ],
          [
            17.0474068,
            51.0855806
          ],
          [
            17.0473775,
            51.0855931
          ],
          [
            17.0473261,
            51.085618
          ],
          [
            17.0472658,
            51.0856527
          ],
          [
            17.0472116,
            51.085689
          ],
          [
            17.0471561,
            51.0857316
          ],
          [
            17.0471188,
            51.0857674
          ],
          [
            17.0470837,
            51.0858108
          ],
          [
            17.0470789,
            51.0858168
          ],
          [
            17.0470728,
            51.0858242
          ],
          [
            17.0470646,
            51.0858334
          ],
          [
            17.0470586,
            51.0858411
          ],
          [
            17.0470348,
            51.0858753
          ],
          [
            17.0470308,
            51.0858829
          ],
          [
            17.0469977,
            51.0859404
          ],
          [
            17.0468657,
            51.0861643
          ],
          [
            17.0468427,
            51.0862032
          ],
          [
            17.046767,
            51.0863357
          ],
          [
            17.0467171,
            51.0864188
          ],
          [
            17.0466313,
            51.0865993
          ],
          [
            17.0465942,
            51.0866708
          ],
          [
            17.0465578,
            51.0867367
          ],
          [
            17.0463489,
            51.087093
          ],
          [
            17.0461045,
            51.0875093
          ],
          [
            17.045812,
            51.0880451
          ],
          [
            17.0455725,
            51.0884943
          ],
          [
            17.0453595,
            51.0888823
          ],
          [
            17.0452426,
            51.0891039
          ],
          [
            17.0451596,
            51.0892483
          ],
          [
            17.0449388,
            51.0896509
          ],
          [
            17.0447157,
            51.0900511
          ],
          [
            17.0444326,
            51.0905606
          ],
          [
            17.044355,
            51.0907007
          ],
          [
            17.0443116,
            51.0907791
          ],
          [
            17.0442431,
            51.0909021
          ],
          [
            17.0442294,
            51.0909293
          ],
          [
            17.0442047,
            51.0909629
          ],
          [
            17.0441861,
            51.0909845
          ],
          [
            17.0441661,
            51.0910032
          ],
          [
            17.0441424,
            51.091021
          ],
          [
            17.0441176,
            51.0910369
          ],
          [
            17.0440888,
            51.0910521
          ],
          [
            17.0440587,
            51.0910647
          ],
          [
            17.0440279,
            51.0910758
          ],
          [
            17.0439935,
            51.0910851
          ],
          [
            17.0439602,
            51.0910925
          ],
          [
            17.0439235,
            51.0910976
          ],
          [
            17.0438892,
            51.0911
          ],
          [
            17.0438497,
            51.0911008
          ],
          [
            17.0438206,
            51.0910998
          ],
          [
            17.0437746,
            51.0910974
          ],
          [
            17.0437209,
            51.0910932
          ],
          [
            17.0435844,
            51.0910829
          ],
          [
            17.0434977,
            51.0910755
          ],
          [
            17.0434134,
            51.0910708
          ],
          [
            17.0432255,
            51.0910691
          ],
          [
            17.0430493,
            51.0910745
          ],
          [
            17.0428999,
            51.0910847
          ],
          [
            17.0427602,
            51.0910988
          ],
          [
            17.0425979,
            51.0911231
          ],
          [
            17.0424275,
            51.0911518
          ],
          [
            17.0423036,
            51.0911802
          ],
          [
            17.0421817,
            51.0912148
          ],
          [
            17.041865,
            51.0913073
          ],
          [
            17.0417086,
            51.0913517
          ],
          [
            17.0410371,
            51.0915482
          ],
          [
            17.0403841,
            51.091743
          ],
          [
            17.039794,
            51.0919248
          ],
          [
            17.039704,
            51.091955
          ],
          [
            17.0396197,
            51.091985
          ],
          [
            17.0395541,
            51.092013
          ],
          [
            17.0395166,
            51.0920318
          ],
          [
            17.0394791,
            51.0920505
          ],
          [
            17.0394262,
            51.092085
          ],
          [
            17.0393767,
            51.0921179
          ],
          [
            17.0393225,
            51.0921642
          ],
          [
            17.0392796,
            51.0922128
          ],
          [
            17.0392225,
            51.0922881
          ],
          [
            17.03914,
            51.0924189
          ],
          [
            17.0391148,
            51.0924664
          ],
          [
            17.0390945,
            51.0924987
          ],
          [
            17.039084,
            51.0925154
          ],
          [
            17.0390488,
            51.0925656
          ],
          [
            17.039007,
            51.0926159
          ],
          [
            17.0389558,
            51.092672
          ],
          [
            17.0389052,
            51.0927155
          ],
          [
            17.0388724,
            51.0927429
          ],
          [
            17.038839,
            51.0927631
          ],
          [
            17.0388307,
            51.0927679
          ],
          [
            17.0387781,
            51.0927981
          ],
          [
            17.0387744,
            51.0928002
          ],
          [
            17.0386813,
            51.0928422
          ],
          [
            17.0386298,
            51.0928615
          ],
          [
            17.0385791,
            51.0928804
          ],
          [
            17.0384367,
            51.0929209
          ],
          [
            17.0379213,
            51.0930479
          ],
          [
            17.0372241,
            51.0932103
          ],
          [
            17.0365943,
            51.0933593
          ],
          [
            17.0364726,
            51.0933854
          ],
          [
            17.0363961,
            51.0934061
          ],
          [
            17.0357602,
            51.0935574
          ],
          [
            17.0350564,
            51.0937241
          ],
          [
            17.034347,
            51.0938944
          ],
          [
            17.0342648,
            51.0939127
          ],
          [
            17.0336759,
            51.0940502
          ],
          [
            17.0335431,
            51.0940827
          ],
          [
            17.0333711,
            51.0941265
          ],
          [
            17.0333074,
            51.0941475
          ],
          [
            17.0332553,
            51.0941768
          ],
          [
            17.0332186,
            51.0942053
          ],
          [
            17.0331787,
            51.094253
          ],
          [
            17.0331657,
            51.0942742
          ],
          [
            17.0331431,
            51.094311
          ],
          [
            17.0331176,
            51.0943582
          ],
          [
            17.0329614,
            51.0946412
          ],
          [
            17.0328985,
            51.0947585
          ],
          [
            17.0328576,
            51.0948385
          ],
          [
            17.0328396,
            51.0948853
          ],
          [
            17.0328188,
            51.0949509
          ],
          [
            17.0328115,
            51.0949891
          ],
          [
            17.0328063,
            51.0950182
          ],
          [
            17.0328047,
            51.0950447
          ],
          [
            17.0328023,
            51.0951088
          ],
          [
            17.0327976,
            51.0953013
          ],
          [
            17.0327966,
            51.0953588
          ],
          [
            17.0327911,
            51.0956094
          ],
          [
            17.0327821,
            51.096021
          ],
          [
            17.0327729,
            51.0963818
          ],
          [
            17.0327585,
            51.0967662
          ],
          [
            17.0327573,
            51.0968353
          ],
          [
            17.0327563,
            51.0968884
          ],
          [
            17.0327543,
            51.0970011
          ],
          [
            17.0327543,
            51.0972709
          ],
          [
            17.0327537,
            51.0975177
          ],
          [
            17.0327535,
            51.0975507
          ],
          [
            17.0327534,
            51.097563
          ],
          [
            17.0327548,
            51.0975875
          ],
          [
            17.0327599,
            51.0976739
          ],
          [
            17.0327759,
            51.0977434
          ],
          [
            17.0327875,
            51.0977835
          ],
          [
            17.0328043,
            51.0978248
          ],
          [
            17.032821,
            51.097859
          ],
          [
            17.0328436,
            51.0978994
          ],
          [
            17.0328727,
            51.0979497
          ],
          [
            17.0328885,
            51.0979741
          ],
          [
            17.0329033,
            51.0979968
          ],
          [
            17.032946,
            51.0980627
          ],
          [
            17.0330199,
            51.0981806
          ],
          [
            17.0331078,
            51.0983275
          ],
          [
            17.0331835,
            51.0984646
          ],
          [
            17.0332456,
            51.0985891
          ],
          [
            17.0332926,
            51.0986827
          ],
          [
            17.0333208,
            51.0987425
          ],
          [
            17.0333236,
            51.0987467
          ],
          [
            17.0334727,
            51.0990758
          ],
          [
            17.033509,
            51.0991559
          ],
          [
            17.0335323,
            51.0991935
          ],
          [
            17.0335612,
            51.0992306
          ],
          [
            17.033589,
            51.0992616
          ],
          [
            17.0336286,
            51.099301
          ],
          [
            17.0336467,
            51.0993153
          ],
          [
            17.0336652,
            51.0993302
          ],
          [
            17.0336852,
            51.0993429
          ],
          [
            17.0337036,
            51.0993527
          ],
          [
            17.033731,
            51.0993648
          ],
          [
            17.033759,
            51.0993755
          ],
          [
            17.0337951,
            51.0993868
          ],
          [
            17.0338342,
            51.099395
          ],
          [
            17.0338651,
            51.0993997
          ],
          [
            17.0339082,
            51.099403
          ],
          [
            17.0339387,
            51.0994036
          ],
          [
            17.0339707,
            51.0994025
          ],
          [
            17.0340058,
            51.0993995
          ],
          [
            17.0342273,
            51.0993732
          ],
          [
            17.0343036,
            51.0993636
          ],
          [
            17.0343631,
            51.0993564
          ],
          [
            17.0345526,
            51.0993329
          ],
          [
            17.0346038,
            51.0993267
          ],
          [
            17.0346658,
            51.099323
          ],
          [
            17.0347464,
            51.0993257
          ],
          [
            17.0348159,
            51.0993379
          ],
          [
            17.0348606,
            51.0993517
          ],
          [
            17.0349204,
            51.099376
          ],
          [
            17.0349726,
            51.0994007
          ],
          [
            17.035044,
            51.0994437
          ],
          [
            17.0351467,
            51.0995055
          ],
          [
            17.0354971,
            51.0997163
          ],
          [
            17.0355475,
            51.0997462
          ],
          [
            17.0355855,
            51.0997689
          ],
          [
            17.0356372,
            51.0997997
          ],
          [
            17.0357496,
            51.0998663
          ],
          [
            17.0357939,
            51.0998972
          ],
          [
            17.0358147,
            51.0999112
          ],
          [
            17.035842,
            51.0999341
          ],
          [
            17.0358976,
            51.0999921
          ],
          [
            17.0359144,
            51.1000141
          ],
          [
            17.0359305,
            51.1000402
          ],
          [
            17.0359534,
            51.1000843
          ],
          [
            17.0359678,
            51.1001272
          ],
          [
            17.0360242,
            51.1002697
          ],
          [
            17.0360798,
            51.1004218
          ],
          [
            17.0361188,
            51.1005151
          ],
          [
            17.0361367,
            51.1005655
          ],
          [
            17.0361481,
            51.1005979
          ],
          [
            17.0361613,
            51.1006403
          ],
          [
            17.0361724,
            51.1006802
          ],
          [
            17.0361833,
            51.1007224
          ],
          [
            17.036219,
            51.1008513
          ],
          [
            17.036258,
            51.1009944
          ],
          [
            17.0362991,
            51.1011306
          ],
          [
            17.0363236,
            51.101212
          ],
          [
            17.0363435,
            51.1012735
          ],
          [
            17.0364151,
            51.1014613
          ],
          [
            17.0364753,
            51.1016133
          ],
          [
            17.0365647,
            51.1018435
          ],
          [
            17.0366348,
            51.1020213
          ],
          [
            17.0366871,
            51.1021566
          ],
          [
            17.0367241,
            51.1022498
          ],
          [
            17.0368159,
            51.1024841
          ],
          [
            17.0369091,
            51.1027245
          ],
          [
            17.0369832,
            51.1029106
          ],
          [
            17.037034,
            51.1030417
          ],
          [
            17.0370594,
            51.1031126
          ],
          [
            17.0370787,
            51.1031687
          ],
          [
            17.0370967,
            51.1032272
          ],
          [
            17.0371093,
            51.1032748
          ],
          [
            17.0371324,
            51.1033648
          ],
          [
            17.0371554,
            51.1034397
          ],
          [
            17.0371719,
            51.1034902
          ],
          [
            17.0371937,
            51.1035551
          ],
          [
            17.0372511,
            51.1037147
          ],
          [
            17.0372661,
            51.103753
          ],
          [
            17.0372703,
            51.1037654
          ],
          [
            17.0372947,
            51.103824
          ],
          [
            17.0373067,
            51.1038515
          ],
          [
            17.0373237,
            51.1038895
          ],
          [
            17.0373603,
            51.1039575
          ],
          [
            17.0374001,
            51.1040272
          ],
          [
            17.0374343,
            51.1040944
          ],
          [
            17.0374476,
            51.1041226
          ],
          [
            17.0374729,
            51.1041807
          ],
          [
            17.0374849,
            51.104211
          ],
          [
            17.0375047,
            51.1042625
          ],
          [
            17.0376304,
            51.1045885
          ],
          [
            17.0376577,
            51.1046558
          ],
          [
            17.0377549,
            51.1049154
          ],
          [
            17.0378575,
            51.1051901
          ],
          [
            17.0378581,
            51.1051919
          ],
          [
            17.0381737,
            51.1060023
          ],
          [
            17.0382538,
            51.1062072
          ],
          [
            17.0383343,
            51.1064168
          ],
          [
            17.0384956,
            51.1068268
          ],
          [
            17.0385277,
            51.10693
          ],
          [
            17.0385512,
            51.1070413
          ],
          [
            17.0385594,
            51.1071266
          ],
          [
            17.0385614,
            51.10722
          ],
          [
            17.0385674,
            51.1072976
          ],
          [
            17.0385743,
            51.1073429
          ],
          [
            17.0385903,
            51.1074197
          ],
          [
            17.0386309,
            51.1075633
          ],
          [
            17.0386358,
            51.1075799
          ],
          [
            17.0386413,
            51.1076013
          ],
          [
            17.0386596,
            51.1076652
          ],
          [
            17.0386823,
            51.1077441
          ],
          [
            17.0386911,
            51.1077797
          ],
          [
            17.0387183,
            51.1078761
          ],
          [
            17.0387514,
            51.1079921
          ],
          [
            17.038762,
            51.1080381
          ],
          [
            17.0387664,
            51.1080732
          ],
          [
            17.0387663,
            51.108096
          ],
          [
            17.0387639,
            51.1081193
          ],
          [
            17.0387433,
            51.1082007
          ],
          [
            17.0387328,
            51.1082459
          ],
          [
            17.038718,
            51.1083291
          ],
          [
            17.038695,
            51.1084245
          ],
          [
            17.0386614,
            51.108549
          ],
          [
            17.03865,
            51.1085963
          ],
          [
            17.0386307,
            51.1086936
          ],
          [
            17.0386241,
            51.108776
          ],
          [
            17.0386278,
            51.1088459
          ],
          [
            17.0386372,
            51.1089054
          ],
          [
            17.0386659,
            51.1090011
          ],
          [
            17.0387084,
            51.1091343
          ],
          [
            17.0387205,
            51.109172
          ],
          [
            17.038766,
            51.10932
          ],
          [
            17.0388125,
            51.1094684
          ],
          [
            17.0389036,
            51.1097593
          ],
          [
            17.0390323,
            51.1101688
          ],
          [
            17.0391018,
            51.1103978
          ],
          [
            17.0391408,
            51.1105215
          ],
          [
            17.0391559,
            51.1105735
          ],
          [
            17.0391604,
            51.1105906
          ],
          [
            17.0391741,
            51.1106421
          ],
          [
            17.0392122,
            51.1108158
          ],
          [
            17.039313,
            51.111302
          ],
          [
            17.0394486,
            51.1119427
          ],
          [
            17.0394806,
            51.1120937
          ],
          [
            17.0395012,
            51.1122322
          ],
          [
            17.0395107,
            51.1123651
          ],
          [
            17.0395158,
            51.1124633
          ],
          [
            17.0395202,
            51.1125554
          ],
          [
            17.0395294,
            51.1127727
          ],
          [
            17.0395308,
            51.112796
          ],
          [
            17.0395319,
            51.1128459
          ],
          [
            17.0395321,
            51.112868
          ],
          [
            17.0395321,
            51.112885
          ],
          [
            17.0395359,
            51.1129756
          ],
          [
            17.039544,
            51.1130503
          ],
          [
            17.0395664,
            51.113145
          ],
          [
            17.0395942,
            51.1132114
          ],
          [
            17.0396061,
            51.1132336
          ],
          [
            17.0396301,
            51.1132783
          ],
          [
            17.0397366,
            51.1134261
          ],
          [
            17.0399348,
            51.1136808
          ],
          [
            17.0399686,
            51.1137247
          ],
          [
            17.0399899,
            51.1137524
          ],
          [
            17.040056,
            51.1138398
          ],
          [
            17.0400936,
            51.1138896
          ],
          [
            17.0401143,
            51.113917
          ],
          [
            17.0402565,
            51.1141077
          ],
          [
            17.0403333,
            51.1142107
          ],
          [
            17.0404053,
            51.1143291
          ],
          [
            17.0405068,
            51.1145171
          ],
          [
            17.0405704,
            51.1146332
          ],
          [
            17.0406044,
            51.1146967
          ],
          [
            17.0407101,
            51.1148461
          ],
          [
            17.0407892,
            51.1149459
          ],
          [
            17.040841,
            51.1150159
          ],
          [
            17.0408564,
            51.1150401
          ],
          [
            17.0408875,
            51.1150888
          ],
          [
            17.0409269,
            51.1151699
          ],
          [
            17.0409606,
            51.1152844
          ],
          [
            17.0409856,
            51.1153634
          ],
          [
            17.0410133,
            51.1154207
          ],
          [
            17.0410672,
            51.1154977
          ],
          [
            17.0412284,
            51.1156979
          ],
          [
            17.0413317,
            51.1158244
          ],
          [
            17.0415588,
            51.1161093
          ],
          [
            17.041599,
            51.1161657
          ],
          [
            17.0416319,
            51.1162226
          ],
          [
            17.0416795,
            51.1163263
          ],
          [
            17.0418991,
            51.1167733
          ],
          [
            17.0419092,
            51.1167941
          ],
          [
            17.041932,
            51.1168382
          ],
          [
            17.0419606,
            51.1168941
          ],
          [
            17.0419799,
            51.1169353
          ],
          [
            17.0419965,
            51.1169722
          ],
          [
            17.0420277,
            51.1170586
          ],
          [
            17.042032,
            51.1170788
          ],
          [
            17.0420372,
            51.1171093
          ],
          [
            17.0420464,
            51.1171663
          ],
          [
            17.0420514,
            51.1172569
          ],
          [
            17.0420546,
            51.1173001
          ],
          [
            17.0420612,
            51.1174002
          ],
          [
            17.0420641,
            51.1174489
          ],
          [
            17.0420816,
            51.1176259
          ],
          [
            17.0420958,
            51.1177182
          ],
          [
            17.0421022,
            51.1178159
          ],
          [
            17.0421036,
            51.1179288
          ],
          [
            17.0420948,
            51.1180976
          ],
          [
            17.042069,
            51.1183806
          ],
          [
            17.0420451,
            51.1185548
          ],
          [
            17.0420166,
            51.1187099
          ],
          [
            17.0420081,
            51.1187825
          ],
          [
            17.0420023,
            51.1188394
          ],
          [
            17.0420014,
            51.1189101
          ],
          [
            17.042,
            51.118942
          ],
          [
            17.0420017,
            51.1190442
          ],
          [
            17.0420138,
            51.1191159
          ],
          [
            17.0420293,
            51.1191609
          ],
          [
            17.0420464,
            51.1191992
          ],
          [
            17.0420701,
            51.1192414
          ],
          [
            17.0421219,
            51.119323
          ],
          [
            17.0421979,
            51.1194358
          ],
          [
            17.0423434,
            51.1196644
          ],
          [
            17.0424994,
            51.1199005
          ],
          [
            17.0426098,
            51.1200685
          ],
          [
            17.0427864,
            51.1203308
          ],
          [
            17.0431024,
            51.1208046
          ],
          [
            17.0432274,
            51.1209957
          ],
          [
            17.0432563,
            51.1210416
          ],
          [
            17.043332,
            51.1211594
          ],
          [
            17.0434578,
            51.1213463
          ],
          [
            17.0436094,
            51.1215849
          ],
          [
            17.043681,
            51.1217044
          ],
          [
            17.043738,
            51.1218107
          ],
          [
            17.0438582,
            51.1220364
          ],
          [
            17.0439356,
            51.122187
          ],
          [
            17.0440373,
            51.1223777
          ],
          [
            17.0441802,
            51.1226505
          ],
          [
            17.0443275,
            51.1229293
          ],
          [
            17.0444276,
            51.1231246
          ],
          [
            17.0445216,
            51.1233661
          ],
          [
            17.0445888,
            51.1235398
          ],
          [
            17.0446294,
            51.1236466
          ],
          [
            17.0446409,
            51.1236945
          ],
          [
            17.0446416,
            51.1237247
          ],
          [
            17.0446344,
            51.1237627
          ],
          [
            17.0446262,
            51.1237819
          ],
          [
            17.044612,
            51.1238035
          ],
          [
            17.0445963,
            51.1238238
          ],
          [
            17.0445699,
            51.1238488
          ],
          [
            17.0445369,
            51.1238712
          ],
          [
            17.044507,
            51.1238879
          ],
          [
            17.0444744,
            51.1239052
          ],
          [
            17.0444121,
            51.123923
          ],
          [
            17.0442998,
            51.1239476
          ],
          [
            17.0442051,
            51.1239666
          ],
          [
            17.0439103,
            51.1240321
          ],
          [
            17.0436219,
            51.1240918
          ],
          [
            17.0435684,
            51.1241024
          ],
          [
            17.0435105,
            51.1241079
          ],
          [
            17.043446,
            51.1241106
          ],
          [
            17.0433754,
            51.1241075
          ],
          [
            17.0433032,
            51.1240979
          ],
          [
            17.0432303,
            51.1240841
          ],
          [
            17.0430845,
            51.1240598
          ],
          [
            17.0426547,
            51.1239737
          ],
          [
            17.0425927,
            51.1239617
          ],
          [
            17.042476,
            51.1239402
          ],
          [
            17.0423192,
            51.1239089
          ],
          [
            17.0416465,
            51.1237775
          ],
          [
            17.040816,
            51.1236129
          ],
          [
            17.0406393,
            51.1235786
          ],
          [
            17.040427,
            51.1235354
          ],
          [
            17.0402437,
            51.1234965
          ],
          [
            17.0393891,
            51.1233279
          ],
          [
            17.0388531,
            51.1232182
          ],
          [
            17.0386625,
            51.1231806
          ],
          [
            17.0385401,
            51.1231602
          ],
          [
            17.0384841,
            51.1231526
          ],
          [
            17.0384152,
            51.1231475
          ],
          [
            17.0383114,
            51.1231505
          ],
          [
            17.0382203,
            51.1231616
          ],
          [
            17.0381306,
            51.1231719
          ],
          [
            17.0379076,
            51.123204
          ],
          [
            17.0368116,
            51.1233531
          ],
          [
            17.0366785,
            51.1233714
          ],
          [
            17.0363104,
            51.1234218
          ],
          [
            17.036237,
            51.1234342
          ],
          [
            17.0361663,
            51.1234523
          ],
          [
            17.0361396,
            51.1234592
          ],
          [
            17.0360636,
            51.1234852
          ],
          [
            17.0359985,
            51.1235211
          ],
          [
            17.0359554,
            51.123552
          ],
          [
            17.0359161,
            51.123594
          ],
          [
            17.0358818,
            51.1236547
          ],
          [
            17.0358652,
            51.1237154
          ],
          [
            17.0358583,
            51.1237464
          ],
          [
            17.0357757,
            51.1241167
          ],
          [
            17.035755,
            51.1241759
          ],
          [
            17.0357282,
            51.1242104
          ],
          [
            17.0357079,
            51.1242291
          ],
          [
            17.0356755,
            51.1242543
          ],
          [
            17.0356323,
            51.1242792
          ],
          [
            17.0356101,
            51.124288
          ],
          [
            17.0355762,
            51.1242996
          ],
          [
            17.0355232,
            51.1243133
          ],
          [
            17.0354843,
            51.1243191
          ],
          [
            17.0354036,
            51.1243236
          ],
          [
            17.0353878,
            51.1243227
          ],
          [
            17.0351014,
            51.1242978
          ],
          [
            17.0349273,
            51.1242821
          ],
          [
            17.0348445,
            51.124275
          ],
          [
            17.0348275,
            51.124273
          ],
          [
            17.0347684,
            51.1242664
          ],
          [
            17.0346775,
            51.1242636
          ],
          [
            17.0346492,
            51.1242653
          ],
          [
            17.0346051,
            51.1242689
          ],
          [
            17.0345698,
            51.1242771
          ],
          [
            17.0345189,
            51.1242916
          ],
          [
            17.0344634,
            51.1243128
          ],
          [
            17.0344139,
            51.1243444
          ],
          [
            17.0343752,
            51.1243832
          ],
          [
            17.0343595,
            51.1244111
          ],
          [
            17.0343315,
            51.1244696
          ],
          [
            17.0343275,
            51.1244925
          ],
          [
            17.034323,
            51.1245455
          ],
          [
            17.0343256,
            51.124573
          ],
          [
            17.0343278,
            51.1245804
          ],
          [
            17.0343322,
            51.1245954
          ],
          [
            17.0343546,
            51.1246345
          ],
          [
            17.0344047,
            51.1246788
          ],
          [
            17.0344455,
            51.1247055
          ],
          [
            17.0345035,
            51.124729
          ],
          [
            17.0345675,
            51.1247456
          ],
          [
            17.0346465,
            51.1247592
          ],
          [
            17.0347996,
            51.1247732
          ],
          [
            17.0351125,
            51.1248037
          ],
          [
            17.0352597,
            51.1248172
          ],
          [
            17.0353978,
            51.1248308
          ],
          [
            17.0354895,
            51.1248452
          ],
          [
            17.0355791,
            51.1248682
          ],
          [
            17.0356059,
            51.124877
          ],
          [
            17.0356659,
            51.1249094
          ],
          [
            17.0357156,
            51.124949
          ],
          [
            17.0357605,
            51.1250056
          ],
          [
            17.035783,
            51.1250648
          ],
          [
            17.035832,
            51.1252687
          ],
          [
            17.035965,
            51.1257871
          ],
          [
            17.0359717,
            51.125813
          ],
          [
            17.0360234,
            51.1260115
          ],
          [
            17.0361179,
            51.1263626
          ],
          [
            17.0361938,
            51.1266361
          ],
          [
            17.0362697,
            51.1269655
          ],
          [
            17.0364304,
            51.127565
          ],
          [
            17.0365963,
            51.1281652
          ],
          [
            17.0366172,
            51.1282476
          ],
          [
            17.0367557,
            51.1288944
          ],
          [
            17.0369508,
            51.1296411
          ],
          [
            17.0370227,
            51.1299287
          ],
          [
            17.0371089,
            51.130263
          ],
          [
            17.0371631,
            51.1304279
          ],
          [
            17.0372369,
            51.1307151
          ],
          [
            17.0372616,
            51.130811
          ],
          [
            17.0373118,
            51.1310619
          ],
          [
            17.0373216,
            51.13113
          ],
          [
            17.0373194,
            51.131195
          ],
          [
            17.0373028,
            51.1312458
          ],
          [
            17.0372858,
            51.131286
          ],
          [
            17.0371696,
            51.1315001
          ],
          [
            17.0364546,
            51.132801
          ],
          [
            17.036413,
            51.1328759
          ],
          [
            17.0361397,
            51.1333682
          ],
          [
            17.0360864,
            51.1334658
          ],
          [
            17.0360686,
            51.1334984
          ],
          [
            17.0360404,
            51.1335669
          ],
          [
            17.0360392,
            51.13361
          ],
          [
            17.0360441,
            51.1336485
          ],
          [
            17.0360563,
            51.1336813
          ],
          [
            17.0360834,
            51.1337248
          ],
          [
            17.0361544,
            51.133832
          ],
          [
            17.0362131,
            51.1339174
          ],
          [
            17.0362432,
            51.1339495
          ],
          [
            17.036273,
            51.1339717
          ],
          [
            17.0362924,
            51.1339836
          ],
          [
            17.0363109,
            51.1339927
          ],
          [
            17.0363544,
            51.1340088
          ],
          [
            17.0363826,
            51.1340152
          ],
          [
            17.0364141,
            51.1340223
          ],
          [
            17.0365038,
            51.1340389
          ],
          [
            17.0366069,
            51.134057
          ],
          [
            17.0367145,
            51.1340734
          ]
        ]
      },
      "id": "relation/2394367"
    },
    {
      "type": "Feature",
      "properties": {
        "@id": "node/265740472",
        "@relations": [
          {
            "role": "stop",
            "rel": 2394367,
            "reltags": {
              "check_date": "2026-05-19",
              "from": "Tarnogaj",
              "interval:conditional": "12 @ (Mo-Fr 06:00-09:00,14:00-18:00); 15 @ (Mo-Fr 05:00-06:00,09:00-14:00,18:00-20:00); 20 @ (Mo-Fr 20:00-23:00,Sa-Su 05:00-23:00)",
              "name": "8: Tarnogaj → Karłowice",
              "network": "Wrocław",
              "opening_hours": "Mo-Su 05:00-23:00",
              "operator": "WTr UM Wrocław",
              "public_transport:version": "2",
              "ref": "8",
              "route": "tram",
              "source:interval": "https://mpk.wroc.pl/komunikat/701/2024-09-30-01092024r-zmiana-rozkladu-jazdy",
              "to": "Karłowice",
              "type": "route",
              "url": "https://www.wroclaw.pl/komunikacja/przystanek-tarnogaj-linia-8-kierunek-karlowice-slupek-21022",
              "wheelchair": "limited"
            }
          }
        ]
      },
      "geometry": {
        "type": "Point",
        "coordinates": [
          17.0327537,
          51.0975177
        ]
      },
      "id": "node/265740472"
    },
    {
      "type": "Feature",
      "properties": {
        "@id": "node/267860990",
        "@relations": [
          {
            "role": "stop",
            "rel": 63485,
            "reltags": {
              "check_date": "2026-05-19",
              "from": "Karłowice",
              "interval:conditional": "12 @ (Mo-Fr 06:00-09:00,14:00-18:00); 15 @ (Mo-Fr 05:00-06:00,09:00-14:00,18:00-20:00); 20 @ (Mo-Fr 20:00-23:00,Sa-Su 05:00-23:00)",
              "name": "8: Karłowice → Tarnogaj",
              "network": "Wrocław",
              "opening_hours": "Mo-Su 05:00-23:00",
              "operator": "WTr UM Wrocław",
              "public_transport:version": "2",
              "ref": "8",
              "route": "tram",
              "source:interval": "https://mpk.wroc.pl/komunikat/701/2024-09-30-01092024r-zmiana-rozkladu-jazdy",
              "to": "Tarnogaj",
              "type": "route",
              "url": "https://www.wroclaw.pl/komunikacja/przystanek-karlowice-linia-8-kierunek-tarnogaj-slupek-23011",
              "wheelchair": "limited"
            }
          }
        ]
      },
      "geometry": {
        "type": "Point",
        "coordinates": [
          17.0483757,
          51.0849705
        ]
      },
      "id": "node/267860990"
    },
    {
      "type": "Feature",
      "properties": {
        "@id": "node/267861001",
        "@relations": [
          {
            "role": "stop",
            "rel": 63485,
            "reltags": {
              "check_date": "2026-05-19",
              "from": "Karłowice",
              "interval:conditional": "12 @ (Mo-Fr 06:00-09:00,14:00-18:00); 15 @ (Mo-Fr 05:00-06:00,09:00-14:00,18:00-20:00); 20 @ (Mo-Fr 20:00-23:00,Sa-Su 05:00-23:00)",
              "name": "8: Karłowice → Tarnogaj",
              "network": "Wrocław",
              "opening_hours": "Mo-Su 05:00-23:00",
              "operator": "WTr UM Wrocław",
              "public_transport:version": "2",
              "ref": "8",
              "route": "tram",
              "source:interval": "https://mpk.wroc.pl/komunikat/701/2024-09-30-01092024r-zmiana-rozkladu-jazdy",
              "to": "Tarnogaj",
              "type": "route",
              "url": "https://www.wroclaw.pl/komunikacja/przystanek-karlowice-linia-8-kierunek-tarnogaj-slupek-23011",
              "wheelchair": "limited"
            }
          }
        ]
      },
      "geometry": {
        "type": "Point",
        "coordinates": [
          17.0507473,
          51.082936
        ]
      },
      "id": "node/267861001"
    },
    {
      "type": "Feature",
      "properties": {
        "@id": "node/267861005",
        "@relations": [
          {
            "role": "stop",
            "rel": 63485,
            "reltags": {
              "check_date": "2026-05-19",
              "from": "Karłowice",
              "interval:conditional": "12 @ (Mo-Fr 06:00-09:00,14:00-18:00); 15 @ (Mo-Fr 05:00-06:00,09:00-14:00,18:00-20:00); 20 @ (Mo-Fr 20:00-23:00,Sa-Su 05:00-23:00)",
              "name": "8: Karłowice → Tarnogaj",
              "network": "Wrocław",
              "opening_hours": "Mo-Su 05:00-23:00",
              "operator": "WTr UM Wrocław",
              "public_transport:version": "2",
              "ref": "8",
              "route": "tram",
              "source:interval": "https://mpk.wroc.pl/komunikat/701/2024-09-30-01092024r-zmiana-rozkladu-jazdy",
              "to": "Tarnogaj",
              "type": "route",
              "url": "https://www.wroclaw.pl/komunikacja/przystanek-karlowice-linia-8-kierunek-tarnogaj-slupek-23011",
              "wheelchair": "limited"
            }
          }
        ]
      },
      "geometry": {
        "type": "Point",
        "coordinates": [
          17.0546757,
          51.0830238
        ]
      },
      "id": "node/267861005"
    },
    {
      "type": "Feature",
      "properties": {
        "@id": "node/267861007",
        "@relations": [
          {
            "role": "stop",
            "rel": 63485,
            "reltags": {
              "check_date": "2026-05-19",
              "from": "Karłowice",
              "interval:conditional": "12 @ (Mo-Fr 06:00-09:00,14:00-18:00); 15 @ (Mo-Fr 05:00-06:00,09:00-14:00,18:00-20:00); 20 @ (Mo-Fr 20:00-23:00,Sa-Su 05:00-23:00)",
              "name": "8: Karłowice → Tarnogaj",
              "network": "Wrocław",
              "opening_hours": "Mo-Su 05:00-23:00",
              "operator": "WTr UM Wrocław",
              "public_transport:version": "2",
              "ref": "8",
              "route": "tram",
              "source:interval": "https://mpk.wroc.pl/komunikat/701/2024-09-30-01092024r-zmiana-rozkladu-jazdy",
              "to": "Tarnogaj",
              "type": "route",
              "url": "https://www.wroclaw.pl/komunikacja/przystanek-karlowice-linia-8-kierunek-tarnogaj-slupek-23011",
              "wheelchair": "limited"
            }
          }
        ]
      },
      "geometry": {
        "type": "Point",
        "coordinates": [
          17.0602488,
          51.0837242
        ]
      },
      "id": "node/267861007"
    },
    {
      "type": "Feature",
      "properties": {
        "@id": "node/267861019",
        "@relations": [
          {
            "role": "stop",
            "rel": 63485,
            "reltags": {
              "check_date": "2026-05-19",
              "from": "Karłowice",
              "interval:conditional": "12 @ (Mo-Fr 06:00-09:00,14:00-18:00); 15 @ (Mo-Fr 05:00-06:00,09:00-14:00,18:00-20:00); 20 @ (Mo-Fr 20:00-23:00,Sa-Su 05:00-23:00)",
              "name": "8: Karłowice → Tarnogaj",
              "network": "Wrocław",
              "opening_hours": "Mo-Su 05:00-23:00",
              "operator": "WTr UM Wrocław",
              "public_transport:version": "2",
              "ref": "8",
              "route": "tram",
              "source:interval": "https://mpk.wroc.pl/komunikat/701/2024-09-30-01092024r-zmiana-rozkladu-jazdy",
              "to": "Tarnogaj",
              "type": "route",
              "url": "https://www.wroclaw.pl/komunikacja/przystanek-karlowice-linia-8-kierunek-tarnogaj-slupek-23011",
              "wheelchair": "limited"
            }
          }
        ]
      },
      "geometry": {
        "type": "Point",
        "coordinates": [
          17.0626494,
          51.0798947
        ]
      },
      "id": "node/267861019"
    },
    {
      "type": "Feature",
      "properties": {
        "@id": "node/267861024",
        "@relations": [
          {
            "role": "stop_exit_only",
            "rel": 63485,
            "reltags": {
              "check_date": "2026-05-19",
              "from": "Karłowice",
              "interval:conditional": "12 @ (Mo-Fr 06:00-09:00,14:00-18:00); 15 @ (Mo-Fr 05:00-06:00,09:00-14:00,18:00-20:00); 20 @ (Mo-Fr 20:00-23:00,Sa-Su 05:00-23:00)",
              "name": "8: Karłowice → Tarnogaj",
              "network": "Wrocław",
              "opening_hours": "Mo-Su 05:00-23:00",
              "operator": "WTr UM Wrocław",
              "public_transport:version": "2",
              "ref": "8",
              "route": "tram",
              "source:interval": "https://mpk.wroc.pl/komunikat/701/2024-09-30-01092024r-zmiana-rozkladu-jazdy",
              "to": "Tarnogaj",
              "type": "route",
              "url": "https://www.wroclaw.pl/komunikacja/przystanek-karlowice-linia-8-kierunek-tarnogaj-slupek-23011",
              "wheelchair": "limited"
            }
          }
        ]
      },
      "geometry": {
        "type": "Point",
        "coordinates": [
          17.0637126,
          51.0780974
        ]
      },
      "id": "node/267861024"
    },
    {
      "type": "Feature",
      "properties": {
        "@id": "node/267861025",
        "@relations": [
          {
            "role": "stop_entry_only",
            "rel": 2394367,
            "reltags": {
              "check_date": "2026-05-19",
              "from": "Tarnogaj",
              "interval:conditional": "12 @ (Mo-Fr 06:00-09:00,14:00-18:00); 15 @ (Mo-Fr 05:00-06:00,09:00-14:00,18:00-20:00); 20 @ (Mo-Fr 20:00-23:00,Sa-Su 05:00-23:00)",
              "name": "8: Tarnogaj → Karłowice",
              "network": "Wrocław",
              "opening_hours": "Mo-Su 05:00-23:00",
              "operator": "WTr UM Wrocław",
              "public_transport:version": "2",
              "ref": "8",
              "route": "tram",
              "source:interval": "https://mpk.wroc.pl/komunikat/701/2024-09-30-01092024r-zmiana-rozkladu-jazdy",
              "to": "Karłowice",
              "type": "route",
              "url": "https://www.wroclaw.pl/komunikacja/przystanek-tarnogaj-linia-8-kierunek-karlowice-slupek-21022",
              "wheelchair": "limited"
            }
          }
        ]
      },
      "geometry": {
        "type": "Point",
        "coordinates": [
          17.0639848,
          51.0784707
        ]
      },
      "id": "node/267861025"
    },
    {
      "type": "Feature",
      "properties": {
        "@id": "node/267871834",
        "@relations": [
          {
            "role": "stop",
            "rel": 2394367,
            "reltags": {
              "check_date": "2026-05-19",
              "from": "Tarnogaj",
              "interval:conditional": "12 @ (Mo-Fr 06:00-09:00,14:00-18:00); 15 @ (Mo-Fr 05:00-06:00,09:00-14:00,18:00-20:00); 20 @ (Mo-Fr 20:00-23:00,Sa-Su 05:00-23:00)",
              "name": "8: Tarnogaj → Karłowice",
              "network": "Wrocław",
              "opening_hours": "Mo-Su 05:00-23:00",
              "operator": "WTr UM Wrocław",
              "public_transport:version": "2",
              "ref": "8",
              "route": "tram",
              "source:interval": "https://mpk.wroc.pl/komunikat/701/2024-09-30-01092024r-zmiana-rozkladu-jazdy",
              "to": "Karłowice",
              "type": "route",
              "url": "https://www.wroclaw.pl/komunikacja/przystanek-tarnogaj-linia-8-kierunek-karlowice-slupek-21022",
              "wheelchair": "limited"
            }
          }
        ]
      },
      "geometry": {
        "type": "Point",
        "coordinates": [
          17.0372661,
          51.103753
        ]
      },
      "id": "node/267871834"
    },
    {
      "type": "Feature",
      "properties": {
        "@id": "node/267871849",
        "@relations": [
          {
            "role": "stop",
            "rel": 2394367,
            "reltags": {
              "check_date": "2026-05-19",
              "from": "Tarnogaj",
              "interval:conditional": "12 @ (Mo-Fr 06:00-09:00,14:00-18:00); 15 @ (Mo-Fr 05:00-06:00,09:00-14:00,18:00-20:00); 20 @ (Mo-Fr 20:00-23:00,Sa-Su 05:00-23:00)",
              "name": "8: Tarnogaj → Karłowice",
              "network": "Wrocław",
              "opening_hours": "Mo-Su 05:00-23:00",
              "operator": "WTr UM Wrocław",
              "public_transport:version": "2",
              "ref": "8",
              "route": "tram",
              "source:interval": "https://mpk.wroc.pl/komunikat/701/2024-09-30-01092024r-zmiana-rozkladu-jazdy",
              "to": "Karłowice",
              "type": "route",
              "url": "https://www.wroclaw.pl/komunikacja/przystanek-tarnogaj-linia-8-kierunek-karlowice-slupek-21022",
              "wheelchair": "limited"
            }
          }
        ]
      },
      "geometry": {
        "type": "Point",
        "coordinates": [
          17.0386614,
          51.108549
        ]
      },
      "id": "node/267871849"
    },
    {
      "type": "Feature",
      "properties": {
        "@id": "node/267871857",
        "@relations": [
          {
            "role": "stop",
            "rel": 2394367,
            "reltags": {
              "check_date": "2026-05-19",
              "from": "Tarnogaj",
              "interval:conditional": "12 @ (Mo-Fr 06:00-09:00,14:00-18:00); 15 @ (Mo-Fr 05:00-06:00,09:00-14:00,18:00-20:00); 20 @ (Mo-Fr 20:00-23:00,Sa-Su 05:00-23:00)",
              "name": "8: Tarnogaj → Karłowice",
              "network": "Wrocław",
              "opening_hours": "Mo-Su 05:00-23:00",
              "operator": "WTr UM Wrocław",
              "public_transport:version": "2",
              "ref": "8",
              "route": "tram",
              "source:interval": "https://mpk.wroc.pl/komunikat/701/2024-09-30-01092024r-zmiana-rozkladu-jazdy",
              "to": "Karłowice",
              "type": "route",
              "url": "https://www.wroclaw.pl/komunikacja/przystanek-tarnogaj-linia-8-kierunek-karlowice-slupek-21022",
              "wheelchair": "limited"
            }
          }
        ]
      },
      "geometry": {
        "type": "Point",
        "coordinates": [
          17.0395294,
          51.1127727
        ]
      },
      "id": "node/267871857"
    },
    {
      "type": "Feature",
      "properties": {
        "@id": "node/267871870",
        "@relations": [
          {
            "role": "stop",
            "rel": 2394367,
            "reltags": {
              "check_date": "2026-05-19",
              "from": "Tarnogaj",
              "interval:conditional": "12 @ (Mo-Fr 06:00-09:00,14:00-18:00); 15 @ (Mo-Fr 05:00-06:00,09:00-14:00,18:00-20:00); 20 @ (Mo-Fr 20:00-23:00,Sa-Su 05:00-23:00)",
              "name": "8: Tarnogaj → Karłowice",
              "network": "Wrocław",
              "opening_hours": "Mo-Su 05:00-23:00",
              "operator": "WTr UM Wrocław",
              "public_transport:version": "2",
              "ref": "8",
              "route": "tram",
              "source:interval": "https://mpk.wroc.pl/komunikat/701/2024-09-30-01092024r-zmiana-rozkladu-jazdy",
              "to": "Karłowice",
              "type": "route",
              "url": "https://www.wroclaw.pl/komunikacja/przystanek-tarnogaj-linia-8-kierunek-karlowice-slupek-21022",
              "wheelchair": "limited"
            }
          }
        ]
      },
      "geometry": {
        "type": "Point",
        "coordinates": [
          17.0420816,
          51.1176259
        ]
      },
      "id": "node/267871870"
    },
    {
      "type": "Feature",
      "properties": {
        "@id": "node/268997781",
        "@relations": [
          {
            "role": "stop",
            "rel": 2394367,
            "reltags": {
              "check_date": "2026-05-19",
              "from": "Tarnogaj",
              "interval:conditional": "12 @ (Mo-Fr 06:00-09:00,14:00-18:00); 15 @ (Mo-Fr 05:00-06:00,09:00-14:00,18:00-20:00); 20 @ (Mo-Fr 20:00-23:00,Sa-Su 05:00-23:00)",
              "name": "8: Tarnogaj → Karłowice",
              "network": "Wrocław",
              "opening_hours": "Mo-Su 05:00-23:00",
              "operator": "WTr UM Wrocław",
              "public_transport:version": "2",
              "ref": "8",
              "route": "tram",
              "source:interval": "https://mpk.wroc.pl/komunikat/701/2024-09-30-01092024r-zmiana-rozkladu-jazdy",
              "to": "Karłowice",
              "type": "route",
              "url": "https://www.wroclaw.pl/komunikacja/przystanek-tarnogaj-linia-8-kierunek-karlowice-slupek-21022",
              "wheelchair": "limited"
            }
          }
        ]
      },
      "geometry": {
        "type": "Point",
        "coordinates": [
          17.0543286,
          51.0830193
        ]
      },
      "id": "node/268997781"
    },
    {
      "type": "Feature",
      "properties": {
        "@id": "node/302858105",
        "@relations": [
          {
            "role": "stop",
            "rel": 63485,
            "reltags": {
              "check_date": "2026-05-19",
              "from": "Karłowice",
              "interval:conditional": "12 @ (Mo-Fr 06:00-09:00,14:00-18:00); 15 @ (Mo-Fr 05:00-06:00,09:00-14:00,18:00-20:00); 20 @ (Mo-Fr 20:00-23:00,Sa-Su 05:00-23:00)",
              "name": "8: Karłowice → Tarnogaj",
              "network": "Wrocław",
              "opening_hours": "Mo-Su 05:00-23:00",
              "operator": "WTr UM Wrocław",
              "public_transport:version": "2",
              "ref": "8",
              "route": "tram",
              "source:interval": "https://mpk.wroc.pl/komunikat/701/2024-09-30-01092024r-zmiana-rozkladu-jazdy",
              "to": "Tarnogaj",
              "type": "route",
              "url": "https://www.wroclaw.pl/komunikacja/przystanek-karlowice-linia-8-kierunek-tarnogaj-slupek-23011",
              "wheelchair": "limited"
            }
          }
        ]
      },
      "geometry": {
        "type": "Point",
        "coordinates": [
          17.0374293,
          51.1042099
        ]
      },
      "id": "node/302858105"
    },
    {
      "type": "Feature",
      "properties": {
        "@id": "node/302858109",
        "@relations": [
          {
            "role": "stop",
            "rel": 63485,
            "reltags": {
              "check_date": "2026-05-19",
              "from": "Karłowice",
              "interval:conditional": "12 @ (Mo-Fr 06:00-09:00,14:00-18:00); 15 @ (Mo-Fr 05:00-06:00,09:00-14:00,18:00-20:00); 20 @ (Mo-Fr 20:00-23:00,Sa-Su 05:00-23:00)",
              "name": "8: Karłowice → Tarnogaj",
              "network": "Wrocław",
              "opening_hours": "Mo-Su 05:00-23:00",
              "operator": "WTr UM Wrocław",
              "public_transport:version": "2",
              "ref": "8",
              "route": "tram",
              "source:interval": "https://mpk.wroc.pl/komunikat/701/2024-09-30-01092024r-zmiana-rozkladu-jazdy",
              "to": "Tarnogaj",
              "type": "route",
              "url": "https://www.wroclaw.pl/komunikacja/przystanek-karlowice-linia-8-kierunek-tarnogaj-slupek-23011",
              "wheelchair": "limited"
            }
          }
        ]
      },
      "geometry": {
        "type": "Point",
        "coordinates": [
          17.0361449,
          51.1007919
        ]
      },
      "id": "node/302858109"
    },
    {
      "type": "Feature",
      "properties": {
        "@id": "node/304069351",
        "@relations": [
          {
            "role": "stop",
            "rel": 2394367,
            "reltags": {
              "check_date": "2026-05-19",
              "from": "Tarnogaj",
              "interval:conditional": "12 @ (Mo-Fr 06:00-09:00,14:00-18:00); 15 @ (Mo-Fr 05:00-06:00,09:00-14:00,18:00-20:00); 20 @ (Mo-Fr 20:00-23:00,Sa-Su 05:00-23:00)",
              "name": "8: Tarnogaj → Karłowice",
              "network": "Wrocław",
              "opening_hours": "Mo-Su 05:00-23:00",
              "operator": "WTr UM Wrocław",
              "public_transport:version": "2",
              "ref": "8",
              "route": "tram",
              "source:interval": "https://mpk.wroc.pl/komunikat/701/2024-09-30-01092024r-zmiana-rozkladu-jazdy",
              "to": "Karłowice",
              "type": "route",
              "url": "https://www.wroclaw.pl/komunikacja/przystanek-tarnogaj-linia-8-kierunek-karlowice-slupek-21022",
              "wheelchair": "limited"
            }
          }
        ]
      },
      "geometry": {
        "type": "Point",
        "coordinates": [
          17.0354971,
          51.0997163
        ]
      },
      "id": "node/304069351"
    },
    {
      "type": "Feature",
      "properties": {
        "@id": "node/311408174",
        "@relations": [
          {
            "role": "stop",
            "rel": 63485,
            "reltags": {
              "check_date": "2026-05-19",
              "from": "Karłowice",
              "interval:conditional": "12 @ (Mo-Fr 06:00-09:00,14:00-18:00); 15 @ (Mo-Fr 05:00-06:00,09:00-14:00,18:00-20:00); 20 @ (Mo-Fr 20:00-23:00,Sa-Su 05:00-23:00)",
              "name": "8: Karłowice → Tarnogaj",
              "network": "Wrocław",
              "opening_hours": "Mo-Su 05:00-23:00",
              "operator": "WTr UM Wrocław",
              "public_transport:version": "2",
              "ref": "8",
              "route": "tram",
              "source:interval": "https://mpk.wroc.pl/komunikat/701/2024-09-30-01092024r-zmiana-rozkladu-jazdy",
              "to": "Tarnogaj",
              "type": "route",
              "url": "https://www.wroclaw.pl/komunikacja/przystanek-karlowice-linia-8-kierunek-tarnogaj-slupek-23011",
              "wheelchair": "limited"
            }
          }
        ]
      },
      "geometry": {
        "type": "Point",
        "coordinates": [
          17.0351558,
          51.0995594
        ]
      },
      "id": "node/311408174"
    },
    {
      "type": "Feature",
      "properties": {
        "@id": "node/369231508",
        "@relations": [
          {
            "role": "stop",
            "rel": 63485,
            "reltags": {
              "check_date": "2026-05-19",
              "from": "Karłowice",
              "interval:conditional": "12 @ (Mo-Fr 06:00-09:00,14:00-18:00); 15 @ (Mo-Fr 05:00-06:00,09:00-14:00,18:00-20:00); 20 @ (Mo-Fr 20:00-23:00,Sa-Su 05:00-23:00)",
              "name": "8: Karłowice → Tarnogaj",
              "network": "Wrocław",
              "opening_hours": "Mo-Su 05:00-23:00",
              "operator": "WTr UM Wrocław",
              "public_transport:version": "2",
              "ref": "8",
              "route": "tram",
              "source:interval": "https://mpk.wroc.pl/komunikat/701/2024-09-30-01092024r-zmiana-rozkladu-jazdy",
              "to": "Tarnogaj",
              "type": "route",
              "url": "https://www.wroclaw.pl/komunikacja/przystanek-karlowice-linia-8-kierunek-tarnogaj-slupek-23011",
              "wheelchair": "limited"
            }
          }
        ]
      },
      "geometry": {
        "type": "Point",
        "coordinates": [
          17.0360311,
          51.0934625
        ]
      },
      "id": "node/369231508"
    },
    {
      "type": "Feature",
      "properties": {
        "@id": "node/369231516",
        "@relations": [
          {
            "role": "stop",
            "rel": 63485,
            "reltags": {
              "check_date": "2026-05-19",
              "from": "Karłowice",
              "interval:conditional": "12 @ (Mo-Fr 06:00-09:00,14:00-18:00); 15 @ (Mo-Fr 05:00-06:00,09:00-14:00,18:00-20:00); 20 @ (Mo-Fr 20:00-23:00,Sa-Su 05:00-23:00)",
              "name": "8: Karłowice → Tarnogaj",
              "network": "Wrocław",
              "opening_hours": "Mo-Su 05:00-23:00",
              "operator": "WTr UM Wrocław",
              "public_transport:version": "2",
              "ref": "8",
              "route": "tram",
              "source:interval": "https://mpk.wroc.pl/komunikat/701/2024-09-30-01092024r-zmiana-rozkladu-jazdy",
              "to": "Tarnogaj",
              "type": "route",
              "url": "https://www.wroclaw.pl/komunikacja/przystanek-karlowice-linia-8-kierunek-tarnogaj-slupek-23011",
              "wheelchair": "limited"
            }
          }
        ]
      },
      "geometry": {
        "type": "Point",
        "coordinates": [
          17.0401338,
          51.0917904
        ]
      },
      "id": "node/369231516"
    },
    {
      "type": "Feature",
      "properties": {
        "@id": "node/369231521",
        "@relations": [
          {
            "role": "stop",
            "rel": 2394367,
            "reltags": {
              "check_date": "2026-05-19",
              "from": "Tarnogaj",
              "interval:conditional": "12 @ (Mo-Fr 06:00-09:00,14:00-18:00); 15 @ (Mo-Fr 05:00-06:00,09:00-14:00,18:00-20:00); 20 @ (Mo-Fr 20:00-23:00,Sa-Su 05:00-23:00)",
              "name": "8: Tarnogaj → Karłowice",
              "network": "Wrocław",
              "opening_hours": "Mo-Su 05:00-23:00",
              "operator": "WTr UM Wrocław",
              "public_transport:version": "2",
              "ref": "8",
              "route": "tram",
              "source:interval": "https://mpk.wroc.pl/komunikat/701/2024-09-30-01092024r-zmiana-rozkladu-jazdy",
              "to": "Karłowice",
              "type": "route",
              "url": "https://www.wroclaw.pl/komunikacja/przystanek-tarnogaj-linia-8-kierunek-karlowice-slupek-21022",
              "wheelchair": "limited"
            }
          }
        ]
      },
      "geometry": {
        "type": "Point",
        "coordinates": [
          17.0447157,
          51.0900511
        ]
      },
      "id": "node/369231521"
    },
    {
      "type": "Feature",
      "properties": {
        "@id": "node/369231525",
        "@relations": [
          {
            "role": "stop",
            "rel": 63485,
            "reltags": {
              "check_date": "2026-05-19",
              "from": "Karłowice",
              "interval:conditional": "12 @ (Mo-Fr 06:00-09:00,14:00-18:00); 15 @ (Mo-Fr 05:00-06:00,09:00-14:00,18:00-20:00); 20 @ (Mo-Fr 20:00-23:00,Sa-Su 05:00-23:00)",
              "name": "8: Karłowice → Tarnogaj",
              "network": "Wrocław",
              "opening_hours": "Mo-Su 05:00-23:00",
              "operator": "WTr UM Wrocław",
              "public_transport:version": "2",
              "ref": "8",
              "route": "tram",
              "source:interval": "https://mpk.wroc.pl/komunikat/701/2024-09-30-01092024r-zmiana-rozkladu-jazdy",
              "to": "Tarnogaj",
              "type": "route",
              "url": "https://www.wroclaw.pl/komunikacja/przystanek-karlowice-linia-8-kierunek-tarnogaj-slupek-23011",
              "wheelchair": "limited"
            }
          }
        ]
      },
      "geometry": {
        "type": "Point",
        "coordinates": [
          17.0451418,
          51.0892021
        ]
      },
      "id": "node/369231525"
    },
    {
      "type": "Feature",
      "properties": {
        "@id": "node/390008834",
        "@relations": [
          {
            "role": "stop_entry_only",
            "rel": 63485,
            "reltags": {
              "check_date": "2026-05-19",
              "from": "Karłowice",
              "interval:conditional": "12 @ (Mo-Fr 06:00-09:00,14:00-18:00); 15 @ (Mo-Fr 05:00-06:00,09:00-14:00,18:00-20:00); 20 @ (Mo-Fr 20:00-23:00,Sa-Su 05:00-23:00)",
              "name": "8: Karłowice → Tarnogaj",
              "network": "Wrocław",
              "opening_hours": "Mo-Su 05:00-23:00",
              "operator": "WTr UM Wrocław",
              "public_transport:version": "2",
              "ref": "8",
              "route": "tram",
              "source:interval": "https://mpk.wroc.pl/komunikat/701/2024-09-30-01092024r-zmiana-rozkladu-jazdy",
              "to": "Tarnogaj",
              "type": "route",
              "url": "https://www.wroclaw.pl/komunikacja/przystanek-karlowice-linia-8-kierunek-tarnogaj-slupek-23011",
              "wheelchair": "limited"
            }
          }
        ]
      },
      "geometry": {
        "type": "Point",
        "coordinates": [
          17.0371153,
          51.1343014
        ]
      },
      "id": "node/390008834"
    },
    {
      "type": "Feature",
      "properties": {
        "@id": "node/1123341089",
        "@relations": [
          {
            "role": "stop",
            "rel": 2394367,
            "reltags": {
              "check_date": "2026-05-19",
              "from": "Tarnogaj",
              "interval:conditional": "12 @ (Mo-Fr 06:00-09:00,14:00-18:00); 15 @ (Mo-Fr 05:00-06:00,09:00-14:00,18:00-20:00); 20 @ (Mo-Fr 20:00-23:00,Sa-Su 05:00-23:00)",
              "name": "8: Tarnogaj → Karłowice",
              "network": "Wrocław",
              "opening_hours": "Mo-Su 05:00-23:00",
              "operator": "WTr UM Wrocław",
              "public_transport:version": "2",
              "ref": "8",
              "route": "tram",
              "source:interval": "https://mpk.wroc.pl/komunikat/701/2024-09-30-01092024r-zmiana-rozkladu-jazdy",
              "to": "Karłowice",
              "type": "route",
              "url": "https://www.wroclaw.pl/komunikacja/przystanek-tarnogaj-linia-8-kierunek-karlowice-slupek-21022",
              "wheelchair": "limited"
            }
          }
        ]
      },
      "geometry": {
        "type": "Point",
        "coordinates": [
          17.0491325,
          51.0837049
        ]
      },
      "id": "node/1123341089"
    },
    {
      "type": "Feature",
      "properties": {
        "@id": "node/1701710449",
        "@relations": [
          {
            "role": "platform",
            "rel": 63485,
            "reltags": {
              "check_date": "2026-05-19",
              "from": "Karłowice",
              "interval:conditional": "12 @ (Mo-Fr 06:00-09:00,14:00-18:00); 15 @ (Mo-Fr 05:00-06:00,09:00-14:00,18:00-20:00); 20 @ (Mo-Fr 20:00-23:00,Sa-Su 05:00-23:00)",
              "name": "8: Karłowice → Tarnogaj",
              "network": "Wrocław",
              "opening_hours": "Mo-Su 05:00-23:00",
              "operator": "WTr UM Wrocław",
              "public_transport:version": "2",
              "ref": "8",
              "route": "tram",
              "source:interval": "https://mpk.wroc.pl/komunikat/701/2024-09-30-01092024r-zmiana-rozkladu-jazdy",
              "to": "Tarnogaj",
              "type": "route",
              "url": "https://www.wroclaw.pl/komunikacja/przystanek-karlowice-linia-8-kierunek-tarnogaj-slupek-23011",
              "wheelchair": "limited"
            }
          }
        ]
      },
      "geometry": {
        "type": "Point",
        "coordinates": [
          17.0505904,
          51.0829126
        ]
      },
      "id": "node/1701710449"
    },
    {
      "type": "Feature",
      "properties": {
        "@id": "node/1701710450",
        "@relations": [
          {
            "role": "platform",
            "rel": 2394367,
            "reltags": {
              "check_date": "2026-05-19",
              "from": "Tarnogaj",
              "interval:conditional": "12 @ (Mo-Fr 06:00-09:00,14:00-18:00); 15 @ (Mo-Fr 05:00-06:00,09:00-14:00,18:00-20:00); 20 @ (Mo-Fr 20:00-23:00,Sa-Su 05:00-23:00)",
              "name": "8: Tarnogaj → Karłowice",
              "network": "Wrocław",
              "opening_hours": "Mo-Su 05:00-23:00",
              "operator": "WTr UM Wrocław",
              "public_transport:version": "2",
              "ref": "8",
              "route": "tram",
              "source:interval": "https://mpk.wroc.pl/komunikat/701/2024-09-30-01092024r-zmiana-rozkladu-jazdy",
              "to": "Karłowice",
              "type": "route",
              "url": "https://www.wroclaw.pl/komunikacja/przystanek-tarnogaj-linia-8-kierunek-karlowice-slupek-21022",
              "wheelchair": "limited"
            }
          }
        ]
      },
      "geometry": {
        "type": "Point",
        "coordinates": [
          17.0493022,
          51.0834762
        ]
      },
      "id": "node/1701710450"
    },
    {
      "type": "Feature",
      "properties": {
        "@id": "node/1701711047",
        "@relations": [
          {
            "role": "platform",
            "rel": 2394367,
            "reltags": {
              "check_date": "2026-05-19",
              "from": "Tarnogaj",
              "interval:conditional": "12 @ (Mo-Fr 06:00-09:00,14:00-18:00); 15 @ (Mo-Fr 05:00-06:00,09:00-14:00,18:00-20:00); 20 @ (Mo-Fr 20:00-23:00,Sa-Su 05:00-23:00)",
              "name": "8: Tarnogaj → Karłowice",
              "network": "Wrocław",
              "opening_hours": "Mo-Su 05:00-23:00",
              "operator": "WTr UM Wrocław",
              "public_transport:version": "2",
              "ref": "8",
              "route": "tram",
              "source:interval": "https://mpk.wroc.pl/komunikat/701/2024-09-30-01092024r-zmiana-rozkladu-jazdy",
              "to": "Karłowice",
              "type": "route",
              "url": "https://www.wroclaw.pl/komunikacja/przystanek-tarnogaj-linia-8-kierunek-karlowice-slupek-21022",
              "wheelchair": "limited"
            }
          }
        ]
      },
      "geometry": {
        "type": "Point",
        "coordinates": [
          17.0328009,
          51.0972919
        ]
      },
      "id": "node/1701711047"
    },
    {
      "type": "Feature",
      "properties": {
        "@id": "node/1701711048",
        "@relations": [
          {
            "role": "platform",
            "rel": 63485,
            "reltags": {
              "check_date": "2026-05-19",
              "from": "Karłowice",
              "interval:conditional": "12 @ (Mo-Fr 06:00-09:00,14:00-18:00); 15 @ (Mo-Fr 05:00-06:00,09:00-14:00,18:00-20:00); 20 @ (Mo-Fr 20:00-23:00,Sa-Su 05:00-23:00)",
              "name": "8: Karłowice → Tarnogaj",
              "network": "Wrocław",
              "opening_hours": "Mo-Su 05:00-23:00",
              "operator": "WTr UM Wrocław",
              "public_transport:version": "2",
              "ref": "8",
              "route": "tram",
              "source:interval": "https://mpk.wroc.pl/komunikat/701/2024-09-30-01092024r-zmiana-rozkladu-jazdy",
              "to": "Tarnogaj",
              "type": "route",
              "url": "https://www.wroclaw.pl/komunikacja/przystanek-karlowice-linia-8-kierunek-tarnogaj-slupek-23011",
              "wheelchair": "limited"
            }
          }
        ]
      },
      "geometry": {
        "type": "Point",
        "coordinates": [
          17.0326427,
          51.097291
        ]
      },
      "id": "node/1701711048"
    },
    {
      "type": "Feature",
      "properties": {
        "@id": "node/1701711056",
        "@relations": [
          {
            "role": "platform",
            "rel": 63485,
            "reltags": {
              "check_date": "2026-05-19",
              "from": "Karłowice",
              "interval:conditional": "12 @ (Mo-Fr 06:00-09:00,14:00-18:00); 15 @ (Mo-Fr 05:00-06:00,09:00-14:00,18:00-20:00); 20 @ (Mo-Fr 20:00-23:00,Sa-Su 05:00-23:00)",
              "name": "8: Karłowice → Tarnogaj",
              "network": "Wrocław",
              "opening_hours": "Mo-Su 05:00-23:00",
              "operator": "WTr UM Wrocław",
              "public_transport:version": "2",
              "ref": "8",
              "route": "tram",
              "source:interval": "https://mpk.wroc.pl/komunikat/701/2024-09-30-01092024r-zmiana-rozkladu-jazdy",
              "to": "Tarnogaj",
              "type": "route",
              "url": "https://www.wroclaw.pl/komunikacja/przystanek-karlowice-linia-8-kierunek-tarnogaj-slupek-23011",
              "wheelchair": "limited"
            }
          }
        ]
      },
      "geometry": {
        "type": "Point",
        "coordinates": [
          17.0351679,
          51.099629
        ]
      },
      "id": "node/1701711056"
    },
    {
      "type": "Feature",
      "properties": {
        "@id": "node/1701711058",
        "@relations": [
          {
            "role": "platform",
            "rel": 2394367,
            "reltags": {
              "check_date": "2026-05-19",
              "from": "Tarnogaj",
              "interval:conditional": "12 @ (Mo-Fr 06:00-09:00,14:00-18:00); 15 @ (Mo-Fr 05:00-06:00,09:00-14:00,18:00-20:00); 20 @ (Mo-Fr 20:00-23:00,Sa-Su 05:00-23:00)",
              "name": "8: Tarnogaj → Karłowice",
              "network": "Wrocław",
              "opening_hours": "Mo-Su 05:00-23:00",
              "operator": "WTr UM Wrocław",
              "public_transport:version": "2",
              "ref": "8",
              "route": "tram",
              "source:interval": "https://mpk.wroc.pl/komunikat/701/2024-09-30-01092024r-zmiana-rozkladu-jazdy",
              "to": "Karłowice",
              "type": "route",
              "url": "https://www.wroclaw.pl/komunikacja/przystanek-tarnogaj-linia-8-kierunek-karlowice-slupek-21022",
              "wheelchair": "limited"
            }
          }
        ]
      },
      "geometry": {
        "type": "Point",
        "coordinates": [
          17.035464,
          51.0996488
        ]
      },
      "id": "node/1701711058"
    },
    {
      "type": "Feature",
      "properties": {
        "@id": "node/1701711062",
        "@relations": [
          {
            "role": "platform",
            "rel": 63485,
            "reltags": {
              "check_date": "2026-05-19",
              "from": "Karłowice",
              "interval:conditional": "12 @ (Mo-Fr 06:00-09:00,14:00-18:00); 15 @ (Mo-Fr 05:00-06:00,09:00-14:00,18:00-20:00); 20 @ (Mo-Fr 20:00-23:00,Sa-Su 05:00-23:00)",
              "name": "8: Karłowice → Tarnogaj",
              "network": "Wrocław",
              "opening_hours": "Mo-Su 05:00-23:00",
              "operator": "WTr UM Wrocław",
              "public_transport:version": "2",
              "ref": "8",
              "route": "tram",
              "source:interval": "https://mpk.wroc.pl/komunikat/701/2024-09-30-01092024r-zmiana-rozkladu-jazdy",
              "to": "Tarnogaj",
              "type": "route",
              "url": "https://www.wroclaw.pl/komunikacja/przystanek-karlowice-linia-8-kierunek-tarnogaj-slupek-23011",
              "wheelchair": "limited"
            }
          }
        ]
      },
      "geometry": {
        "type": "Point",
        "coordinates": [
          17.036076,
          51.1007867
        ]
      },
      "id": "node/1701711062"
    },
    {
      "type": "Feature",
      "properties": {
        "@id": "node/1701711063",
        "@relations": [
          {
            "role": "platform",
            "rel": 63485,
            "reltags": {
              "check_date": "2026-05-19",
              "from": "Karłowice",
              "interval:conditional": "12 @ (Mo-Fr 06:00-09:00,14:00-18:00); 15 @ (Mo-Fr 05:00-06:00,09:00-14:00,18:00-20:00); 20 @ (Mo-Fr 20:00-23:00,Sa-Su 05:00-23:00)",
              "name": "8: Karłowice → Tarnogaj",
              "network": "Wrocław",
              "opening_hours": "Mo-Su 05:00-23:00",
              "operator": "WTr UM Wrocław",
              "public_transport:version": "2",
              "ref": "8",
              "route": "tram",
              "source:interval": "https://mpk.wroc.pl/komunikat/701/2024-09-30-01092024r-zmiana-rozkladu-jazdy",
              "to": "Tarnogaj",
              "type": "route",
              "url": "https://www.wroclaw.pl/komunikacja/przystanek-karlowice-linia-8-kierunek-tarnogaj-slupek-23011",
              "wheelchair": "limited"
            }
          }
        ]
      },
      "geometry": {
        "type": "Point",
        "coordinates": [
          17.0350097,
          51.1242396
        ]
      },
      "id": "node/1701711063"
    },
    {
      "type": "Feature",
      "properties": {
        "@id": "node/1701711064",
        "@relations": [
          {
            "role": "platform",
            "rel": 2394367,
            "reltags": {
              "check_date": "2026-05-19",
              "from": "Tarnogaj",
              "interval:conditional": "12 @ (Mo-Fr 06:00-09:00,14:00-18:00); 15 @ (Mo-Fr 05:00-06:00,09:00-14:00,18:00-20:00); 20 @ (Mo-Fr 20:00-23:00,Sa-Su 05:00-23:00)",
              "name": "8: Tarnogaj → Karłowice",
              "network": "Wrocław",
              "opening_hours": "Mo-Su 05:00-23:00",
              "operator": "WTr UM Wrocław",
              "public_transport:version": "2",
              "ref": "8",
              "route": "tram",
              "source:interval": "https://mpk.wroc.pl/komunikat/701/2024-09-30-01092024r-zmiana-rozkladu-jazdy",
              "to": "Karłowice",
              "type": "route",
              "url": "https://www.wroclaw.pl/komunikacja/przystanek-tarnogaj-linia-8-kierunek-karlowice-slupek-21022",
              "wheelchair": "limited"
            }
          }
        ]
      },
      "geometry": {
        "type": "Point",
        "coordinates": [
          17.0350405,
          51.1243198
        ]
      },
      "id": "node/1701711064"
    },
    {
      "type": "Feature",
      "properties": {
        "@id": "node/1701711068",
        "@relations": [
          {
            "role": "platform",
            "rel": 2394367,
            "reltags": {
              "check_date": "2026-05-19",
              "from": "Tarnogaj",
              "interval:conditional": "12 @ (Mo-Fr 06:00-09:00,14:00-18:00); 15 @ (Mo-Fr 05:00-06:00,09:00-14:00,18:00-20:00); 20 @ (Mo-Fr 20:00-23:00,Sa-Su 05:00-23:00)",
              "name": "8: Tarnogaj → Karłowice",
              "network": "Wrocław",
              "opening_hours": "Mo-Su 05:00-23:00",
              "operator": "WTr UM Wrocław",
              "public_transport:version": "2",
              "ref": "8",
              "route": "tram",
              "source:interval": "https://mpk.wroc.pl/komunikat/701/2024-09-30-01092024r-zmiana-rozkladu-jazdy",
              "to": "Karłowice",
              "type": "route",
              "url": "https://www.wroclaw.pl/komunikacja/przystanek-tarnogaj-linia-8-kierunek-karlowice-slupek-21022",
              "wheelchair": "limited"
            }
          }
        ]
      },
      "geometry": {
        "type": "Point",
        "coordinates": [
          17.0349905,
          51.1247575
        ]
      },
      "id": "node/1701711068"
    },
    {
      "type": "Feature",
      "properties": {
        "@id": "node/1701711070",
        "@relations": [
          {
            "role": "platform",
            "rel": 63485,
            "reltags": {
              "check_date": "2026-05-19",
              "from": "Karłowice",
              "interval:conditional": "12 @ (Mo-Fr 06:00-09:00,14:00-18:00); 15 @ (Mo-Fr 05:00-06:00,09:00-14:00,18:00-20:00); 20 @ (Mo-Fr 20:00-23:00,Sa-Su 05:00-23:00)",
              "name": "8: Karłowice → Tarnogaj",
              "network": "Wrocław",
              "opening_hours": "Mo-Su 05:00-23:00",
              "operator": "WTr UM Wrocław",
              "public_transport:version": "2",
              "ref": "8",
              "route": "tram",
              "source:interval": "https://mpk.wroc.pl/komunikat/701/2024-09-30-01092024r-zmiana-rozkladu-jazdy",
              "to": "Tarnogaj",
              "type": "route",
              "url": "https://www.wroclaw.pl/komunikacja/przystanek-karlowice-linia-8-kierunek-tarnogaj-slupek-23011",
              "wheelchair": "limited"
            }
          }
        ]
      },
      "geometry": {
        "type": "Point",
        "coordinates": [
          17.0348212,
          51.1248451
        ]
      },
      "id": "node/1701711070"
    },
    {
      "type": "Feature",
      "properties": {
        "@id": "node/1701711113",
        "@relations": [
          {
            "role": "platform",
            "rel": 2394367,
            "reltags": {
              "check_date": "2026-05-19",
              "from": "Tarnogaj",
              "interval:conditional": "12 @ (Mo-Fr 06:00-09:00,14:00-18:00); 15 @ (Mo-Fr 05:00-06:00,09:00-14:00,18:00-20:00); 20 @ (Mo-Fr 20:00-23:00,Sa-Su 05:00-23:00)",
              "name": "8: Tarnogaj → Karłowice",
              "network": "Wrocław",
              "opening_hours": "Mo-Su 05:00-23:00",
              "operator": "WTr UM Wrocław",
              "public_transport:version": "2",
              "ref": "8",
              "route": "tram",
              "source:interval": "https://mpk.wroc.pl/komunikat/701/2024-09-30-01092024r-zmiana-rozkladu-jazdy",
              "to": "Karłowice",
              "type": "route",
              "url": "https://www.wroclaw.pl/komunikacja/przystanek-tarnogaj-linia-8-kierunek-karlowice-slupek-21022",
              "wheelchair": "limited"
            }
          }
        ]
      },
      "geometry": {
        "type": "Point",
        "coordinates": [
          17.0344259,
          51.0939298
        ]
      },
      "id": "node/1701711113"
    },
    {
      "type": "Feature",
      "properties": {
        "@id": "node/1701711150",
        "@relations": [
          {
            "role": "platform",
            "rel": 2394367,
            "reltags": {
              "check_date": "2026-05-19",
              "from": "Tarnogaj",
              "interval:conditional": "12 @ (Mo-Fr 06:00-09:00,14:00-18:00); 15 @ (Mo-Fr 05:00-06:00,09:00-14:00,18:00-20:00); 20 @ (Mo-Fr 20:00-23:00,Sa-Su 05:00-23:00)",
              "name": "8: Tarnogaj → Karłowice",
              "network": "Wrocław",
              "opening_hours": "Mo-Su 05:00-23:00",
              "operator": "WTr UM Wrocław",
              "public_transport:version": "2",
              "ref": "8",
              "route": "tram",
              "source:interval": "https://mpk.wroc.pl/komunikat/701/2024-09-30-01092024r-zmiana-rozkladu-jazdy",
              "to": "Karłowice",
              "type": "route",
              "url": "https://www.wroclaw.pl/komunikacja/przystanek-tarnogaj-linia-8-kierunek-karlowice-slupek-21022",
              "wheelchair": "limited"
            }
          }
        ]
      },
      "geometry": {
        "type": "Point",
        "coordinates": [
          17.0372824,
          51.1036847
        ]
      },
      "id": "node/1701711150"
    },
    {
      "type": "Feature",
      "properties": {
        "@id": "node/1701711152",
        "@relations": [
          {
            "role": "platform",
            "rel": 63485,
            "reltags": {
              "check_date": "2026-05-19",
              "from": "Karłowice",
              "interval:conditional": "12 @ (Mo-Fr 06:00-09:00,14:00-18:00); 15 @ (Mo-Fr 05:00-06:00,09:00-14:00,18:00-20:00); 20 @ (Mo-Fr 20:00-23:00,Sa-Su 05:00-23:00)",
              "name": "8: Karłowice → Tarnogaj",
              "network": "Wrocław",
              "opening_hours": "Mo-Su 05:00-23:00",
              "operator": "WTr UM Wrocław",
              "public_transport:version": "2",
              "ref": "8",
              "route": "tram",
              "source:interval": "https://mpk.wroc.pl/komunikat/701/2024-09-30-01092024r-zmiana-rozkladu-jazdy",
              "to": "Tarnogaj",
              "type": "route",
              "url": "https://www.wroclaw.pl/komunikacja/przystanek-karlowice-linia-8-kierunek-tarnogaj-slupek-23011",
              "wheelchair": "limited"
            }
          }
        ]
      },
      "geometry": {
        "type": "Point",
        "coordinates": [
          17.0374049,
          51.1042724
        ]
      },
      "id": "node/1701711152"
    },
    {
      "type": "Feature",
      "properties": {
        "@id": "node/1701711189",
        "@relations": [
          {
            "role": "platform",
            "rel": 2394367,
            "reltags": {
              "check_date": "2026-05-19",
              "from": "Tarnogaj",
              "interval:conditional": "12 @ (Mo-Fr 06:00-09:00,14:00-18:00); 15 @ (Mo-Fr 05:00-06:00,09:00-14:00,18:00-20:00); 20 @ (Mo-Fr 20:00-23:00,Sa-Su 05:00-23:00)",
              "name": "8: Tarnogaj → Karłowice",
              "network": "Wrocław",
              "opening_hours": "Mo-Su 05:00-23:00",
              "operator": "WTr UM Wrocław",
              "public_transport:version": "2",
              "ref": "8",
              "route": "tram",
              "source:interval": "https://mpk.wroc.pl/komunikat/701/2024-09-30-01092024r-zmiana-rozkladu-jazdy",
              "to": "Karłowice",
              "type": "route",
              "url": "https://www.wroclaw.pl/komunikacja/przystanek-tarnogaj-linia-8-kierunek-karlowice-slupek-21022",
              "wheelchair": "limited"
            }
          }
        ]
      },
      "geometry": {
        "type": "Point",
        "coordinates": [
          17.038712,
          51.1085252
        ]
      },
      "id": "node/1701711189"
    },
    {
      "type": "Feature",
      "properties": {
        "@id": "node/1701711201",
        "@relations": [
          {
            "role": "platform",
            "rel": 63485,
            "reltags": {
              "check_date": "2026-05-19",
              "from": "Karłowice",
              "interval:conditional": "12 @ (Mo-Fr 06:00-09:00,14:00-18:00); 15 @ (Mo-Fr 05:00-06:00,09:00-14:00,18:00-20:00); 20 @ (Mo-Fr 20:00-23:00,Sa-Su 05:00-23:00)",
              "name": "8: Karłowice → Tarnogaj",
              "network": "Wrocław",
              "opening_hours": "Mo-Su 05:00-23:00",
              "operator": "WTr UM Wrocław",
              "public_transport:version": "2",
              "ref": "8",
              "route": "tram",
              "source:interval": "https://mpk.wroc.pl/komunikat/701/2024-09-30-01092024r-zmiana-rozkladu-jazdy",
              "to": "Tarnogaj",
              "type": "route",
              "url": "https://www.wroclaw.pl/komunikacja/przystanek-karlowice-linia-8-kierunek-tarnogaj-slupek-23011",
              "wheelchair": "limited"
            }
          }
        ]
      },
      "geometry": {
        "type": "Point",
        "coordinates": [
          17.0399915,
          51.0917863
        ]
      },
      "id": "node/1701711201"
    },
    {
      "type": "Feature",
      "properties": {
        "@id": "node/1701711202",
        "@relations": [
          {
            "role": "platform",
            "rel": 2394367,
            "reltags": {
              "check_date": "2026-05-19",
              "from": "Tarnogaj",
              "interval:conditional": "12 @ (Mo-Fr 06:00-09:00,14:00-18:00); 15 @ (Mo-Fr 05:00-06:00,09:00-14:00,18:00-20:00); 20 @ (Mo-Fr 20:00-23:00,Sa-Su 05:00-23:00)",
              "name": "8: Tarnogaj → Karłowice",
              "network": "Wrocław",
              "opening_hours": "Mo-Su 05:00-23:00",
              "operator": "WTr UM Wrocław",
              "public_transport:version": "2",
              "ref": "8",
              "route": "tram",
              "source:interval": "https://mpk.wroc.pl/komunikat/701/2024-09-30-01092024r-zmiana-rozkladu-jazdy",
              "to": "Karłowice",
              "type": "route",
              "url": "https://www.wroclaw.pl/komunikacja/przystanek-tarnogaj-linia-8-kierunek-karlowice-slupek-21022",
              "wheelchair": "limited"
            }
          }
        ]
      },
      "geometry": {
        "type": "Point",
        "coordinates": [
          17.0398051,
          51.0919852
        ]
      },
      "id": "node/1701711202"
    },
    {
      "type": "Feature",
      "properties": {
        "@id": "node/1701711307",
        "@relations": [
          {
            "role": "platform",
            "rel": 2394367,
            "reltags": {
              "check_date": "2026-05-19",
              "from": "Tarnogaj",
              "interval:conditional": "12 @ (Mo-Fr 06:00-09:00,14:00-18:00); 15 @ (Mo-Fr 05:00-06:00,09:00-14:00,18:00-20:00); 20 @ (Mo-Fr 20:00-23:00,Sa-Su 05:00-23:00)",
              "name": "8: Tarnogaj → Karłowice",
              "network": "Wrocław",
              "opening_hours": "Mo-Su 05:00-23:00",
              "operator": "WTr UM Wrocław",
              "public_transport:version": "2",
              "ref": "8",
              "route": "tram",
              "source:interval": "https://mpk.wroc.pl/komunikat/701/2024-09-30-01092024r-zmiana-rozkladu-jazdy",
              "to": "Karłowice",
              "type": "route",
              "url": "https://www.wroclaw.pl/komunikacja/przystanek-tarnogaj-linia-8-kierunek-karlowice-slupek-21022",
              "wheelchair": "limited"
            }
          }
        ]
      },
      "geometry": {
        "type": "Point",
        "coordinates": [
          17.0395801,
          51.112775
        ]
      },
      "id": "node/1701711307"
    },
    {
      "type": "Feature",
      "properties": {
        "@id": "node/1701711606",
        "@relations": [
          {
            "role": "platform",
            "rel": 2394367,
            "reltags": {
              "check_date": "2026-05-19",
              "from": "Tarnogaj",
              "interval:conditional": "12 @ (Mo-Fr 06:00-09:00,14:00-18:00); 15 @ (Mo-Fr 05:00-06:00,09:00-14:00,18:00-20:00); 20 @ (Mo-Fr 20:00-23:00,Sa-Su 05:00-23:00)",
              "name": "8: Tarnogaj → Karłowice",
              "network": "Wrocław",
              "opening_hours": "Mo-Su 05:00-23:00",
              "operator": "WTr UM Wrocław",
              "public_transport:version": "2",
              "ref": "8",
              "route": "tram",
              "source:interval": "https://mpk.wroc.pl/komunikat/701/2024-09-30-01092024r-zmiana-rozkladu-jazdy",
              "to": "Karłowice",
              "type": "route",
              "url": "https://www.wroclaw.pl/komunikacja/przystanek-tarnogaj-linia-8-kierunek-karlowice-slupek-21022",
              "wheelchair": "limited"
            }
          }
        ]
      },
      "geometry": {
        "type": "Point",
        "coordinates": [
          17.0433405,
          51.1210288
        ]
      },
      "id": "node/1701711606"
    },
    {
      "type": "Feature",
      "properties": {
        "@id": "node/1701711631",
        "@relations": [
          {
            "role": "platform",
            "rel": 63485,
            "reltags": {
              "check_date": "2026-05-19",
              "from": "Karłowice",
              "interval:conditional": "12 @ (Mo-Fr 06:00-09:00,14:00-18:00); 15 @ (Mo-Fr 05:00-06:00,09:00-14:00,18:00-20:00); 20 @ (Mo-Fr 20:00-23:00,Sa-Su 05:00-23:00)",
              "name": "8: Karłowice → Tarnogaj",
              "network": "Wrocław",
              "opening_hours": "Mo-Su 05:00-23:00",
              "operator": "WTr UM Wrocław",
              "public_transport:version": "2",
              "ref": "8",
              "route": "tram",
              "source:interval": "https://mpk.wroc.pl/komunikat/701/2024-09-30-01092024r-zmiana-rozkladu-jazdy",
              "to": "Tarnogaj",
              "type": "route",
              "url": "https://www.wroclaw.pl/komunikacja/przystanek-karlowice-linia-8-kierunek-tarnogaj-slupek-23011",
              "wheelchair": "limited"
            }
          }
        ]
      },
      "geometry": {
        "type": "Point",
        "coordinates": [
          17.0434682,
          51.1215571
        ]
      },
      "id": "node/1701711631"
    },
    {
      "type": "Feature",
      "properties": {
        "@id": "node/1701711732",
        "@relations": [
          {
            "role": "platform",
            "rel": 63485,
            "reltags": {
              "check_date": "2026-05-19",
              "from": "Karłowice",
              "interval:conditional": "12 @ (Mo-Fr 06:00-09:00,14:00-18:00); 15 @ (Mo-Fr 05:00-06:00,09:00-14:00,18:00-20:00); 20 @ (Mo-Fr 20:00-23:00,Sa-Su 05:00-23:00)",
              "name": "8: Karłowice → Tarnogaj",
              "network": "Wrocław",
              "opening_hours": "Mo-Su 05:00-23:00",
              "operator": "WTr UM Wrocław",
              "public_transport:version": "2",
              "ref": "8",
              "route": "tram",
              "source:interval": "https://mpk.wroc.pl/komunikat/701/2024-09-30-01092024r-zmiana-rozkladu-jazdy",
              "to": "Tarnogaj",
              "type": "route",
              "url": "https://www.wroclaw.pl/komunikacja/przystanek-karlowice-linia-8-kierunek-tarnogaj-slupek-23011",
              "wheelchair": "limited"
            }
          }
        ]
      },
      "geometry": {
        "type": "Point",
        "coordinates": [
          17.036113,
          51.0933786
        ]
      },
      "id": "node/1701711732"
    },
    {
      "type": "Feature",
      "properties": {
        "@id": "node/1701712443",
        "@relations": [
          {
            "role": "platform",
            "rel": 63485,
            "reltags": {
              "check_date": "2026-05-19",
              "from": "Karłowice",
              "interval:conditional": "12 @ (Mo-Fr 06:00-09:00,14:00-18:00); 15 @ (Mo-Fr 05:00-06:00,09:00-14:00,18:00-20:00); 20 @ (Mo-Fr 20:00-23:00,Sa-Su 05:00-23:00)",
              "name": "8: Karłowice → Tarnogaj",
              "network": "Wrocław",
              "opening_hours": "Mo-Su 05:00-23:00",
              "operator": "WTr UM Wrocław",
              "public_transport:version": "2",
              "ref": "8",
              "route": "tram",
              "source:interval": "https://mpk.wroc.pl/komunikat/701/2024-09-30-01092024r-zmiana-rozkladu-jazdy",
              "to": "Tarnogaj",
              "type": "route",
              "url": "https://www.wroclaw.pl/komunikacja/przystanek-karlowice-linia-8-kierunek-tarnogaj-slupek-23011",
              "wheelchair": "limited"
            }
          }
        ]
      },
      "geometry": {
        "type": "Point",
        "coordinates": [
          17.0481048,
          51.0851126
        ]
      },
      "id": "node/1701712443"
    },
    {
      "type": "Feature",
      "properties": {
        "@id": "node/1701712503",
        "@relations": [
          {
            "role": "platform",
            "rel": 2394367,
            "reltags": {
              "check_date": "2026-05-19",
              "from": "Tarnogaj",
              "interval:conditional": "12 @ (Mo-Fr 06:00-09:00,14:00-18:00); 15 @ (Mo-Fr 05:00-06:00,09:00-14:00,18:00-20:00); 20 @ (Mo-Fr 20:00-23:00,Sa-Su 05:00-23:00)",
              "name": "8: Tarnogaj → Karłowice",
              "network": "Wrocław",
              "opening_hours": "Mo-Su 05:00-23:00",
              "operator": "WTr UM Wrocław",
              "public_transport:version": "2",
              "ref": "8",
              "route": "tram",
              "source:interval": "https://mpk.wroc.pl/komunikat/701/2024-09-30-01092024r-zmiana-rozkladu-jazdy",
              "to": "Karłowice",
              "type": "route",
              "url": "https://www.wroclaw.pl/komunikacja/przystanek-tarnogaj-linia-8-kierunek-karlowice-slupek-21022",
              "wheelchair": "limited"
            }
          }
        ]
      },
      "geometry": {
        "type": "Point",
        "coordinates": [
          17.0469485,
          51.0861212
        ]
      },
      "id": "node/1701712503"
    },
    {
      "type": "Feature",
      "properties": {
        "@id": "node/1701713355",
        "@relations": [
          {
            "role": "platform",
            "rel": 63485,
            "reltags": {
              "check_date": "2026-05-19",
              "from": "Karłowice",
              "interval:conditional": "12 @ (Mo-Fr 06:00-09:00,14:00-18:00); 15 @ (Mo-Fr 05:00-06:00,09:00-14:00,18:00-20:00); 20 @ (Mo-Fr 20:00-23:00,Sa-Su 05:00-23:00)",
              "name": "8: Karłowice → Tarnogaj",
              "network": "Wrocław",
              "opening_hours": "Mo-Su 05:00-23:00",
              "operator": "WTr UM Wrocław",
              "public_transport:version": "2",
              "ref": "8",
              "route": "tram",
              "source:interval": "https://mpk.wroc.pl/komunikat/701/2024-09-30-01092024r-zmiana-rozkladu-jazdy",
              "to": "Tarnogaj",
              "type": "route",
              "url": "https://www.wroclaw.pl/komunikacja/przystanek-karlowice-linia-8-kierunek-tarnogaj-slupek-23011",
              "wheelchair": "limited"
            }
          }
        ]
      },
      "geometry": {
        "type": "Point",
        "coordinates": [
          17.0625565,
          51.0800086
        ]
      },
      "id": "node/1701713355"
    },
    {
      "type": "Feature",
      "properties": {
        "@id": "node/1701713377",
        "@relations": [
          {
            "role": "platform",
            "rel": 2394367,
            "reltags": {
              "check_date": "2026-05-19",
              "from": "Tarnogaj",
              "interval:conditional": "12 @ (Mo-Fr 06:00-09:00,14:00-18:00); 15 @ (Mo-Fr 05:00-06:00,09:00-14:00,18:00-20:00); 20 @ (Mo-Fr 20:00-23:00,Sa-Su 05:00-23:00)",
              "name": "8: Tarnogaj → Karłowice",
              "network": "Wrocław",
              "opening_hours": "Mo-Su 05:00-23:00",
              "operator": "WTr UM Wrocław",
              "public_transport:version": "2",
              "ref": "8",
              "route": "tram",
              "source:interval": "https://mpk.wroc.pl/komunikat/701/2024-09-30-01092024r-zmiana-rozkladu-jazdy",
              "to": "Karłowice",
              "type": "route",
              "url": "https://www.wroclaw.pl/komunikacja/przystanek-tarnogaj-linia-8-kierunek-karlowice-slupek-21022",
              "wheelchair": "limited"
            }
          }
        ]
      },
      "geometry": {
        "type": "Point",
        "coordinates": [
          17.0626565,
          51.0801899
        ]
      },
      "id": "node/1701713377"
    },
    {
      "type": "Feature",
      "properties": {
        "@id": "node/1701715726",
        "@relations": [
          {
            "role": "platform",
            "rel": 2394367,
            "reltags": {
              "check_date": "2026-05-19",
              "from": "Tarnogaj",
              "interval:conditional": "12 @ (Mo-Fr 06:00-09:00,14:00-18:00); 15 @ (Mo-Fr 05:00-06:00,09:00-14:00,18:00-20:00); 20 @ (Mo-Fr 20:00-23:00,Sa-Su 05:00-23:00)",
              "name": "8: Tarnogaj → Karłowice",
              "network": "Wrocław",
              "opening_hours": "Mo-Su 05:00-23:00",
              "operator": "WTr UM Wrocław",
              "public_transport:version": "2",
              "ref": "8",
              "route": "tram",
              "source:interval": "https://mpk.wroc.pl/komunikat/701/2024-09-30-01092024r-zmiana-rozkladu-jazdy",
              "to": "Karłowice",
              "type": "route",
              "url": "https://www.wroclaw.pl/komunikacja/przystanek-tarnogaj-linia-8-kierunek-karlowice-slupek-21022",
              "wheelchair": "limited"
            }
          }
        ]
      },
      "geometry": {
        "type": "Point",
        "coordinates": [
          17.042043,
          51.1188999
        ]
      },
      "id": "node/1701715726"
    },
    {
      "type": "Feature",
      "properties": {
        "@id": "node/1701715804",
        "@relations": [
          {
            "role": "platform",
            "rel": 63485,
            "reltags": {
              "check_date": "2026-05-19",
              "from": "Karłowice",
              "interval:conditional": "12 @ (Mo-Fr 06:00-09:00,14:00-18:00); 15 @ (Mo-Fr 05:00-06:00,09:00-14:00,18:00-20:00); 20 @ (Mo-Fr 20:00-23:00,Sa-Su 05:00-23:00)",
              "name": "8: Karłowice → Tarnogaj",
              "network": "Wrocław",
              "opening_hours": "Mo-Su 05:00-23:00",
              "operator": "WTr UM Wrocław",
              "public_transport:version": "2",
              "ref": "8",
              "route": "tram",
              "source:interval": "https://mpk.wroc.pl/komunikat/701/2024-09-30-01092024r-zmiana-rozkladu-jazdy",
              "to": "Tarnogaj",
              "type": "route",
              "url": "https://www.wroclaw.pl/komunikacja/przystanek-karlowice-linia-8-kierunek-tarnogaj-slupek-23011",
              "wheelchair": "limited"
            }
          }
        ]
      },
      "geometry": {
        "type": "Point",
        "coordinates": [
          17.0420619,
          51.119406
        ]
      },
      "id": "node/1701715804"
    },
    {
      "type": "Feature",
      "properties": {
        "@id": "node/1701715981",
        "@relations": [
          {
            "role": "platform",
            "rel": 63485,
            "reltags": {
              "check_date": "2026-05-19",
              "from": "Karłowice",
              "interval:conditional": "12 @ (Mo-Fr 06:00-09:00,14:00-18:00); 15 @ (Mo-Fr 05:00-06:00,09:00-14:00,18:00-20:00); 20 @ (Mo-Fr 20:00-23:00,Sa-Su 05:00-23:00)",
              "name": "8: Karłowice → Tarnogaj",
              "network": "Wrocław",
              "opening_hours": "Mo-Su 05:00-23:00",
              "operator": "WTr UM Wrocław",
              "public_transport:version": "2",
              "ref": "8",
              "route": "tram",
              "source:interval": "https://mpk.wroc.pl/komunikat/701/2024-09-30-01092024r-zmiana-rozkladu-jazdy",
              "to": "Tarnogaj",
              "type": "route",
              "url": "https://www.wroclaw.pl/komunikacja/przystanek-karlowice-linia-8-kierunek-tarnogaj-slupek-23011",
              "wheelchair": "limited"
            }
          }
        ]
      },
      "geometry": {
        "type": "Point",
        "coordinates": [
          17.0441747,
          51.1239203
        ]
      },
      "id": "node/1701715981"
    },
    {
      "type": "Feature",
      "properties": {
        "@id": "node/1701717771",
        "@relations": [
          {
            "role": "platform",
            "rel": 63485,
            "reltags": {
              "check_date": "2026-05-19",
              "from": "Karłowice",
              "interval:conditional": "12 @ (Mo-Fr 06:00-09:00,14:00-18:00); 15 @ (Mo-Fr 05:00-06:00,09:00-14:00,18:00-20:00); 20 @ (Mo-Fr 20:00-23:00,Sa-Su 05:00-23:00)",
              "name": "8: Karłowice → Tarnogaj",
              "network": "Wrocław",
              "opening_hours": "Mo-Su 05:00-23:00",
              "operator": "WTr UM Wrocław",
              "public_transport:version": "2",
              "ref": "8",
              "route": "tram",
              "source:interval": "https://mpk.wroc.pl/komunikat/701/2024-09-30-01092024r-zmiana-rozkladu-jazdy",
              "to": "Tarnogaj",
              "type": "route",
              "url": "https://www.wroclaw.pl/komunikacja/przystanek-karlowice-linia-8-kierunek-tarnogaj-slupek-23011",
              "wheelchair": "limited"
            }
          }
        ]
      },
      "geometry": {
        "type": "Point",
        "coordinates": [
          17.0450561,
          51.0892078
        ]
      },
      "id": "node/1701717771"
    },
    {
      "type": "Feature",
      "properties": {
        "@id": "node/1701717772",
        "@relations": [
          {
            "role": "platform",
            "rel": 2394367,
            "reltags": {
              "check_date": "2026-05-19",
              "from": "Tarnogaj",
              "interval:conditional": "12 @ (Mo-Fr 06:00-09:00,14:00-18:00); 15 @ (Mo-Fr 05:00-06:00,09:00-14:00,18:00-20:00); 20 @ (Mo-Fr 20:00-23:00,Sa-Su 05:00-23:00)",
              "name": "8: Tarnogaj → Karłowice",
              "network": "Wrocław",
              "opening_hours": "Mo-Su 05:00-23:00",
              "operator": "WTr UM Wrocław",
              "public_transport:version": "2",
              "ref": "8",
              "route": "tram",
              "source:interval": "https://mpk.wroc.pl/komunikat/701/2024-09-30-01092024r-zmiana-rozkladu-jazdy",
              "to": "Karłowice",
              "type": "route",
              "url": "https://www.wroclaw.pl/komunikacja/przystanek-tarnogaj-linia-8-kierunek-karlowice-slupek-21022",
              "wheelchair": "limited"
            }
          }
        ]
      },
      "geometry": {
        "type": "Point",
        "coordinates": [
          17.0448209,
          51.0900522
        ]
      },
      "id": "node/1701717772"
    },
    {
      "type": "Feature",
      "properties": {
        "@id": "node/1701721123",
        "@relations": [
          {
            "role": "platform",
            "rel": 2394367,
            "reltags": {
              "check_date": "2026-05-19",
              "from": "Tarnogaj",
              "interval:conditional": "12 @ (Mo-Fr 06:00-09:00,14:00-18:00); 15 @ (Mo-Fr 05:00-06:00,09:00-14:00,18:00-20:00); 20 @ (Mo-Fr 20:00-23:00,Sa-Su 05:00-23:00)",
              "name": "8: Tarnogaj → Karłowice",
              "network": "Wrocław",
              "opening_hours": "Mo-Su 05:00-23:00",
              "operator": "WTr UM Wrocław",
              "public_transport:version": "2",
              "ref": "8",
              "route": "tram",
              "source:interval": "https://mpk.wroc.pl/komunikat/701/2024-09-30-01092024r-zmiana-rozkladu-jazdy",
              "to": "Karłowice",
              "type": "route",
              "url": "https://www.wroclaw.pl/komunikacja/przystanek-tarnogaj-linia-8-kierunek-karlowice-slupek-21022",
              "wheelchair": "limited"
            }
          }
        ]
      },
      "geometry": {
        "type": "Point",
        "coordinates": [
          17.0402217,
          51.1235467
        ]
      },
      "id": "node/1701721123"
    },
    {
      "type": "Feature",
      "properties": {
        "@id": "node/1701721153",
        "@relations": [
          {
            "role": "platform",
            "rel": 63485,
            "reltags": {
              "check_date": "2026-05-19",
              "from": "Karłowice",
              "interval:conditional": "12 @ (Mo-Fr 06:00-09:00,14:00-18:00); 15 @ (Mo-Fr 05:00-06:00,09:00-14:00,18:00-20:00); 20 @ (Mo-Fr 20:00-23:00,Sa-Su 05:00-23:00)",
              "name": "8: Karłowice → Tarnogaj",
              "network": "Wrocław",
              "opening_hours": "Mo-Su 05:00-23:00",
              "operator": "WTr UM Wrocław",
              "public_transport:version": "2",
              "ref": "8",
              "route": "tram",
              "source:interval": "https://mpk.wroc.pl/komunikat/701/2024-09-30-01092024r-zmiana-rozkladu-jazdy",
              "to": "Tarnogaj",
              "type": "route",
              "url": "https://www.wroclaw.pl/komunikacja/przystanek-karlowice-linia-8-kierunek-tarnogaj-slupek-23011",
              "wheelchair": "limited"
            }
          }
        ]
      },
      "geometry": {
        "type": "Point",
        "coordinates": [
          17.0413489,
          51.1236287
        ]
      },
      "id": "node/1701721153"
    },
    {
      "type": "Feature",
      "properties": {
        "@id": "node/1701721333",
        "@relations": [
          {
            "role": "platform_entry_only",
            "rel": 2394367,
            "reltags": {
              "check_date": "2026-05-19",
              "from": "Tarnogaj",
              "interval:conditional": "12 @ (Mo-Fr 06:00-09:00,14:00-18:00); 15 @ (Mo-Fr 05:00-06:00,09:00-14:00,18:00-20:00); 20 @ (Mo-Fr 20:00-23:00,Sa-Su 05:00-23:00)",
              "name": "8: Tarnogaj → Karłowice",
              "network": "Wrocław",
              "opening_hours": "Mo-Su 05:00-23:00",
              "operator": "WTr UM Wrocław",
              "public_transport:version": "2",
              "ref": "8",
              "route": "tram",
              "source:interval": "https://mpk.wroc.pl/komunikat/701/2024-09-30-01092024r-zmiana-rozkladu-jazdy",
              "to": "Karłowice",
              "type": "route",
              "url": "https://www.wroclaw.pl/komunikacja/przystanek-tarnogaj-linia-8-kierunek-karlowice-slupek-21022",
              "wheelchair": "limited"
            }
          }
        ]
      },
      "geometry": {
        "type": "Point",
        "coordinates": [
          17.0639568,
          51.0785108
        ]
      },
      "id": "node/1701721333"
    },
    {
      "type": "Feature",
      "properties": {
        "@id": "node/1701721700",
        "@relations": [
          {
            "role": "platform",
            "rel": 63485,
            "reltags": {
              "check_date": "2026-05-19",
              "from": "Karłowice",
              "interval:conditional": "12 @ (Mo-Fr 06:00-09:00,14:00-18:00); 15 @ (Mo-Fr 05:00-06:00,09:00-14:00,18:00-20:00); 20 @ (Mo-Fr 20:00-23:00,Sa-Su 05:00-23:00)",
              "name": "8: Karłowice → Tarnogaj",
              "network": "Wrocław",
              "opening_hours": "Mo-Su 05:00-23:00",
              "operator": "WTr UM Wrocław",
              "public_transport:version": "2",
              "ref": "8",
              "route": "tram",
              "source:interval": "https://mpk.wroc.pl/komunikat/701/2024-09-30-01092024r-zmiana-rozkladu-jazdy",
              "to": "Tarnogaj",
              "type": "route",
              "url": "https://www.wroclaw.pl/komunikacja/przystanek-karlowice-linia-8-kierunek-tarnogaj-slupek-23011",
              "wheelchair": "limited"
            }
          }
        ]
      },
      "geometry": {
        "type": "Point",
        "coordinates": [
          17.0602142,
          51.083681
        ]
      },
      "id": "node/1701721700"
    },
    {
      "type": "Feature",
      "properties": {
        "@id": "node/1701721713",
        "@relations": [
          {
            "role": "platform",
            "rel": 2394367,
            "reltags": {
              "check_date": "2026-05-19",
              "from": "Tarnogaj",
              "interval:conditional": "12 @ (Mo-Fr 06:00-09:00,14:00-18:00); 15 @ (Mo-Fr 05:00-06:00,09:00-14:00,18:00-20:00); 20 @ (Mo-Fr 20:00-23:00,Sa-Su 05:00-23:00)",
              "name": "8: Tarnogaj → Karłowice",
              "network": "Wrocław",
              "opening_hours": "Mo-Su 05:00-23:00",
              "operator": "WTr UM Wrocław",
              "public_transport:version": "2",
              "ref": "8",
              "route": "tram",
              "source:interval": "https://mpk.wroc.pl/komunikat/701/2024-09-30-01092024r-zmiana-rozkladu-jazdy",
              "to": "Karłowice",
              "type": "route",
              "url": "https://www.wroclaw.pl/komunikacja/przystanek-tarnogaj-linia-8-kierunek-karlowice-slupek-21022",
              "wheelchair": "limited"
            }
          }
        ]
      },
      "geometry": {
        "type": "Point",
        "coordinates": [
          17.0596693,
          51.0837287
        ]
      },
      "id": "node/1701721713"
    },
    {
      "type": "Feature",
      "properties": {
        "@id": "node/1701721817",
        "@relations": [
          {
            "role": "platform",
            "rel": 2394367,
            "reltags": {
              "check_date": "2026-05-19",
              "from": "Tarnogaj",
              "interval:conditional": "12 @ (Mo-Fr 06:00-09:00,14:00-18:00); 15 @ (Mo-Fr 05:00-06:00,09:00-14:00,18:00-20:00); 20 @ (Mo-Fr 20:00-23:00,Sa-Su 05:00-23:00)",
              "name": "8: Tarnogaj → Karłowice",
              "network": "Wrocław",
              "opening_hours": "Mo-Su 05:00-23:00",
              "operator": "WTr UM Wrocław",
              "public_transport:version": "2",
              "ref": "8",
              "route": "tram",
              "source:interval": "https://mpk.wroc.pl/komunikat/701/2024-09-30-01092024r-zmiana-rozkladu-jazdy",
              "to": "Karłowice",
              "type": "route",
              "url": "https://www.wroclaw.pl/komunikacja/przystanek-tarnogaj-linia-8-kierunek-karlowice-slupek-21022",
              "wheelchair": "limited"
            }
          }
        ]
      },
      "geometry": {
        "type": "Point",
        "coordinates": [
          17.0366742,
          51.128141
        ]
      },
      "id": "node/1701721817"
    },
    {
      "type": "Feature",
      "properties": {
        "@id": "node/1701721821",
        "@relations": [
          {
            "role": "platform",
            "rel": 63485,
            "reltags": {
              "check_date": "2026-05-19",
              "from": "Karłowice",
              "interval:conditional": "12 @ (Mo-Fr 06:00-09:00,14:00-18:00); 15 @ (Mo-Fr 05:00-06:00,09:00-14:00,18:00-20:00); 20 @ (Mo-Fr 20:00-23:00,Sa-Su 05:00-23:00)",
              "name": "8: Karłowice → Tarnogaj",
              "network": "Wrocław",
              "opening_hours": "Mo-Su 05:00-23:00",
              "operator": "WTr UM Wrocław",
              "public_transport:version": "2",
              "ref": "8",
              "route": "tram",
              "source:interval": "https://mpk.wroc.pl/komunikat/701/2024-09-30-01092024r-zmiana-rozkladu-jazdy",
              "to": "Tarnogaj",
              "type": "route",
              "url": "https://www.wroclaw.pl/komunikacja/przystanek-karlowice-linia-8-kierunek-tarnogaj-slupek-23011",
              "wheelchair": "limited"
            }
          }
        ]
      },
      "geometry": {
        "type": "Point",
        "coordinates": [
          17.0365434,
          51.1286452
        ]
      },
      "id": "node/1701721821"
    },
    {
      "type": "Feature",
      "properties": {
        "@id": "node/1701723101",
        "@relations": [
          {
            "role": "platform_entry_only",
            "rel": 63485,
            "reltags": {
              "check_date": "2026-05-19",
              "from": "Karłowice",
              "interval:conditional": "12 @ (Mo-Fr 06:00-09:00,14:00-18:00); 15 @ (Mo-Fr 05:00-06:00,09:00-14:00,18:00-20:00); 20 @ (Mo-Fr 20:00-23:00,Sa-Su 05:00-23:00)",
              "name": "8: Karłowice → Tarnogaj",
              "network": "Wrocław",
              "opening_hours": "Mo-Su 05:00-23:00",
              "operator": "WTr UM Wrocław",
              "public_transport:version": "2",
              "ref": "8",
              "route": "tram",
              "source:interval": "https://mpk.wroc.pl/komunikat/701/2024-09-30-01092024r-zmiana-rozkladu-jazdy",
              "to": "Tarnogaj",
              "type": "route",
              "url": "https://www.wroclaw.pl/komunikacja/przystanek-karlowice-linia-8-kierunek-tarnogaj-slupek-23011",
              "wheelchair": "limited"
            }
          }
        ]
      },
      "geometry": {
        "type": "Point",
        "coordinates": [
          17.0371573,
          51.1342527
        ]
      },
      "id": "node/1701723101"
    },
    {
      "type": "Feature",
      "properties": {
        "@id": "node/1701723470",
        "@relations": [
          {
            "role": "platform",
            "rel": 2394367,
            "reltags": {
              "check_date": "2026-05-19",
              "from": "Tarnogaj",
              "interval:conditional": "12 @ (Mo-Fr 06:00-09:00,14:00-18:00); 15 @ (Mo-Fr 05:00-06:00,09:00-14:00,18:00-20:00); 20 @ (Mo-Fr 20:00-23:00,Sa-Su 05:00-23:00)",
              "name": "8: Tarnogaj → Karłowice",
              "network": "Wrocław",
              "opening_hours": "Mo-Su 05:00-23:00",
              "operator": "WTr UM Wrocław",
              "public_transport:version": "2",
              "ref": "8",
              "route": "tram",
              "source:interval": "https://mpk.wroc.pl/komunikat/701/2024-09-30-01092024r-zmiana-rozkladu-jazdy",
              "to": "Karłowice",
              "type": "route",
              "url": "https://www.wroclaw.pl/komunikacja/przystanek-tarnogaj-linia-8-kierunek-karlowice-slupek-21022",
              "wheelchair": "limited"
            }
          }
        ]
      },
      "geometry": {
        "type": "Point",
        "coordinates": [
          17.0421194,
          51.1175026
        ]
      },
      "id": "node/1701723470"
    },
    {
      "type": "Feature",
      "properties": {
        "@id": "node/1702311543",
        "@relations": [
          {
            "role": "platform_exit_only",
            "rel": 63485,
            "reltags": {
              "check_date": "2026-05-19",
              "from": "Karłowice",
              "interval:conditional": "12 @ (Mo-Fr 06:00-09:00,14:00-18:00); 15 @ (Mo-Fr 05:00-06:00,09:00-14:00,18:00-20:00); 20 @ (Mo-Fr 20:00-23:00,Sa-Su 05:00-23:00)",
              "name": "8: Karłowice → Tarnogaj",
              "network": "Wrocław",
              "opening_hours": "Mo-Su 05:00-23:00",
              "operator": "WTr UM Wrocław",
              "public_transport:version": "2",
              "ref": "8",
              "route": "tram",
              "source:interval": "https://mpk.wroc.pl/komunikat/701/2024-09-30-01092024r-zmiana-rozkladu-jazdy",
              "to": "Tarnogaj",
              "type": "route",
              "url": "https://www.wroclaw.pl/komunikacja/przystanek-karlowice-linia-8-kierunek-tarnogaj-slupek-23011",
              "wheelchair": "limited"
            }
          }
        ]
      },
      "geometry": {
        "type": "Point",
        "coordinates": [
          17.0637113,
          51.0780217
        ]
      },
      "id": "node/1702311543"
    },
    {
      "type": "Feature",
      "properties": {
        "@id": "node/1702311877",
        "@relations": [
          {
            "role": "platform",
            "rel": 63485,
            "reltags": {
              "check_date": "2026-05-19",
              "from": "Karłowice",
              "interval:conditional": "12 @ (Mo-Fr 06:00-09:00,14:00-18:00); 15 @ (Mo-Fr 05:00-06:00,09:00-14:00,18:00-20:00); 20 @ (Mo-Fr 20:00-23:00,Sa-Su 05:00-23:00)",
              "name": "8: Karłowice → Tarnogaj",
              "network": "Wrocław",
              "opening_hours": "Mo-Su 05:00-23:00",
              "operator": "WTr UM Wrocław",
              "public_transport:version": "2",
              "ref": "8",
              "route": "tram",
              "source:interval": "https://mpk.wroc.pl/komunikat/701/2024-09-30-01092024r-zmiana-rozkladu-jazdy",
              "to": "Tarnogaj",
              "type": "route",
              "url": "https://www.wroclaw.pl/komunikacja/przystanek-karlowice-linia-8-kierunek-tarnogaj-slupek-23011",
              "wheelchair": "limited"
            }
          }
        ]
      },
      "geometry": {
        "type": "Point",
        "coordinates": [
          17.0385838,
          51.1084087
        ]
      },
      "id": "node/1702311877"
    },
    {
      "type": "Feature",
      "properties": {
        "@id": "node/1702311907",
        "@relations": [
          {
            "role": "platform",
            "rel": 63485,
            "reltags": {
              "check_date": "2026-05-19",
              "from": "Karłowice",
              "interval:conditional": "12 @ (Mo-Fr 06:00-09:00,14:00-18:00); 15 @ (Mo-Fr 05:00-06:00,09:00-14:00,18:00-20:00); 20 @ (Mo-Fr 20:00-23:00,Sa-Su 05:00-23:00)",
              "name": "8: Karłowice → Tarnogaj",
              "network": "Wrocław",
              "opening_hours": "Mo-Su 05:00-23:00",
              "operator": "WTr UM Wrocław",
              "public_transport:version": "2",
              "ref": "8",
              "route": "tram",
              "source:interval": "https://mpk.wroc.pl/komunikat/701/2024-09-30-01092024r-zmiana-rozkladu-jazdy",
              "to": "Tarnogaj",
              "type": "route",
              "url": "https://www.wroclaw.pl/komunikacja/przystanek-karlowice-linia-8-kierunek-tarnogaj-slupek-23011",
              "wheelchair": "limited"
            }
          }
        ]
      },
      "geometry": {
        "type": "Point",
        "coordinates": [
          17.0394222,
          51.1126612
        ]
      },
      "id": "node/1702311907"
    },
    {
      "type": "Feature",
      "properties": {
        "@id": "node/1702311927",
        "@relations": [
          {
            "role": "platform",
            "rel": 63485,
            "reltags": {
              "check_date": "2026-05-19",
              "from": "Karłowice",
              "interval:conditional": "12 @ (Mo-Fr 06:00-09:00,14:00-18:00); 15 @ (Mo-Fr 05:00-06:00,09:00-14:00,18:00-20:00); 20 @ (Mo-Fr 20:00-23:00,Sa-Su 05:00-23:00)",
              "name": "8: Karłowice → Tarnogaj",
              "network": "Wrocław",
              "opening_hours": "Mo-Su 05:00-23:00",
              "operator": "WTr UM Wrocław",
              "public_transport:version": "2",
              "ref": "8",
              "route": "tram",
              "source:interval": "https://mpk.wroc.pl/komunikat/701/2024-09-30-01092024r-zmiana-rozkladu-jazdy",
              "to": "Tarnogaj",
              "type": "route",
              "url": "https://www.wroclaw.pl/komunikacja/przystanek-karlowice-linia-8-kierunek-tarnogaj-slupek-23011",
              "wheelchair": "limited"
            }
          }
        ]
      },
      "geometry": {
        "type": "Point",
        "coordinates": [
          17.0417113,
          51.1166599
        ]
      },
      "id": "node/1702311927"
    },
    {
      "type": "Feature",
      "properties": {
        "@id": "node/1704950576",
        "@relations": [
          {
            "role": "stop",
            "rel": 2394367,
            "reltags": {
              "check_date": "2026-05-19",
              "from": "Tarnogaj",
              "interval:conditional": "12 @ (Mo-Fr 06:00-09:00,14:00-18:00); 15 @ (Mo-Fr 05:00-06:00,09:00-14:00,18:00-20:00); 20 @ (Mo-Fr 20:00-23:00,Sa-Su 05:00-23:00)",
              "name": "8: Tarnogaj → Karłowice",
              "network": "Wrocław",
              "opening_hours": "Mo-Su 05:00-23:00",
              "operator": "WTr UM Wrocław",
              "public_transport:version": "2",
              "ref": "8",
              "route": "tram",
              "source:interval": "https://mpk.wroc.pl/komunikat/701/2024-09-30-01092024r-zmiana-rozkladu-jazdy",
              "to": "Karłowice",
              "type": "route",
              "url": "https://www.wroclaw.pl/komunikacja/przystanek-tarnogaj-linia-8-kierunek-karlowice-slupek-21022",
              "wheelchair": "limited"
            }
          }
        ]
      },
      "geometry": {
        "type": "Point",
        "coordinates": [
          17.0351125,
          51.1248037
        ]
      },
      "id": "node/1704950576"
    },
    {
      "type": "Feature",
      "properties": {
        "@id": "node/1830674269",
        "@relations": [
          {
            "role": "stop",
            "rel": 2394367,
            "reltags": {
              "check_date": "2026-05-19",
              "from": "Tarnogaj",
              "interval:conditional": "12 @ (Mo-Fr 06:00-09:00,14:00-18:00); 15 @ (Mo-Fr 05:00-06:00,09:00-14:00,18:00-20:00); 20 @ (Mo-Fr 20:00-23:00,Sa-Su 05:00-23:00)",
              "name": "8: Tarnogaj → Karłowice",
              "network": "Wrocław",
              "opening_hours": "Mo-Su 05:00-23:00",
              "operator": "WTr UM Wrocław",
              "public_transport:version": "2",
              "ref": "8",
              "route": "tram",
              "source:interval": "https://mpk.wroc.pl/komunikat/701/2024-09-30-01092024r-zmiana-rozkladu-jazdy",
              "to": "Karłowice",
              "type": "route",
              "url": "https://www.wroclaw.pl/komunikacja/przystanek-tarnogaj-linia-8-kierunek-karlowice-slupek-21022",
              "wheelchair": "limited"
            }
          }
        ]
      },
      "geometry": {
        "type": "Point",
        "coordinates": [
          17.0391408,
          51.1105215
        ]
      },
      "id": "node/1830674269"
    },
    {
      "type": "Feature",
      "properties": {
        "@id": "node/1886386637",
        "@relations": [
          {
            "role": "stop",
            "rel": 63485,
            "reltags": {
              "check_date": "2026-05-19",
              "from": "Karłowice",
              "interval:conditional": "12 @ (Mo-Fr 06:00-09:00,14:00-18:00); 15 @ (Mo-Fr 05:00-06:00,09:00-14:00,18:00-20:00); 20 @ (Mo-Fr 20:00-23:00,Sa-Su 05:00-23:00)",
              "name": "8: Karłowice → Tarnogaj",
              "network": "Wrocław",
              "opening_hours": "Mo-Su 05:00-23:00",
              "operator": "WTr UM Wrocław",
              "public_transport:version": "2",
              "ref": "8",
              "route": "tram",
              "source:interval": "https://mpk.wroc.pl/komunikat/701/2024-09-30-01092024r-zmiana-rozkladu-jazdy",
              "to": "Tarnogaj",
              "type": "route",
              "url": "https://www.wroclaw.pl/komunikacja/przystanek-karlowice-linia-8-kierunek-tarnogaj-slupek-23011",
              "wheelchair": "limited"
            }
          }
        ]
      },
      "geometry": {
        "type": "Point",
        "coordinates": [
          17.0417931,
          51.1166482
        ]
      },
      "id": "node/1886386637"
    },
    {
      "type": "Feature",
      "properties": {
        "@id": "node/1889468882",
        "@relations": [
          {
            "role": "stop",
            "rel": 2394367,
            "reltags": {
              "check_date": "2026-05-19",
              "from": "Tarnogaj",
              "interval:conditional": "12 @ (Mo-Fr 06:00-09:00,14:00-18:00); 15 @ (Mo-Fr 05:00-06:00,09:00-14:00,18:00-20:00); 20 @ (Mo-Fr 20:00-23:00,Sa-Su 05:00-23:00)",
              "name": "8: Tarnogaj → Karłowice",
              "network": "Wrocław",
              "opening_hours": "Mo-Su 05:00-23:00",
              "operator": "WTr UM Wrocław",
              "public_transport:version": "2",
              "ref": "8",
              "route": "tram",
              "source:interval": "https://mpk.wroc.pl/komunikat/701/2024-09-30-01092024r-zmiana-rozkladu-jazdy",
              "to": "Karłowice",
              "type": "route",
              "url": "https://www.wroclaw.pl/komunikacja/przystanek-tarnogaj-linia-8-kierunek-karlowice-slupek-21022",
              "wheelchair": "limited"
            }
          }
        ]
      },
      "geometry": {
        "type": "Point",
        "coordinates": [
          17.0402437,
          51.1234965
        ]
      },
      "id": "node/1889468882"
    },
    {
      "type": "Feature",
      "properties": {
        "@id": "node/1889542017",
        "@relations": [
          {
            "role": "stop",
            "rel": 63485,
            "reltags": {
              "check_date": "2026-05-19",
              "from": "Karłowice",
              "interval:conditional": "12 @ (Mo-Fr 06:00-09:00,14:00-18:00); 15 @ (Mo-Fr 05:00-06:00,09:00-14:00,18:00-20:00); 20 @ (Mo-Fr 20:00-23:00,Sa-Su 05:00-23:00)",
              "name": "8: Karłowice → Tarnogaj",
              "network": "Wrocław",
              "opening_hours": "Mo-Su 05:00-23:00",
              "operator": "WTr UM Wrocław",
              "public_transport:version": "2",
              "ref": "8",
              "route": "tram",
              "source:interval": "https://mpk.wroc.pl/komunikat/701/2024-09-30-01092024r-zmiana-rozkladu-jazdy",
              "to": "Tarnogaj",
              "type": "route",
              "url": "https://www.wroclaw.pl/komunikacja/przystanek-karlowice-linia-8-kierunek-tarnogaj-slupek-23011",
              "wheelchair": "limited"
            }
          }
        ]
      },
      "geometry": {
        "type": "Point",
        "coordinates": [
          17.0366358,
          51.1285316
        ]
      },
      "id": "node/1889542017"
    },
    {
      "type": "Feature",
      "properties": {
        "@id": "node/1895868195",
        "@relations": [
          {
            "role": "stop",
            "rel": 63485,
            "reltags": {
              "check_date": "2026-05-19",
              "from": "Karłowice",
              "interval:conditional": "12 @ (Mo-Fr 06:00-09:00,14:00-18:00); 15 @ (Mo-Fr 05:00-06:00,09:00-14:00,18:00-20:00); 20 @ (Mo-Fr 20:00-23:00,Sa-Su 05:00-23:00)",
              "name": "8: Karłowice → Tarnogaj",
              "network": "Wrocław",
              "opening_hours": "Mo-Su 05:00-23:00",
              "operator": "WTr UM Wrocław",
              "public_transport:version": "2",
              "ref": "8",
              "route": "tram",
              "source:interval": "https://mpk.wroc.pl/komunikat/701/2024-09-30-01092024r-zmiana-rozkladu-jazdy",
              "to": "Tarnogaj",
              "type": "route",
              "url": "https://www.wroclaw.pl/komunikacja/przystanek-karlowice-linia-8-kierunek-tarnogaj-slupek-23011",
              "wheelchair": "limited"
            }
          }
        ]
      },
      "geometry": {
        "type": "Point",
        "coordinates": [
          17.034714,
          51.1248007
        ]
      },
      "id": "node/1895868195"
    },
    {
      "type": "Feature",
      "properties": {
        "@id": "node/1895868599",
        "@relations": [
          {
            "role": "stop",
            "rel": 63485,
            "reltags": {
              "check_date": "2026-05-19",
              "from": "Karłowice",
              "interval:conditional": "12 @ (Mo-Fr 06:00-09:00,14:00-18:00); 15 @ (Mo-Fr 05:00-06:00,09:00-14:00,18:00-20:00); 20 @ (Mo-Fr 20:00-23:00,Sa-Su 05:00-23:00)",
              "name": "8: Karłowice → Tarnogaj",
              "network": "Wrocław",
              "opening_hours": "Mo-Su 05:00-23:00",
              "operator": "WTr UM Wrocław",
              "public_transport:version": "2",
              "ref": "8",
              "route": "tram",
              "source:interval": "https://mpk.wroc.pl/komunikat/701/2024-09-30-01092024r-zmiana-rozkladu-jazdy",
              "to": "Tarnogaj",
              "type": "route",
              "url": "https://www.wroclaw.pl/komunikacja/przystanek-karlowice-linia-8-kierunek-tarnogaj-slupek-23011",
              "wheelchair": "limited"
            }
          }
        ]
      },
      "geometry": {
        "type": "Point",
        "coordinates": [
          17.0386692,
          51.1083287
        ]
      },
      "id": "node/1895868599"
    },
    {
      "type": "Feature",
      "properties": {
        "@id": "node/1895868626",
        "@relations": [
          {
            "role": "stop",
            "rel": 2394367,
            "reltags": {
              "check_date": "2026-05-19",
              "from": "Tarnogaj",
              "interval:conditional": "12 @ (Mo-Fr 06:00-09:00,14:00-18:00); 15 @ (Mo-Fr 05:00-06:00,09:00-14:00,18:00-20:00); 20 @ (Mo-Fr 20:00-23:00,Sa-Su 05:00-23:00)",
              "name": "8: Tarnogaj → Karłowice",
              "network": "Wrocław",
              "opening_hours": "Mo-Su 05:00-23:00",
              "operator": "WTr UM Wrocław",
              "public_transport:version": "2",
              "ref": "8",
              "route": "tram",
              "source:interval": "https://mpk.wroc.pl/komunikat/701/2024-09-30-01092024r-zmiana-rozkladu-jazdy",
              "to": "Karłowice",
              "type": "route",
              "url": "https://www.wroclaw.pl/komunikacja/przystanek-tarnogaj-linia-8-kierunek-karlowice-slupek-21022",
              "wheelchair": "limited"
            }
          }
        ]
      },
      "geometry": {
        "type": "Point",
        "coordinates": [
          17.039794,
          51.0919248
        ]
      },
      "id": "node/1895868626"
    },
    {
      "type": "Feature",
      "properties": {
        "@id": "node/1895868895",
        "@relations": [
          {
            "role": "stop",
            "rel": 63485,
            "reltags": {
              "check_date": "2026-05-19",
              "from": "Karłowice",
              "interval:conditional": "12 @ (Mo-Fr 06:00-09:00,14:00-18:00); 15 @ (Mo-Fr 05:00-06:00,09:00-14:00,18:00-20:00); 20 @ (Mo-Fr 20:00-23:00,Sa-Su 05:00-23:00)",
              "name": "8: Karłowice → Tarnogaj",
              "network": "Wrocław",
              "opening_hours": "Mo-Su 05:00-23:00",
              "operator": "WTr UM Wrocław",
              "public_transport:version": "2",
              "ref": "8",
              "route": "tram",
              "source:interval": "https://mpk.wroc.pl/komunikat/701/2024-09-30-01092024r-zmiana-rozkladu-jazdy",
              "to": "Tarnogaj",
              "type": "route",
              "url": "https://www.wroclaw.pl/komunikacja/przystanek-karlowice-linia-8-kierunek-tarnogaj-slupek-23011",
              "wheelchair": "limited"
            }
          }
        ]
      },
      "geometry": {
        "type": "Point",
        "coordinates": [
          17.0394675,
          51.1125029
        ]
      },
      "id": "node/1895868895"
    },
    {
      "type": "Feature",
      "properties": {
        "@id": "node/1895869362",
        "@relations": [
          {
            "role": "stop",
            "rel": 2394367,
            "reltags": {
              "check_date": "2026-05-19",
              "from": "Tarnogaj",
              "interval:conditional": "12 @ (Mo-Fr 06:00-09:00,14:00-18:00); 15 @ (Mo-Fr 05:00-06:00,09:00-14:00,18:00-20:00); 20 @ (Mo-Fr 20:00-23:00,Sa-Su 05:00-23:00)",
              "name": "8: Tarnogaj → Karłowice",
              "network": "Wrocław",
              "opening_hours": "Mo-Su 05:00-23:00",
              "operator": "WTr UM Wrocław",
              "public_transport:version": "2",
              "ref": "8",
              "route": "tram",
              "source:interval": "https://mpk.wroc.pl/komunikat/701/2024-09-30-01092024r-zmiana-rozkladu-jazdy",
              "to": "Karłowice",
              "type": "route",
              "url": "https://www.wroclaw.pl/komunikacja/przystanek-tarnogaj-linia-8-kierunek-karlowice-slupek-21022",
              "wheelchair": "limited"
            }
          }
        ]
      },
      "geometry": {
        "type": "Point",
        "coordinates": [
          17.0432563,
          51.1210416
        ]
      },
      "id": "node/1895869362"
    },
    {
      "type": "Feature",
      "properties": {
        "@id": "node/1895869373",
        "@relations": [
          {
            "role": "stop",
            "rel": 63485,
            "reltags": {
              "check_date": "2026-05-19",
              "from": "Karłowice",
              "interval:conditional": "12 @ (Mo-Fr 06:00-09:00,14:00-18:00); 15 @ (Mo-Fr 05:00-06:00,09:00-14:00,18:00-20:00); 20 @ (Mo-Fr 20:00-23:00,Sa-Su 05:00-23:00)",
              "name": "8: Karłowice → Tarnogaj",
              "network": "Wrocław",
              "opening_hours": "Mo-Su 05:00-23:00",
              "operator": "WTr UM Wrocław",
              "public_transport:version": "2",
              "ref": "8",
              "route": "tram",
              "source:interval": "https://mpk.wroc.pl/komunikat/701/2024-09-30-01092024r-zmiana-rozkladu-jazdy",
              "to": "Tarnogaj",
              "type": "route",
              "url": "https://www.wroclaw.pl/komunikacja/przystanek-karlowice-linia-8-kierunek-tarnogaj-slupek-23011",
              "wheelchair": "limited"
            }
          }
        ]
      },
      "geometry": {
        "type": "Point",
        "coordinates": [
          17.0435252,
          51.1215146
        ]
      },
      "id": "node/1895869373"
    },
    {
      "type": "Feature",
      "properties": {
        "@id": "node/1895869413",
        "@relations": [
          {
            "role": "stop",
            "rel": 2394367,
            "reltags": {
              "check_date": "2026-05-19",
              "from": "Tarnogaj",
              "interval:conditional": "12 @ (Mo-Fr 06:00-09:00,14:00-18:00); 15 @ (Mo-Fr 05:00-06:00,09:00-14:00,18:00-20:00); 20 @ (Mo-Fr 20:00-23:00,Sa-Su 05:00-23:00)",
              "name": "8: Tarnogaj → Karłowice",
              "network": "Wrocław",
              "opening_hours": "Mo-Su 05:00-23:00",
              "operator": "WTr UM Wrocław",
              "public_transport:version": "2",
              "ref": "8",
              "route": "tram",
              "source:interval": "https://mpk.wroc.pl/komunikat/701/2024-09-30-01092024r-zmiana-rozkladu-jazdy",
              "to": "Karłowice",
              "type": "route",
              "url": "https://www.wroclaw.pl/komunikacja/przystanek-tarnogaj-linia-8-kierunek-karlowice-slupek-21022",
              "wheelchair": "limited"
            }
          }
        ]
      },
      "geometry": {
        "type": "Point",
        "coordinates": [
          17.0468427,
          51.0862032
        ]
      },
      "id": "node/1895869413"
    },
    {
      "type": "Feature",
      "properties": {
        "@id": "node/1895869497",
        "@relations": [
          {
            "role": "stop",
            "rel": 2394367,
            "reltags": {
              "check_date": "2026-05-19",
              "from": "Tarnogaj",
              "interval:conditional": "12 @ (Mo-Fr 06:00-09:00,14:00-18:00); 15 @ (Mo-Fr 05:00-06:00,09:00-14:00,18:00-20:00); 20 @ (Mo-Fr 20:00-23:00,Sa-Su 05:00-23:00)",
              "name": "8: Tarnogaj → Karłowice",
              "network": "Wrocław",
              "opening_hours": "Mo-Su 05:00-23:00",
              "operator": "WTr UM Wrocław",
              "public_transport:version": "2",
              "ref": "8",
              "route": "tram",
              "source:interval": "https://mpk.wroc.pl/komunikat/701/2024-09-30-01092024r-zmiana-rozkladu-jazdy",
              "to": "Karłowice",
              "type": "route",
              "url": "https://www.wroclaw.pl/komunikacja/przystanek-tarnogaj-linia-8-kierunek-karlowice-slupek-21022",
              "wheelchair": "limited"
            }
          }
        ]
      },
      "geometry": {
        "type": "Point",
        "coordinates": [
          17.0625833,
          51.0802061
        ]
      },
      "id": "node/1895869497"
    },
    {
      "type": "Feature",
      "properties": {
        "@id": "node/1895870732",
        "@relations": [
          {
            "role": "stop",
            "rel": 2394367,
            "reltags": {
              "check_date": "2026-05-19",
              "from": "Tarnogaj",
              "interval:conditional": "12 @ (Mo-Fr 06:00-09:00,14:00-18:00); 15 @ (Mo-Fr 05:00-06:00,09:00-14:00,18:00-20:00); 20 @ (Mo-Fr 20:00-23:00,Sa-Su 05:00-23:00)",
              "name": "8: Tarnogaj → Karłowice",
              "network": "Wrocław",
              "opening_hours": "Mo-Su 05:00-23:00",
              "operator": "WTr UM Wrocław",
              "public_transport:version": "2",
              "ref": "8",
              "route": "tram",
              "source:interval": "https://mpk.wroc.pl/komunikat/701/2024-09-30-01092024r-zmiana-rozkladu-jazdy",
              "to": "Karłowice",
              "type": "route",
              "url": "https://www.wroclaw.pl/komunikacja/przystanek-tarnogaj-linia-8-kierunek-karlowice-slupek-21022",
              "wheelchair": "limited"
            }
          }
        ]
      },
      "geometry": {
        "type": "Point",
        "coordinates": [
          17.0420014,
          51.1189101
        ]
      },
      "id": "node/1895870732"
    },
    {
      "type": "Feature",
      "properties": {
        "@id": "node/1895870746",
        "@relations": [
          {
            "role": "stop",
            "rel": 63485,
            "reltags": {
              "check_date": "2026-05-19",
              "from": "Karłowice",
              "interval:conditional": "12 @ (Mo-Fr 06:00-09:00,14:00-18:00); 15 @ (Mo-Fr 05:00-06:00,09:00-14:00,18:00-20:00); 20 @ (Mo-Fr 20:00-23:00,Sa-Su 05:00-23:00)",
              "name": "8: Karłowice → Tarnogaj",
              "network": "Wrocław",
              "opening_hours": "Mo-Su 05:00-23:00",
              "operator": "WTr UM Wrocław",
              "public_transport:version": "2",
              "ref": "8",
              "route": "tram",
              "source:interval": "https://mpk.wroc.pl/komunikat/701/2024-09-30-01092024r-zmiana-rozkladu-jazdy",
              "to": "Tarnogaj",
              "type": "route",
              "url": "https://www.wroclaw.pl/komunikacja/przystanek-karlowice-linia-8-kierunek-tarnogaj-slupek-23011",
              "wheelchair": "limited"
            }
          }
        ]
      },
      "geometry": {
        "type": "Point",
        "coordinates": [
          17.0421245,
          51.1193876
        ]
      },
      "id": "node/1895870746"
    },
    {
      "type": "Feature",
      "properties": {
        "@id": "node/1895870776",
        "@relations": [
          {
            "role": "stop",
            "rel": 63485,
            "reltags": {
              "check_date": "2026-05-19",
              "from": "Karłowice",
              "interval:conditional": "12 @ (Mo-Fr 06:00-09:00,14:00-18:00); 15 @ (Mo-Fr 05:00-06:00,09:00-14:00,18:00-20:00); 20 @ (Mo-Fr 20:00-23:00,Sa-Su 05:00-23:00)",
              "name": "8: Karłowice → Tarnogaj",
              "network": "Wrocław",
              "opening_hours": "Mo-Su 05:00-23:00",
              "operator": "WTr UM Wrocław",
              "public_transport:version": "2",
              "ref": "8",
              "route": "tram",
              "source:interval": "https://mpk.wroc.pl/komunikat/701/2024-09-30-01092024r-zmiana-rozkladu-jazdy",
              "to": "Tarnogaj",
              "type": "route",
              "url": "https://www.wroclaw.pl/komunikacja/przystanek-karlowice-linia-8-kierunek-tarnogaj-slupek-23011",
              "wheelchair": "limited"
            }
          }
        ]
      },
      "geometry": {
        "type": "Point",
        "coordinates": [
          17.0441964,
          51.1239411
        ]
      },
      "id": "node/1895870776"
    },
    {
      "type": "Feature",
      "properties": {
        "@id": "node/1895872164",
        "@relations": [
          {
            "role": "stop",
            "rel": 2394367,
            "reltags": {
              "check_date": "2026-05-19",
              "from": "Tarnogaj",
              "interval:conditional": "12 @ (Mo-Fr 06:00-09:00,14:00-18:00); 15 @ (Mo-Fr 05:00-06:00,09:00-14:00,18:00-20:00); 20 @ (Mo-Fr 20:00-23:00,Sa-Su 05:00-23:00)",
              "name": "8: Tarnogaj → Karłowice",
              "network": "Wrocław",
              "opening_hours": "Mo-Su 05:00-23:00",
              "operator": "WTr UM Wrocław",
              "public_transport:version": "2",
              "ref": "8",
              "route": "tram",
              "source:interval": "https://mpk.wroc.pl/komunikat/701/2024-09-30-01092024r-zmiana-rozkladu-jazdy",
              "to": "Karłowice",
              "type": "route",
              "url": "https://www.wroclaw.pl/komunikacja/przystanek-tarnogaj-linia-8-kierunek-karlowice-slupek-21022",
              "wheelchair": "limited"
            }
          }
        ]
      },
      "geometry": {
        "type": "Point",
        "coordinates": [
          17.0595691,
          51.0836754
        ]
      },
      "id": "node/1895872164"
    },
    {
      "type": "Feature",
      "properties": {
        "@id": "node/1895921417",
        "@relations": [
          {
            "role": "stop",
            "rel": 63485,
            "reltags": {
              "check_date": "2026-05-19",
              "from": "Karłowice",
              "interval:conditional": "12 @ (Mo-Fr 06:00-09:00,14:00-18:00); 15 @ (Mo-Fr 05:00-06:00,09:00-14:00,18:00-20:00); 20 @ (Mo-Fr 20:00-23:00,Sa-Su 05:00-23:00)",
              "name": "8: Karłowice → Tarnogaj",
              "network": "Wrocław",
              "opening_hours": "Mo-Su 05:00-23:00",
              "operator": "WTr UM Wrocław",
              "public_transport:version": "2",
              "ref": "8",
              "route": "tram",
              "source:interval": "https://mpk.wroc.pl/komunikat/701/2024-09-30-01092024r-zmiana-rozkladu-jazdy",
              "to": "Tarnogaj",
              "type": "route",
              "url": "https://www.wroclaw.pl/komunikacja/przystanek-karlowice-linia-8-kierunek-tarnogaj-slupek-23011",
              "wheelchair": "limited"
            }
          }
        ]
      },
      "geometry": {
        "type": "Point",
        "coordinates": [
          17.035241,
          51.1242771
        ]
      },
      "id": "node/1895921417"
    },
    {
      "type": "Feature",
      "properties": {
        "@id": "node/1903787754",
        "@relations": [
          {
            "role": "platform",
            "rel": 63485,
            "reltags": {
              "check_date": "2026-05-19",
              "from": "Karłowice",
              "interval:conditional": "12 @ (Mo-Fr 06:00-09:00,14:00-18:00); 15 @ (Mo-Fr 05:00-06:00,09:00-14:00,18:00-20:00); 20 @ (Mo-Fr 20:00-23:00,Sa-Su 05:00-23:00)",
              "name": "8: Karłowice → Tarnogaj",
              "network": "Wrocław",
              "opening_hours": "Mo-Su 05:00-23:00",
              "operator": "WTr UM Wrocław",
              "public_transport:version": "2",
              "ref": "8",
              "route": "tram",
              "source:interval": "https://mpk.wroc.pl/komunikat/701/2024-09-30-01092024r-zmiana-rozkladu-jazdy",
              "to": "Tarnogaj",
              "type": "route",
              "url": "https://www.wroclaw.pl/komunikacja/przystanek-karlowice-linia-8-kierunek-tarnogaj-slupek-23011",
              "wheelchair": "limited"
            }
          }
        ]
      },
      "geometry": {
        "type": "Point",
        "coordinates": [
          17.0390275,
          51.110405
        ]
      },
      "id": "node/1903787754"
    },
    {
      "type": "Feature",
      "properties": {
        "@id": "node/1903787755",
        "@relations": [
          {
            "role": "platform",
            "rel": 2394367,
            "reltags": {
              "check_date": "2026-05-19",
              "from": "Tarnogaj",
              "interval:conditional": "12 @ (Mo-Fr 06:00-09:00,14:00-18:00); 15 @ (Mo-Fr 05:00-06:00,09:00-14:00,18:00-20:00); 20 @ (Mo-Fr 20:00-23:00,Sa-Su 05:00-23:00)",
              "name": "8: Tarnogaj → Karłowice",
              "network": "Wrocław",
              "opening_hours": "Mo-Su 05:00-23:00",
              "operator": "WTr UM Wrocław",
              "public_transport:version": "2",
              "ref": "8",
              "route": "tram",
              "source:interval": "https://mpk.wroc.pl/komunikat/701/2024-09-30-01092024r-zmiana-rozkladu-jazdy",
              "to": "Karłowice",
              "type": "route",
              "url": "https://www.wroclaw.pl/komunikacja/przystanek-tarnogaj-linia-8-kierunek-karlowice-slupek-21022",
              "wheelchair": "limited"
            }
          }
        ]
      },
      "geometry": {
        "type": "Point",
        "coordinates": [
          17.03917,
          51.1103855
        ]
      },
      "id": "node/1903787755"
    },
    {
      "type": "Feature",
      "properties": {
        "@id": "node/1903787756",
        "@relations": [
          {
            "role": "stop",
            "rel": 63485,
            "reltags": {
              "check_date": "2026-05-19",
              "from": "Karłowice",
              "interval:conditional": "12 @ (Mo-Fr 06:00-09:00,14:00-18:00); 15 @ (Mo-Fr 05:00-06:00,09:00-14:00,18:00-20:00); 20 @ (Mo-Fr 20:00-23:00,Sa-Su 05:00-23:00)",
              "name": "8: Karłowice → Tarnogaj",
              "network": "Wrocław",
              "opening_hours": "Mo-Su 05:00-23:00",
              "operator": "WTr UM Wrocław",
              "public_transport:version": "2",
              "ref": "8",
              "route": "tram",
              "source:interval": "https://mpk.wroc.pl/komunikat/701/2024-09-30-01092024r-zmiana-rozkladu-jazdy",
              "to": "Tarnogaj",
              "type": "route",
              "url": "https://www.wroclaw.pl/komunikacja/przystanek-karlowice-linia-8-kierunek-tarnogaj-slupek-23011",
              "wheelchair": "limited"
            }
          }
        ]
      },
      "geometry": {
        "type": "Point",
        "coordinates": [
          17.0390209,
          51.1102697
        ]
      },
      "id": "node/1903787756"
    },
    {
      "type": "Feature",
      "properties": {
        "@id": "node/1903892636",
        "@relations": [
          {
            "role": "platform",
            "rel": 63485,
            "reltags": {
              "check_date": "2026-05-19",
              "from": "Karłowice",
              "interval:conditional": "12 @ (Mo-Fr 06:00-09:00,14:00-18:00); 15 @ (Mo-Fr 05:00-06:00,09:00-14:00,18:00-20:00); 20 @ (Mo-Fr 20:00-23:00,Sa-Su 05:00-23:00)",
              "name": "8: Karłowice → Tarnogaj",
              "network": "Wrocław",
              "opening_hours": "Mo-Su 05:00-23:00",
              "operator": "WTr UM Wrocław",
              "public_transport:version": "2",
              "ref": "8",
              "route": "tram",
              "source:interval": "https://mpk.wroc.pl/komunikat/701/2024-09-30-01092024r-zmiana-rozkladu-jazdy",
              "to": "Tarnogaj",
              "type": "route",
              "url": "https://www.wroclaw.pl/komunikacja/przystanek-karlowice-linia-8-kierunek-tarnogaj-slupek-23011",
              "wheelchair": "limited"
            }
          }
        ]
      },
      "geometry": {
        "type": "Point",
        "coordinates": [
          17.0546815,
          51.0829926
        ]
      },
      "id": "node/1903892636"
    },
    {
      "type": "Feature",
      "properties": {
        "@id": "node/1903892640",
        "@relations": [
          {
            "role": "platform",
            "rel": 2394367,
            "reltags": {
              "check_date": "2026-05-19",
              "from": "Tarnogaj",
              "interval:conditional": "12 @ (Mo-Fr 06:00-09:00,14:00-18:00); 15 @ (Mo-Fr 05:00-06:00,09:00-14:00,18:00-20:00); 20 @ (Mo-Fr 20:00-23:00,Sa-Su 05:00-23:00)",
              "name": "8: Tarnogaj → Karłowice",
              "network": "Wrocław",
              "opening_hours": "Mo-Su 05:00-23:00",
              "operator": "WTr UM Wrocław",
              "public_transport:version": "2",
              "ref": "8",
              "route": "tram",
              "source:interval": "https://mpk.wroc.pl/komunikat/701/2024-09-30-01092024r-zmiana-rozkladu-jazdy",
              "to": "Karłowice",
              "type": "route",
              "url": "https://www.wroclaw.pl/komunikacja/przystanek-tarnogaj-linia-8-kierunek-karlowice-slupek-21022",
              "wheelchair": "limited"
            }
          }
        ]
      },
      "geometry": {
        "type": "Point",
        "coordinates": [
          17.0544075,
          51.083059
        ]
      },
      "id": "node/1903892640"
    },
    {
      "type": "Feature",
      "properties": {
        "@id": "node/1932325783",
        "@relations": [
          {
            "role": "stop",
            "rel": 2394367,
            "reltags": {
              "check_date": "2026-05-19",
              "from": "Tarnogaj",
              "interval:conditional": "12 @ (Mo-Fr 06:00-09:00,14:00-18:00); 15 @ (Mo-Fr 05:00-06:00,09:00-14:00,18:00-20:00); 20 @ (Mo-Fr 20:00-23:00,Sa-Su 05:00-23:00)",
              "name": "8: Tarnogaj → Karłowice",
              "network": "Wrocław",
              "opening_hours": "Mo-Su 05:00-23:00",
              "operator": "WTr UM Wrocław",
              "public_transport:version": "2",
              "ref": "8",
              "route": "tram",
              "source:interval": "https://mpk.wroc.pl/komunikat/701/2024-09-30-01092024r-zmiana-rozkladu-jazdy",
              "to": "Karłowice",
              "type": "route",
              "url": "https://www.wroclaw.pl/komunikacja/przystanek-tarnogaj-linia-8-kierunek-karlowice-slupek-21022",
              "wheelchair": "limited"
            }
          }
        ]
      },
      "geometry": {
        "type": "Point",
        "coordinates": [
          17.0349273,
          51.1242821
        ]
      },
      "id": "node/1932325783"
    },
    {
      "type": "Feature",
      "properties": {
        "@id": "node/1932325879",
        "@relations": [
          {
            "role": "stop",
            "rel": 2394367,
            "reltags": {
              "check_date": "2026-05-19",
              "from": "Tarnogaj",
              "interval:conditional": "12 @ (Mo-Fr 06:00-09:00,14:00-18:00); 15 @ (Mo-Fr 05:00-06:00,09:00-14:00,18:00-20:00); 20 @ (Mo-Fr 20:00-23:00,Sa-Su 05:00-23:00)",
              "name": "8: Tarnogaj → Karłowice",
              "network": "Wrocław",
              "opening_hours": "Mo-Su 05:00-23:00",
              "operator": "WTr UM Wrocław",
              "public_transport:version": "2",
              "ref": "8",
              "route": "tram",
              "source:interval": "https://mpk.wroc.pl/komunikat/701/2024-09-30-01092024r-zmiana-rozkladu-jazdy",
              "to": "Karłowice",
              "type": "route",
              "url": "https://www.wroclaw.pl/komunikacja/przystanek-tarnogaj-linia-8-kierunek-karlowice-slupek-21022",
              "wheelchair": "limited"
            }
          }
        ]
      },
      "geometry": {
        "type": "Point",
        "coordinates": [
          17.0365963,
          51.1281652
        ]
      },
      "id": "node/1932325879"
    },
    {
      "type": "Feature",
      "properties": {
        "@id": "node/1933320803",
        "@relations": [
          {
            "role": "stop",
            "rel": 63485,
            "reltags": {
              "check_date": "2026-05-19",
              "from": "Karłowice",
              "interval:conditional": "12 @ (Mo-Fr 06:00-09:00,14:00-18:00); 15 @ (Mo-Fr 05:00-06:00,09:00-14:00,18:00-20:00); 20 @ (Mo-Fr 20:00-23:00,Sa-Su 05:00-23:00)",
              "name": "8: Karłowice → Tarnogaj",
              "network": "Wrocław",
              "opening_hours": "Mo-Su 05:00-23:00",
              "operator": "WTr UM Wrocław",
              "public_transport:version": "2",
              "ref": "8",
              "route": "tram",
              "source:interval": "https://mpk.wroc.pl/komunikat/701/2024-09-30-01092024r-zmiana-rozkladu-jazdy",
              "to": "Tarnogaj",
              "type": "route",
              "url": "https://www.wroclaw.pl/komunikacja/przystanek-karlowice-linia-8-kierunek-tarnogaj-slupek-23011",
              "wheelchair": "limited"
            }
          }
        ]
      },
      "geometry": {
        "type": "Point",
        "coordinates": [
          17.0414457,
          51.123711
        ]
      },
      "id": "node/1933320803"
    },
    {
      "type": "Feature",
      "properties": {
        "@id": "node/3854924969",
        "@relations": [
          {
            "role": "stop",
            "rel": 2394367,
            "reltags": {
              "check_date": "2026-05-19",
              "from": "Tarnogaj",
              "interval:conditional": "12 @ (Mo-Fr 06:00-09:00,14:00-18:00); 15 @ (Mo-Fr 05:00-06:00,09:00-14:00,18:00-20:00); 20 @ (Mo-Fr 20:00-23:00,Sa-Su 05:00-23:00)",
              "name": "8: Tarnogaj → Karłowice",
              "network": "Wrocław",
              "opening_hours": "Mo-Su 05:00-23:00",
              "operator": "WTr UM Wrocław",
              "public_transport:version": "2",
              "ref": "8",
              "route": "tram",
              "source:interval": "https://mpk.wroc.pl/komunikat/701/2024-09-30-01092024r-zmiana-rozkladu-jazdy",
              "to": "Karłowice",
              "type": "route",
              "url": "https://www.wroclaw.pl/komunikacja/przystanek-tarnogaj-linia-8-kierunek-karlowice-slupek-21022",
              "wheelchair": "limited"
            }
          }
        ]
      },
      "geometry": {
        "type": "Point",
        "coordinates": [
          17.034347,
          51.0938944
        ]
      },
      "id": "node/3854924969"
    },
    {
      "type": "Feature",
      "properties": {
        "@id": "node/5973125354",
        "@relations": [
          {
            "role": "stop",
            "rel": 63485,
            "reltags": {
              "check_date": "2026-05-19",
              "from": "Karłowice",
              "interval:conditional": "12 @ (Mo-Fr 06:00-09:00,14:00-18:00); 15 @ (Mo-Fr 05:00-06:00,09:00-14:00,18:00-20:00); 20 @ (Mo-Fr 20:00-23:00,Sa-Su 05:00-23:00)",
              "name": "8: Karłowice → Tarnogaj",
              "network": "Wrocław",
              "opening_hours": "Mo-Su 05:00-23:00",
              "operator": "WTr UM Wrocław",
              "public_transport:version": "2",
              "ref": "8",
              "route": "tram",
              "source:interval": "https://mpk.wroc.pl/komunikat/701/2024-09-30-01092024r-zmiana-rozkladu-jazdy",
              "to": "Tarnogaj",
              "type": "route",
              "url": "https://www.wroclaw.pl/komunikacja/przystanek-karlowice-linia-8-kierunek-tarnogaj-slupek-23011",
              "wheelchair": "limited"
            }
          }
        ]
      },
      "geometry": {
        "type": "Point",
        "coordinates": [
          17.0327043,
          51.097154
        ]
      },
      "id": "node/5973125354"
    },
    {
      "type": "Feature",
      "properties": {
        "@id": "node/6314873360",
        "@relations": [
          {
            "role": "stop_exit_only",
            "rel": 2394367,
            "reltags": {
              "check_date": "2026-05-19",
              "from": "Tarnogaj",
              "interval:conditional": "12 @ (Mo-Fr 06:00-09:00,14:00-18:00); 15 @ (Mo-Fr 05:00-06:00,09:00-14:00,18:00-20:00); 20 @ (Mo-Fr 20:00-23:00,Sa-Su 05:00-23:00)",
              "name": "8: Tarnogaj → Karłowice",
              "network": "Wrocław",
              "opening_hours": "Mo-Su 05:00-23:00",
              "operator": "WTr UM Wrocław",
              "public_transport:version": "2",
              "ref": "8",
              "route": "tram",
              "source:interval": "https://mpk.wroc.pl/komunikat/701/2024-09-30-01092024r-zmiana-rozkladu-jazdy",
              "to": "Karłowice",
              "type": "route",
              "url": "https://www.wroclaw.pl/komunikacja/przystanek-tarnogaj-linia-8-kierunek-karlowice-slupek-21022",
              "wheelchair": "limited"
            }
          }
        ]
      },
      "geometry": {
        "type": "Point",
        "coordinates": [
          17.0367145,
          51.1340734
        ]
      },
      "id": "node/6314873360"
    },
    {
      "type": "Feature",
      "properties": {
        "@id": "node/6314630541",
        "@relations": [
          {
            "role": "platform_exit_only",
            "rel": 2394367,
            "reltags": {
              "check_date": "2026-05-19",
              "from": "Tarnogaj",
              "interval:conditional": "12 @ (Mo-Fr 06:00-09:00,14:00-18:00); 15 @ (Mo-Fr 05:00-06:00,09:00-14:00,18:00-20:00); 20 @ (Mo-Fr 20:00-23:00,Sa-Su 05:00-23:00)",
              "name": "8: Tarnogaj → Karłowice",
              "network": "Wrocław",
              "opening_hours": "Mo-Su 05:00-23:00",
              "operator": "WTr UM Wrocław",
              "public_transport:version": "2",
              "ref": "8",
              "route": "tram",
              "source:interval": "https://mpk.wroc.pl/komunikat/701/2024-09-30-01092024r-zmiana-rozkladu-jazdy",
              "to": "Karłowice",
              "type": "route",
              "url": "https://www.wroclaw.pl/komunikacja/przystanek-tarnogaj-linia-8-kierunek-karlowice-slupek-21022",
              "wheelchair": "limited"
            }
          }
        ]
      },
      "geometry": {
        "type": "Point",
        "coordinates": [
          17.0366843,
          51.1340103
        ]
      },
      "id": "node/6314630541"
    }
  ]
}