{
  "type": "FeatureCollection",
  "generator": "overpass-turbo",
  "copyright": "The data included in this document is from www.openstreetmap.org. The data is made available under ODbL.",
  "timestamp": "2026-06-10T05:49:00Z",
  "features": [
    {
      "type": "Feature",
      "properties": {
        "@id": "relation/63491",
        "check_date": "2026-05-19",
        "from": "Poświętne",
        "interval:conditional": "12 @ (Mo-Fr 06:00-09:00,14:00-18:00); 15 @ (Mo-Fr 05:00-06:00,09:00-14:00,18:00-20:00); 20 @ (Mo-Fr 20:00-23:00,Sa-Su 05:00-23:00)",
        "name": "15: Poświętne → Park Południowy",
        "network": "Wrocław",
        "opening_hours": "Mo-Su 05:00-23:00",
        "operator": "WTr UM Wrocław",
        "public_transport:version": "2",
        "ref": "15",
        "route": "tram",
        "source:interval": "https://mpk.wroc.pl/komunikat/701/2024-09-30-01092024r-zmiana-rozkladu-jazdy",
        "to": "Park Południowy",
        "type": "route",
        "url": "https://www.wroclaw.pl/komunikacja/przystanek-poswietne-linia-15-kierunek-park-poludniowy-slupek-23022",
        "wheelchair": "limited"
      },
      "geometry": {
        "type": "LineString",
        "coordinates": [
          [
            17.0288666,
            51.1502239
          ],
          [
            17.0290002,
            51.1502119
          ],
          [
            17.029072,
            51.1502054
          ],
          [
            17.0291192,
            51.1501997
          ],
          [
            17.0291755,
            51.1501865
          ],
          [
            17.0292359,
            51.1501637
          ],
          [
            17.0292758,
            51.1501404
          ],
          [
            17.0293215,
            51.150102
          ],
          [
            17.0293489,
            51.1500675
          ],
          [
            17.0293749,
            51.1500087
          ],
          [
            17.0293804,
            51.1499914
          ],
          [
            17.0294331,
            51.1498257
          ],
          [
            17.0299632,
            51.1480583
          ],
          [
            17.0300491,
            51.1477944
          ],
          [
            17.0301863,
            51.1473404
          ],
          [
            17.0303714,
            51.1467364
          ],
          [
            17.0307206,
            51.1455843
          ],
          [
            17.0309168,
            51.1449344
          ],
          [
            17.0309495,
            51.144833
          ],
          [
            17.0310685,
            51.1444364
          ],
          [
            17.0310801,
            51.1443977
          ],
          [
            17.0311676,
            51.1441061
          ],
          [
            17.0314486,
            51.143198
          ],
          [
            17.031917,
            51.1416563
          ],
          [
            17.0322112,
            51.1406848
          ],
          [
            17.0322518,
            51.1405498
          ],
          [
            17.0323121,
            51.1403589
          ],
          [
            17.0323192,
            51.140288
          ],
          [
            17.0323157,
            51.1402347
          ],
          [
            17.0323038,
            51.1401979
          ],
          [
            17.0322774,
            51.1401402
          ],
          [
            17.0322284,
            51.140073
          ],
          [
            17.0321818,
            51.1400194
          ],
          [
            17.031887,
            51.1397685
          ],
          [
            17.031685,
            51.1396005
          ],
          [
            17.0315342,
            51.1394746
          ],
          [
            17.0314325,
            51.1393858
          ],
          [
            17.0313437,
            51.139302
          ],
          [
            17.0312616,
            51.1392163
          ],
          [
            17.0311312,
            51.1390561
          ],
          [
            17.0310962,
            51.139009
          ],
          [
            17.0309158,
            51.1387439
          ],
          [
            17.0307526,
            51.1385138
          ],
          [
            17.0305908,
            51.1382816
          ],
          [
            17.0304635,
            51.1380991
          ],
          [
            17.0303052,
            51.1378754
          ],
          [
            17.0302015,
            51.1377285
          ],
          [
            17.0301644,
            51.1376734
          ],
          [
            17.0301212,
            51.1376105
          ],
          [
            17.0300318,
            51.1374932
          ],
          [
            17.0297937,
            51.1371627
          ],
          [
            17.0293639,
            51.1365475
          ],
          [
            17.0293127,
            51.136474
          ],
          [
            17.0292042,
            51.136314
          ],
          [
            17.0291277,
            51.1361719
          ],
          [
            17.0289399,
            51.1358595
          ],
          [
            17.0288419,
            51.1356648
          ],
          [
            17.0287406,
            51.1354571
          ],
          [
            17.0286413,
            51.1352695
          ],
          [
            17.0285704,
            51.1350648
          ],
          [
            17.0285092,
            51.1348677
          ],
          [
            17.0284577,
            51.1346899
          ],
          [
            17.0283977,
            51.1344238
          ],
          [
            17.0283301,
            51.134065
          ],
          [
            17.0282135,
            51.1333721
          ],
          [
            17.0281885,
            51.1332149
          ],
          [
            17.0281479,
            51.1329643
          ],
          [
            17.0281229,
            51.1328124
          ],
          [
            17.0281211,
            51.1328017
          ],
          [
            17.0281078,
            51.132719
          ],
          [
            17.0277427,
            51.1306519
          ],
          [
            17.0277238,
            51.1305428
          ],
          [
            17.0276673,
            51.1302131
          ],
          [
            17.0276277,
            51.1300087
          ],
          [
            17.0275713,
            51.1296629
          ],
          [
            17.0275411,
            51.1294798
          ],
          [
            17.0275227,
            51.129279
          ],
          [
            17.0275278,
            51.1290657
          ],
          [
            17.0275494,
            51.1287908
          ],
          [
            17.027619,
            51.1280285
          ],
          [
            17.027667,
            51.1275018
          ],
          [
            17.0276881,
            51.1272656
          ],
          [
            17.0276996,
            51.1271242
          ],
          [
            17.027711,
            51.1270086
          ],
          [
            17.0277559,
            51.126797
          ],
          [
            17.027787,
            51.1266547
          ],
          [
            17.0278112,
            51.126515
          ],
          [
            17.0278174,
            51.1264727
          ],
          [
            17.02782,
            51.1264545
          ],
          [
            17.0278351,
            51.1262371
          ],
          [
            17.0278369,
            51.1262127
          ],
          [
            17.0278387,
            51.1261882
          ],
          [
            17.0278579,
            51.1261003
          ],
          [
            17.0278689,
            51.1260589
          ],
          [
            17.0278971,
            51.125989
          ],
          [
            17.027941,
            51.1259005
          ],
          [
            17.0279732,
            51.1258429
          ],
          [
            17.028008,
            51.1257903
          ],
          [
            17.0280724,
            51.1257046
          ],
          [
            17.0281447,
            51.125622
          ],
          [
            17.0282678,
            51.1254761
          ],
          [
            17.0283019,
            51.1254375
          ],
          [
            17.0284457,
            51.1252679
          ],
          [
            17.0285867,
            51.1251034
          ],
          [
            17.0287535,
            51.1249071
          ],
          [
            17.0289035,
            51.1247322
          ],
          [
            17.0290109,
            51.1246061
          ],
          [
            17.0291685,
            51.124424
          ],
          [
            17.0292523,
            51.1243183
          ],
          [
            17.0292948,
            51.1242598
          ],
          [
            17.029338,
            51.1241976
          ],
          [
            17.0293791,
            51.1241307
          ],
          [
            17.0294603,
            51.1239979
          ],
          [
            17.029571,
            51.1238151
          ],
          [
            17.0296568,
            51.1236713
          ],
          [
            17.0297697,
            51.123481
          ],
          [
            17.0298706,
            51.1233142
          ],
          [
            17.0299173,
            51.1232355
          ],
          [
            17.0299632,
            51.1231596
          ],
          [
            17.0300222,
            51.123062
          ],
          [
            17.0300798,
            51.122966
          ],
          [
            17.0301231,
            51.1228901
          ],
          [
            17.0301749,
            51.1228059
          ],
          [
            17.0302366,
            51.1227065
          ],
          [
            17.0304053,
            51.1224694
          ],
          [
            17.0304555,
            51.1223959
          ],
          [
            17.0305048,
            51.1223181
          ],
          [
            17.0305573,
            51.1222252
          ],
          [
            17.030601,
            51.1221336
          ],
          [
            17.0306391,
            51.122042
          ],
          [
            17.0306476,
            51.1220202
          ],
          [
            17.0306641,
            51.1219664
          ],
          [
            17.0307032,
            51.1218403
          ],
          [
            17.0307627,
            51.1216305
          ],
          [
            17.030816,
            51.1214577
          ],
          [
            17.0308581,
            51.1213106
          ],
          [
            17.030915,
            51.1211222
          ],
          [
            17.030988,
            51.1208703
          ],
          [
            17.0310232,
            51.1207502
          ],
          [
            17.0310595,
            51.120626
          ],
          [
            17.0310956,
            51.1205075
          ],
          [
            17.0311386,
            51.1203625
          ],
          [
            17.031182,
            51.1202134
          ],
          [
            17.0312295,
            51.1200561
          ],
          [
            17.0312731,
            51.1199026
          ],
          [
            17.0313597,
            51.1196117
          ],
          [
            17.0313817,
            51.1195307
          ],
          [
            17.0314101,
            51.1194309
          ],
          [
            17.0314449,
            51.1192883
          ],
          [
            17.0314663,
            51.119192
          ],
          [
            17.0315095,
            51.1190112
          ],
          [
            17.0315354,
            51.1189113
          ],
          [
            17.0317052,
            51.1183315
          ],
          [
            17.0317501,
            51.1181718
          ],
          [
            17.0317576,
            51.1181328
          ],
          [
            17.0317592,
            51.1181036
          ],
          [
            17.03175,
            51.1180655
          ],
          [
            17.0317335,
            51.1180328
          ],
          [
            17.0316991,
            51.1179917
          ],
          [
            17.0316593,
            51.1179604
          ],
          [
            17.0316039,
            51.1179312
          ],
          [
            17.0315457,
            51.1179106
          ],
          [
            17.0315046,
            51.1179014
          ],
          [
            17.0314694,
            51.117896
          ],
          [
            17.0314117,
            51.1178922
          ],
          [
            17.0313598,
            51.117894
          ],
          [
            17.0313083,
            51.1178998
          ],
          [
            17.0312428,
            51.1179099
          ],
          [
            17.0311356,
            51.1179276
          ],
          [
            17.0309561,
            51.1179606
          ],
          [
            17.0305494,
            51.1180291
          ],
          [
            17.0303689,
            51.1180589
          ],
          [
            17.0302876,
            51.118071
          ],
          [
            17.0301911,
            51.1180836
          ],
          [
            17.0301241,
            51.1180908
          ],
          [
            17.0300105,
            51.1181023
          ],
          [
            17.0298952,
            51.1181104
          ],
          [
            17.029795,
            51.1181157
          ],
          [
            17.0297204,
            51.1181181
          ],
          [
            17.0296395,
            51.118119
          ],
          [
            17.0295675,
            51.1181186
          ],
          [
            17.0294813,
            51.1181161
          ],
          [
            17.029374,
            51.1181111
          ],
          [
            17.0292912,
            51.118105
          ],
          [
            17.0292259,
            51.1180995
          ],
          [
            17.0291523,
            51.1180927
          ],
          [
            17.0290884,
            51.1180853
          ],
          [
            17.0290088,
            51.1180752
          ],
          [
            17.0289136,
            51.1180603
          ],
          [
            17.0288583,
            51.1180514
          ],
          [
            17.0287632,
            51.1180326
          ],
          [
            17.0286632,
            51.1180118
          ],
          [
            17.0286156,
            51.1180013
          ],
          [
            17.0285424,
            51.1179836
          ],
          [
            17.0284677,
            51.1179639
          ],
          [
            17.0283619,
            51.1179337
          ],
          [
            17.0283066,
            51.1179159
          ],
          [
            17.0282818,
            51.117908
          ],
          [
            17.028179,
            51.1178722
          ],
          [
            17.0280055,
            51.1178144
          ],
          [
            17.027841,
            51.117759
          ],
          [
            17.0274576,
            51.1176356
          ],
          [
            17.0271225,
            51.1175429
          ],
          [
            17.0269828,
            51.1175104
          ],
          [
            17.0266738,
            51.1174353
          ],
          [
            17.0259941,
            51.1172738
          ],
          [
            17.025151,
            51.1170803
          ],
          [
            17.0250094,
            51.1170477
          ],
          [
            17.0249367,
            51.1170304
          ],
          [
            17.0248476,
            51.1170014
          ],
          [
            17.0247851,
            51.1169781
          ],
          [
            17.0247301,
            51.1169483
          ],
          [
            17.0247191,
            51.1169399
          ],
          [
            17.0246485,
            51.1168732
          ],
          [
            17.0246294,
            51.1168413
          ],
          [
            17.0246172,
            51.1168081
          ],
          [
            17.0246131,
            51.1167741
          ],
          [
            17.0246136,
            51.1167402
          ],
          [
            17.0246166,
            51.1167228
          ],
          [
            17.0246267,
            51.116679
          ],
          [
            17.0246416,
            51.1166369
          ],
          [
            17.0246523,
            51.1166073
          ],
          [
            17.0247708,
            51.1162629
          ],
          [
            17.0247844,
            51.1162233
          ],
          [
            17.0248045,
            51.1161489
          ],
          [
            17.0248119,
            51.1160838
          ],
          [
            17.0248106,
            51.1160322
          ],
          [
            17.0248013,
            51.1159708
          ],
          [
            17.0247839,
            51.1159159
          ],
          [
            17.0247668,
            51.1158692
          ],
          [
            17.0247394,
            51.1158112
          ],
          [
            17.0246008,
            51.1155353
          ],
          [
            17.0244309,
            51.1152235
          ],
          [
            17.0242196,
            51.1148287
          ],
          [
            17.0241967,
            51.1147802
          ],
          [
            17.0241841,
            51.1147444
          ],
          [
            17.0241762,
            51.1147126
          ],
          [
            17.0241117,
            51.1144534
          ],
          [
            17.0239955,
            51.1139773
          ],
          [
            17.023969,
            51.1138775
          ],
          [
            17.023966,
            51.1138648
          ],
          [
            17.0239478,
            51.1137932
          ],
          [
            17.0239406,
            51.1137547
          ],
          [
            17.0239199,
            51.1137045
          ],
          [
            17.0238729,
            51.1136386
          ],
          [
            17.0238531,
            51.1136107
          ],
          [
            17.0238064,
            51.1135532
          ],
          [
            17.0237091,
            51.1134449
          ],
          [
            17.0235481,
            51.1132634
          ],
          [
            17.0232932,
            51.1129728
          ],
          [
            17.0231813,
            51.1128486
          ],
          [
            17.0230793,
            51.1127343
          ],
          [
            17.0229631,
            51.1126286
          ],
          [
            17.0228748,
            51.1125635
          ],
          [
            17.0227871,
            51.1124987
          ],
          [
            17.0225566,
            51.1123214
          ],
          [
            17.0223394,
            51.112164
          ],
          [
            17.0221889,
            51.112054
          ],
          [
            17.0220139,
            51.1119248
          ],
          [
            17.0219635,
            51.1118869
          ],
          [
            17.0218573,
            51.1118043
          ],
          [
            17.0218083,
            51.1117636
          ],
          [
            17.0217696,
            51.1117274
          ],
          [
            17.021744,
            51.111696
          ],
          [
            17.0217236,
            51.1116676
          ],
          [
            17.0217059,
            51.1116379
          ],
          [
            17.0216963,
            51.1116191
          ],
          [
            17.0216849,
            51.1115916
          ],
          [
            17.0216703,
            51.1115406
          ],
          [
            17.0216661,
            51.1115169
          ],
          [
            17.0216604,
            51.111463
          ],
          [
            17.021649,
            51.1113811
          ],
          [
            17.0216257,
            51.1111833
          ],
          [
            17.021618,
            51.1110913
          ],
          [
            17.0216234,
            51.1109962
          ],
          [
            17.0216409,
            51.1108876
          ],
          [
            17.0216582,
            51.1108145
          ],
          [
            17.0216817,
            51.1107378
          ],
          [
            17.0217654,
            51.1104816
          ],
          [
            17.0218141,
            51.1103294
          ],
          [
            17.0218358,
            51.1102408
          ],
          [
            17.0218506,
            51.1101657
          ],
          [
            17.021875,
            51.1100013
          ],
          [
            17.0218971,
            51.1098499
          ],
          [
            17.0219162,
            51.1097221
          ],
          [
            17.0219232,
            51.1096718
          ],
          [
            17.0219494,
            51.1094827
          ],
          [
            17.0219547,
            51.1094302
          ],
          [
            17.0219456,
            51.1093531
          ],
          [
            17.0219282,
            51.1092701
          ],
          [
            17.0219107,
            51.1091871
          ],
          [
            17.0218727,
            51.108996
          ],
          [
            17.0218366,
            51.1088225
          ],
          [
            17.021796,
            51.1086469
          ],
          [
            17.0217581,
            51.1084695
          ],
          [
            17.0217182,
            51.1083556
          ],
          [
            17.0216834,
            51.1082734
          ],
          [
            17.0215966,
            51.1080613
          ],
          [
            17.0215838,
            51.1080285
          ],
          [
            17.0215739,
            51.1080034
          ],
          [
            17.0215582,
            51.1079627
          ],
          [
            17.0215414,
            51.1079216
          ],
          [
            17.0215272,
            51.1078837
          ],
          [
            17.0215132,
            51.107853
          ],
          [
            17.0215001,
            51.1078151
          ],
          [
            17.021495,
            51.1078
          ],
          [
            17.0214913,
            51.1077836
          ],
          [
            17.0214862,
            51.1077593
          ],
          [
            17.0214853,
            51.1077355
          ],
          [
            17.0214846,
            51.1076763
          ],
          [
            17.0214858,
            51.1076304
          ],
          [
            17.0214859,
            51.1075827
          ],
          [
            17.0214875,
            51.1074982
          ],
          [
            17.0214905,
            51.1069092
          ],
          [
            17.0214982,
            51.1065312
          ],
          [
            17.0215096,
            51.1056602
          ],
          [
            17.0215122,
            51.1054643
          ],
          [
            17.0215252,
            51.1053702
          ],
          [
            17.0215398,
            51.1053014
          ],
          [
            17.0215588,
            51.1052397
          ],
          [
            17.0215856,
            51.1051734
          ],
          [
            17.0216145,
            51.1051118
          ],
          [
            17.0216412,
            51.1050664
          ],
          [
            17.0216867,
            51.1049925
          ],
          [
            17.0217876,
            51.1048748
          ],
          [
            17.02184,
            51.104816
          ],
          [
            17.0219163,
            51.1047324
          ],
          [
            17.0219686,
            51.1046741
          ],
          [
            17.0220573,
            51.1045773
          ],
          [
            17.0220807,
            51.1045501
          ],
          [
            17.0221331,
            51.1044936
          ],
          [
            17.0221684,
            51.104455
          ],
          [
            17.0222061,
            51.104413
          ],
          [
            17.022277,
            51.1043357
          ],
          [
            17.02231,
            51.1042958
          ],
          [
            17.0224621,
            51.1041356
          ],
          [
            17.0225551,
            51.1040513
          ],
          [
            17.0226286,
            51.1039906
          ],
          [
            17.0227087,
            51.1039312
          ],
          [
            17.0229321,
            51.1037876
          ],
          [
            17.0231634,
            51.1036451
          ],
          [
            17.0234754,
            51.1034544
          ],
          [
            17.0237339,
            51.1033067
          ],
          [
            17.02431,
            51.1029851
          ],
          [
            17.0244545,
            51.1029043
          ],
          [
            17.0246116,
            51.1028174
          ],
          [
            17.0250568,
            51.1025857
          ],
          [
            17.0253305,
            51.1024502
          ],
          [
            17.0255176,
            51.1023604
          ],
          [
            17.0256688,
            51.102296
          ],
          [
            17.0258145,
            51.1022432
          ],
          [
            17.0259289,
            51.1022063
          ],
          [
            17.0260457,
            51.1021723
          ],
          [
            17.0262543,
            51.1021131
          ],
          [
            17.0270101,
            51.1019027
          ],
          [
            17.0273076,
            51.1018204
          ],
          [
            17.0273635,
            51.101805
          ],
          [
            17.0277446,
            51.1016988
          ],
          [
            17.0281708,
            51.101581
          ],
          [
            17.0284797,
            51.1014916
          ],
          [
            17.0287245,
            51.1014227
          ],
          [
            17.0288557,
            51.101385
          ],
          [
            17.0288817,
            51.1013774
          ],
          [
            17.0289741,
            51.1013504
          ],
          [
            17.0290368,
            51.1013352
          ],
          [
            17.0290976,
            51.1013218
          ],
          [
            17.029182,
            51.1013033
          ],
          [
            17.0292214,
            51.1012944
          ],
          [
            17.0292435,
            51.10129
          ],
          [
            17.0292933,
            51.1012802
          ],
          [
            17.0293814,
            51.1012615
          ],
          [
            17.0294712,
            51.1012436
          ],
          [
            17.0295677,
            51.1012242
          ],
          [
            17.0295821,
            51.1012213
          ],
          [
            17.0296564,
            51.1012045
          ],
          [
            17.0297824,
            51.1011792
          ],
          [
            17.0300795,
            51.1011177
          ],
          [
            17.0302527,
            51.1010826
          ],
          [
            17.0306489,
            51.1009885
          ],
          [
            17.0308325,
            51.1009517
          ],
          [
            17.031002,
            51.1009172
          ],
          [
            17.0311879,
            51.1008785
          ],
          [
            17.0313627,
            51.1008444
          ],
          [
            17.0313938,
            51.100838
          ],
          [
            17.0325309,
            51.1006026
          ],
          [
            17.0325955,
            51.1005854
          ],
          [
            17.0334896,
            51.1004019
          ],
          [
            17.0336227,
            51.1003746
          ],
          [
            17.0336687,
            51.1003652
          ],
          [
            17.033677,
            51.1003625
          ],
          [
            17.0337257,
            51.1003463
          ],
          [
            17.0337713,
            51.100326
          ],
          [
            17.0338149,
            51.1002964
          ],
          [
            17.0338512,
            51.1002623
          ],
          [
            17.0338672,
            51.1002377
          ],
          [
            17.0338871,
            51.1001886
          ],
          [
            17.0338894,
            51.1001796
          ],
          [
            17.0338896,
            51.1001675
          ],
          [
            17.0338899,
            51.1001518
          ],
          [
            17.0338864,
            51.1001311
          ],
          [
            17.0338828,
            51.1001103
          ],
          [
            17.0338398,
            51.1000039
          ],
          [
            17.0337578,
            51.0998188
          ],
          [
            17.0336918,
            51.0996694
          ],
          [
            17.033665,
            51.099609
          ],
          [
            17.0336519,
            51.0995792
          ],
          [
            17.0335413,
            51.0993336
          ],
          [
            17.0335156,
            51.0992793
          ],
          [
            17.0334985,
            51.0992404
          ],
          [
            17.0334764,
            51.0991921
          ],
          [
            17.0334283,
            51.0990838
          ],
          [
            17.0332805,
            51.0987556
          ],
          [
            17.0332498,
            51.0986878
          ],
          [
            17.0332044,
            51.098596
          ],
          [
            17.0331468,
            51.0984853
          ],
          [
            17.0330681,
            51.098348
          ],
          [
            17.0329737,
            51.0981939
          ],
          [
            17.0329051,
            51.0980824
          ],
          [
            17.0328586,
            51.0980089
          ],
          [
            17.0328438,
            51.0979855
          ],
          [
            17.0328145,
            51.0979391
          ],
          [
            17.0327898,
            51.0978991
          ],
          [
            17.0327779,
            51.0978754
          ],
          [
            17.0327637,
            51.097847
          ],
          [
            17.0327399,
            51.0977915
          ],
          [
            17.0327267,
            51.0977464
          ],
          [
            17.0327125,
            51.0976868
          ],
          [
            17.0327045,
            51.0975991
          ],
          [
            17.0327044,
            51.0975499
          ],
          [
            17.0327042,
            51.0973723
          ],
          [
            17.0327043,
            51.097154
          ],
          [
            17.0327048,
            51.0969969
          ],
          [
            17.0327088,
            51.0968963
          ],
          [
            17.0327108,
            51.0968346
          ],
          [
            17.0327346,
            51.0962422
          ],
          [
            17.0327548,
            51.0954048
          ],
          [
            17.032754,
            51.0953182
          ],
          [
            17.0327507,
            51.0952647
          ],
          [
            17.0327435,
            51.0952379
          ],
          [
            17.0327337,
            51.0952047
          ],
          [
            17.0327222,
            51.0951795
          ],
          [
            17.032701,
            51.0951442
          ],
          [
            17.0326812,
            51.0951173
          ],
          [
            17.0326496,
            51.0950858
          ],
          [
            17.0326142,
            51.0950594
          ],
          [
            17.0325727,
            51.0950337
          ],
          [
            17.0325186,
            51.09501
          ],
          [
            17.0324722,
            51.0949895
          ],
          [
            17.032383,
            51.0949605
          ],
          [
            17.0323031,
            51.0949435
          ],
          [
            17.031759,
            51.0948333
          ],
          [
            17.0312945,
            51.0947393
          ],
          [
            17.0311815,
            51.0947136
          ],
          [
            17.0311231,
            51.0946954
          ],
          [
            17.0310685,
            51.0946734
          ],
          [
            17.031018,
            51.094649
          ],
          [
            17.0309433,
            51.0945971
          ],
          [
            17.0309067,
            51.0945652
          ],
          [
            17.0308685,
            51.0945237
          ],
          [
            17.0308367,
            51.0944768
          ],
          [
            17.0307945,
            51.0943937
          ],
          [
            17.0304691,
            51.0936999
          ],
          [
            17.030338,
            51.0934189
          ],
          [
            17.0302434,
            51.0932191
          ],
          [
            17.0301635,
            51.0930518
          ],
          [
            17.030031,
            51.0927624
          ],
          [
            17.0299,
            51.0924789
          ],
          [
            17.0297591,
            51.0921707
          ],
          [
            17.0296126,
            51.0918525
          ],
          [
            17.0295256,
            51.0916658
          ],
          [
            17.0293892,
            51.0913716
          ],
          [
            17.0292566,
            51.091078
          ],
          [
            17.0291441,
            51.0908385
          ],
          [
            17.0290357,
            51.0905995
          ],
          [
            17.0289357,
            51.0903716
          ],
          [
            17.0289227,
            51.0903421
          ],
          [
            17.0288232,
            51.0901042
          ],
          [
            17.028713,
            51.0898548
          ],
          [
            17.0286844,
            51.0898037
          ],
          [
            17.0286647,
            51.0897542
          ],
          [
            17.0285602,
            51.0895338
          ],
          [
            17.0284006,
            51.089195
          ],
          [
            17.0283072,
            51.0889997
          ],
          [
            17.0281442,
            51.0886663
          ],
          [
            17.0280294,
            51.0884615
          ],
          [
            17.0279212,
            51.0882545
          ],
          [
            17.0278035,
            51.0880477
          ],
          [
            17.0276749,
            51.0878331
          ],
          [
            17.0274069,
            51.0874121
          ],
          [
            17.0270925,
            51.0869413
          ],
          [
            17.026332,
            51.0858202
          ],
          [
            17.0255889,
            51.0847197
          ],
          [
            17.0254499,
            51.0845163
          ],
          [
            17.0253309,
            51.0843548
          ],
          [
            17.0252854,
            51.0842992
          ],
          [
            17.0250559,
            51.084033
          ],
          [
            17.0248696,
            51.0838326
          ],
          [
            17.0245389,
            51.0834936
          ],
          [
            17.0226542,
            51.0815275
          ],
          [
            17.0225816,
            51.0814493
          ],
          [
            17.0224968,
            51.0813538
          ],
          [
            17.0223366,
            51.0811944
          ],
          [
            17.0220918,
            51.0809402
          ],
          [
            17.0211295,
            51.0799033
          ],
          [
            17.0211056,
            51.0798773
          ],
          [
            17.0202016,
            51.0789013
          ],
          [
            17.0200509,
            51.0787445
          ],
          [
            17.0198283,
            51.0784968
          ],
          [
            17.0189901,
            51.0775939
          ],
          [
            17.0188527,
            51.0774507
          ],
          [
            17.018404,
            51.0769596
          ],
          [
            17.0183371,
            51.0768833
          ],
          [
            17.017864,
            51.076371
          ],
          [
            17.0173067,
            51.0757627
          ],
          [
            17.0166515,
            51.0750552
          ],
          [
            17.0164231,
            51.0748058
          ],
          [
            17.0161208,
            51.0744865
          ],
          [
            17.0160249,
            51.0743775
          ],
          [
            17.0159806,
            51.0743328
          ],
          [
            17.0157029,
            51.07403
          ],
          [
            17.0153034,
            51.0735999
          ],
          [
            17.0151873,
            51.0734882
          ],
          [
            17.0150974,
            51.0734097
          ],
          [
            17.0148026,
            51.0731923
          ],
          [
            17.0146872,
            51.0730828
          ],
          [
            17.0146433,
            51.0730291
          ],
          [
            17.0145873,
            51.0729635
          ],
          [
            17.0145693,
            51.0729439
          ],
          [
            17.0145419,
            51.0729191
          ],
          [
            17.0145055,
            51.0728921
          ],
          [
            17.0144661,
            51.0728706
          ],
          [
            17.014424,
            51.0728506
          ],
          [
            17.0143577,
            51.0728239
          ],
          [
            17.0140054,
            51.0726872
          ],
          [
            17.0139711,
            51.0726749
          ],
          [
            17.0139052,
            51.0726548
          ],
          [
            17.0134603,
            51.0725252
          ]
        ]
      },
      "id": "relation/63491"
    },
    {
      "type": "Feature",
      "properties": {
        "@id": "relation/2394231",
        "check_date": "2026-05-19",
        "from": "Park Południowy",
        "interval:conditional": "12 @ (Mo-Fr 06:00-09:00,14:00-18:00); 15 @ (Mo-Fr 05:00-06:00,09:00-14:00,18:00-20:00); 20 @ (Mo-Fr 20:00-23:00,Sa-Su 05:00-23:00)",
        "name": "15: Park Południowy → Poświętne",
        "network": "Wrocław",
        "opening_hours": "Mo-Su 05:00-23:00",
        "operator": "WTr UM Wrocław",
        "public_transport:version": "2",
        "ref": "15",
        "route": "tram",
        "source:interval": "https://mpk.wroc.pl/komunikat/701/2024-09-30-01092024r-zmiana-rozkladu-jazdy",
        "to": "Poświętne",
        "type": "route",
        "url": "https://www.wroclaw.pl/komunikacja/przystanek-park-poludniowy-linia-15-kierunek-poswietne-slupek-11242",
        "wheelchair": "limited"
      },
      "geometry": {
        "type": "LineString",
        "coordinates": [
          [
            17.0144858,
            51.0727238
          ],
          [
            17.0145904,
            51.0728474
          ],
          [
            17.0146767,
            51.072949
          ],
          [
            17.0148082,
            51.0731025
          ],
          [
            17.0148842,
            51.0731818
          ],
          [
            17.0149584,
            51.0732432
          ],
          [
            17.015089,
            51.0733377
          ],
          [
            17.0151888,
            51.0734186
          ],
          [
            17.0152885,
            51.0735112
          ],
          [
            17.0157098,
            51.0739681
          ],
          [
            17.0157534,
            51.074015
          ],
          [
            17.017587,
            51.0760019
          ],
          [
            17.0177106,
            51.0761301
          ],
          [
            17.0179131,
            51.0763551
          ],
          [
            17.0182188,
            51.0766811
          ],
          [
            17.018342,
            51.0768178
          ],
          [
            17.0183881,
            51.0768649
          ],
          [
            17.0190363,
            51.0775741
          ],
          [
            17.0206051,
            51.079264
          ],
          [
            17.0209791,
            51.0796607
          ],
          [
            17.0211869,
            51.0798884
          ],
          [
            17.022056,
            51.0808322
          ],
          [
            17.0226332,
            51.0814294
          ],
          [
            17.0228406,
            51.0816496
          ],
          [
            17.0246638,
            51.0835514
          ],
          [
            17.024925,
            51.0838239
          ],
          [
            17.0250613,
            51.083968
          ],
          [
            17.0251109,
            51.0840263
          ],
          [
            17.0252248,
            51.0841497
          ],
          [
            17.0252817,
            51.0842159
          ],
          [
            17.0253353,
            51.084286
          ],
          [
            17.0254291,
            51.084408
          ],
          [
            17.025625,
            51.0846812
          ],
          [
            17.0263893,
            51.0858056
          ],
          [
            17.0267566,
            51.0863563
          ],
          [
            17.0268737,
            51.0865237
          ],
          [
            17.0274638,
            51.0873992
          ],
          [
            17.0275824,
            51.0875819
          ],
          [
            17.0277691,
            51.0878851
          ],
          [
            17.0280069,
            51.088293
          ],
          [
            17.0281253,
            51.0885143
          ],
          [
            17.0283184,
            51.0888955
          ],
          [
            17.0284373,
            51.0891467
          ],
          [
            17.0284542,
            51.0891833
          ],
          [
            17.0285185,
            51.0893218
          ],
          [
            17.0285966,
            51.0894861
          ],
          [
            17.0286529,
            51.0896125
          ],
          [
            17.0286864,
            51.0896824
          ],
          [
            17.0287159,
            51.0897493
          ],
          [
            17.0287608,
            51.0898477
          ],
          [
            17.0288798,
            51.0900923
          ],
          [
            17.0289842,
            51.0903281
          ],
          [
            17.0290951,
            51.09059
          ],
          [
            17.0292047,
            51.0908294
          ],
          [
            17.0293134,
            51.0910702
          ],
          [
            17.0294475,
            51.0913625
          ],
          [
            17.0295844,
            51.0916561
          ],
          [
            17.0296688,
            51.0918428
          ],
          [
            17.029819,
            51.0921643
          ],
          [
            17.0299629,
            51.0924694
          ],
          [
            17.0300919,
            51.0927514
          ],
          [
            17.0302212,
            51.0930402
          ],
          [
            17.030267,
            51.0931369
          ],
          [
            17.0303673,
            51.0933522
          ],
          [
            17.0303919,
            51.0934091
          ],
          [
            17.0305167,
            51.0936734
          ],
          [
            17.030684,
            51.0940391
          ],
          [
            17.0308517,
            51.0943976
          ],
          [
            17.0308921,
            51.0944743
          ],
          [
            17.0309319,
            51.0945329
          ],
          [
            17.0309932,
            51.094589
          ],
          [
            17.0310632,
            51.0946348
          ],
          [
            17.0311253,
            51.0946635
          ],
          [
            17.0312163,
            51.0946946
          ],
          [
            17.0313349,
            51.0947198
          ],
          [
            17.031736,
            51.0948018
          ],
          [
            17.0321275,
            51.0948799
          ],
          [
            17.0323137,
            51.0949184
          ],
          [
            17.0324133,
            51.0949387
          ],
          [
            17.0324655,
            51.0949552
          ],
          [
            17.0324919,
            51.0949624
          ],
          [
            17.0325423,
            51.0949835
          ],
          [
            17.0325723,
            51.0949973
          ],
          [
            17.0326332,
            51.0950321
          ],
          [
            17.0326798,
            51.0950681
          ],
          [
            17.0327126,
            51.0950967
          ],
          [
            17.0327372,
            51.0951264
          ],
          [
            17.0327593,
            51.0951646
          ],
          [
            17.0327753,
            51.0951986
          ],
          [
            17.0327855,
            51.0952301
          ],
          [
            17.0327976,
            51.0953013
          ],
          [
            17.0327966,
            51.0953588
          ],
          [
            17.0327911,
            51.0956094
          ],
          [
            17.0327821,
            51.096021
          ],
          [
            17.0327729,
            51.0963818
          ],
          [
            17.0327585,
            51.0967662
          ],
          [
            17.0327573,
            51.0968353
          ],
          [
            17.0327563,
            51.0968884
          ],
          [
            17.0327543,
            51.0970011
          ],
          [
            17.0327543,
            51.0972709
          ],
          [
            17.0327537,
            51.0975177
          ],
          [
            17.0327535,
            51.0975507
          ],
          [
            17.0327534,
            51.097563
          ],
          [
            17.0327548,
            51.0975875
          ],
          [
            17.0327599,
            51.0976739
          ],
          [
            17.0327759,
            51.0977434
          ],
          [
            17.0327875,
            51.0977835
          ],
          [
            17.0328043,
            51.0978248
          ],
          [
            17.032821,
            51.097859
          ],
          [
            17.0328436,
            51.0978994
          ],
          [
            17.0328727,
            51.0979497
          ],
          [
            17.0328885,
            51.0979741
          ],
          [
            17.0329033,
            51.0979968
          ],
          [
            17.032946,
            51.0980627
          ],
          [
            17.0330199,
            51.0981806
          ],
          [
            17.0331078,
            51.0983275
          ],
          [
            17.0331835,
            51.0984646
          ],
          [
            17.0332456,
            51.0985891
          ],
          [
            17.0332926,
            51.0986827
          ],
          [
            17.0333208,
            51.0987425
          ],
          [
            17.0333226,
            51.0987469
          ],
          [
            17.0334692,
            51.0990764
          ],
          [
            17.0334761,
            51.0990916
          ],
          [
            17.0335397,
            51.0992343
          ],
          [
            17.0335507,
            51.0992589
          ],
          [
            17.0335527,
            51.0992639
          ],
          [
            17.0335747,
            51.0993165
          ],
          [
            17.033705,
            51.0996025
          ],
          [
            17.0337145,
            51.0996235
          ],
          [
            17.0337318,
            51.099662
          ],
          [
            17.0338146,
            51.0998463
          ],
          [
            17.0339016,
            51.1000431
          ],
          [
            17.0339275,
            51.1001115
          ],
          [
            17.0339299,
            51.1001264
          ],
          [
            17.0339357,
            51.1001629
          ],
          [
            17.033932,
            51.1002098
          ],
          [
            17.033923,
            51.1002342
          ],
          [
            17.0339211,
            51.1002503
          ],
          [
            17.0339064,
            51.1002633
          ],
          [
            17.0338855,
            51.1002894
          ],
          [
            17.0338678,
            51.1003062
          ],
          [
            17.0338234,
            51.1003372
          ],
          [
            17.0337965,
            51.1003524
          ],
          [
            17.033756,
            51.1003684
          ],
          [
            17.0336906,
            51.1003886
          ],
          [
            17.0336384,
            51.100403
          ],
          [
            17.0332772,
            51.1004803
          ],
          [
            17.032515,
            51.100636
          ],
          [
            17.0318793,
            51.100766
          ],
          [
            17.0313648,
            51.1008727
          ],
          [
            17.0309706,
            51.1009541
          ],
          [
            17.0305478,
            51.101041
          ],
          [
            17.0303758,
            51.1010842
          ],
          [
            17.0301823,
            51.1011252
          ],
          [
            17.0297678,
            51.1012094
          ],
          [
            17.0296665,
            51.1012301
          ],
          [
            17.0295957,
            51.1012436
          ],
          [
            17.029583,
            51.1012461
          ],
          [
            17.0294588,
            51.1012727
          ],
          [
            17.0293884,
            51.1012862
          ],
          [
            17.0292452,
            51.1013173
          ],
          [
            17.0292378,
            51.1013189
          ],
          [
            17.0291984,
            51.1013274
          ],
          [
            17.0290991,
            51.1013486
          ],
          [
            17.0289028,
            51.1014003
          ],
          [
            17.028878,
            51.1014068
          ],
          [
            17.0287811,
            51.1014354
          ],
          [
            17.028501,
            51.101516
          ],
          [
            17.0278953,
            51.1016868
          ],
          [
            17.0273531,
            51.1018356
          ],
          [
            17.0269327,
            51.1019567
          ],
          [
            17.0264055,
            51.102101
          ],
          [
            17.0260526,
            51.1022
          ],
          [
            17.0259429,
            51.1022313
          ],
          [
            17.0258342,
            51.1022672
          ],
          [
            17.0256728,
            51.1023272
          ],
          [
            17.0255234,
            51.1023911
          ],
          [
            17.0252391,
            51.1025288
          ],
          [
            17.0250115,
            51.1026437
          ],
          [
            17.0247097,
            51.1028002
          ],
          [
            17.0244237,
            51.1029572
          ],
          [
            17.0241535,
            51.1031093
          ],
          [
            17.0238352,
            51.1032875
          ],
          [
            17.0236384,
            51.1033973
          ],
          [
            17.0234638,
            51.1034988
          ],
          [
            17.0231053,
            51.1037198
          ],
          [
            17.0228308,
            51.1038885
          ],
          [
            17.0227324,
            51.1039561
          ],
          [
            17.0226412,
            51.1040259
          ],
          [
            17.0225388,
            51.1041157
          ],
          [
            17.0224342,
            51.1042234
          ],
          [
            17.0223804,
            51.1042825
          ],
          [
            17.0223504,
            51.1043151
          ],
          [
            17.0223332,
            51.1043324
          ],
          [
            17.0222263,
            51.1044522
          ],
          [
            17.0222148,
            51.1044647
          ],
          [
            17.0221996,
            51.1044823
          ],
          [
            17.0221549,
            51.1045319
          ],
          [
            17.0221226,
            51.1045673
          ],
          [
            17.0220982,
            51.104594
          ],
          [
            17.0219811,
            51.1047223
          ],
          [
            17.0218916,
            51.1048223
          ],
          [
            17.0218649,
            51.104853
          ],
          [
            17.0218172,
            51.1049077
          ],
          [
            17.0217368,
            51.1050088
          ],
          [
            17.0216964,
            51.1050723
          ],
          [
            17.0216393,
            51.1051805
          ],
          [
            17.0216064,
            51.1052753
          ],
          [
            17.0215835,
            51.1053566
          ],
          [
            17.0215702,
            51.1054605
          ],
          [
            17.021564,
            51.1056952
          ],
          [
            17.0215536,
            51.1065302
          ],
          [
            17.0215488,
            51.1068359
          ],
          [
            17.0215436,
            51.1074288
          ],
          [
            17.0215406,
            51.1075818
          ],
          [
            17.0215399,
            51.1076447
          ],
          [
            17.0215393,
            51.1076976
          ],
          [
            17.0215399,
            51.1077374
          ],
          [
            17.0215404,
            51.1077597
          ],
          [
            17.0215421,
            51.1077808
          ],
          [
            17.0215443,
            51.1077945
          ],
          [
            17.0215475,
            51.1078105
          ],
          [
            17.0215563,
            51.107838
          ],
          [
            17.0215673,
            51.1078697
          ],
          [
            17.021581,
            51.1079068
          ],
          [
            17.0216395,
            51.1080464
          ],
          [
            17.0216423,
            51.1080533
          ],
          [
            17.021732,
            51.1082648
          ],
          [
            17.0217647,
            51.1083522
          ],
          [
            17.0217903,
            51.1084277
          ],
          [
            17.0218039,
            51.1084856
          ],
          [
            17.021864,
            51.1087539
          ],
          [
            17.0219054,
            51.1089525
          ],
          [
            17.0219506,
            51.1091639
          ],
          [
            17.0219716,
            51.1092671
          ],
          [
            17.021978,
            51.1092985
          ],
          [
            17.0219931,
            51.1093798
          ],
          [
            17.022,
            51.1094401
          ],
          [
            17.0219942,
            51.1095248
          ],
          [
            17.0219822,
            51.109589
          ],
          [
            17.0219602,
            51.1097029
          ],
          [
            17.0219404,
            51.1098391
          ],
          [
            17.0219381,
            51.1098551
          ],
          [
            17.0219168,
            51.1100053
          ],
          [
            17.0218922,
            51.1101675
          ],
          [
            17.0218745,
            51.1102476
          ],
          [
            17.0218618,
            51.1103089
          ],
          [
            17.0218434,
            51.1103751
          ],
          [
            17.0217572,
            51.1106299
          ],
          [
            17.0217104,
            51.1107661
          ],
          [
            17.0216831,
            51.1108632
          ],
          [
            17.0216691,
            51.1109336
          ],
          [
            17.0216606,
            51.1110189
          ],
          [
            17.0216632,
            51.1111099
          ],
          [
            17.0216744,
            51.1112219
          ],
          [
            17.0216844,
            51.1113126
          ],
          [
            17.0216939,
            51.1114037
          ],
          [
            17.0217034,
            51.1114666
          ],
          [
            17.0217145,
            51.1115173
          ],
          [
            17.0217313,
            51.1115645
          ],
          [
            17.0217444,
            51.1115939
          ],
          [
            17.0217542,
            51.1116154
          ],
          [
            17.0217724,
            51.111645
          ],
          [
            17.0218029,
            51.1116909
          ],
          [
            17.0218338,
            51.1117277
          ],
          [
            17.0218734,
            51.1117662
          ],
          [
            17.021912,
            51.1118019
          ],
          [
            17.021954,
            51.1118348
          ],
          [
            17.0220308,
            51.111894
          ],
          [
            17.0220817,
            51.1119316
          ],
          [
            17.0221331,
            51.1119695
          ],
          [
            17.0221867,
            51.112009
          ],
          [
            17.0222441,
            51.1120517
          ],
          [
            17.0225547,
            51.1122817
          ],
          [
            17.0226261,
            51.1123349
          ],
          [
            17.02274,
            51.1124179
          ],
          [
            17.0228567,
            51.1125037
          ],
          [
            17.0229578,
            51.1125799
          ],
          [
            17.0230212,
            51.1126319
          ],
          [
            17.0230781,
            51.112683
          ],
          [
            17.0231247,
            51.1127313
          ],
          [
            17.0232985,
            51.1129261
          ],
          [
            17.0234579,
            51.1131054
          ],
          [
            17.0236246,
            51.1132939
          ],
          [
            17.0238264,
            51.1135239
          ],
          [
            17.0239127,
            51.1136219
          ],
          [
            17.0239479,
            51.1136671
          ],
          [
            17.0239632,
            51.1136949
          ],
          [
            17.0239909,
            51.113742
          ],
          [
            17.0240091,
            51.1137791
          ],
          [
            17.0240343,
            51.113858
          ],
          [
            17.0240542,
            51.1139334
          ],
          [
            17.0242444,
            51.1147061
          ],
          [
            17.0242529,
            51.1147408
          ],
          [
            17.0242588,
            51.1147718
          ],
          [
            17.0242637,
            51.1147868
          ],
          [
            17.0242774,
            51.1148265
          ],
          [
            17.0242931,
            51.1148717
          ],
          [
            17.0243192,
            51.1149295
          ],
          [
            17.024425,
            51.1151272
          ],
          [
            17.0245115,
            51.1152815
          ],
          [
            17.0245907,
            51.1154364
          ],
          [
            17.0246535,
            51.1155546
          ],
          [
            17.0246967,
            51.1156364
          ],
          [
            17.0247689,
            51.1157775
          ],
          [
            17.02478,
            51.1158017
          ],
          [
            17.0248103,
            51.1158679
          ],
          [
            17.0248333,
            51.1159314
          ],
          [
            17.0248459,
            51.1159907
          ],
          [
            17.024853,
            51.1160354
          ],
          [
            17.0248535,
            51.1160798
          ],
          [
            17.0248523,
            51.116126
          ],
          [
            17.0248442,
            51.1161776
          ],
          [
            17.0248347,
            51.1162133
          ],
          [
            17.0247948,
            51.1163206
          ],
          [
            17.0247488,
            51.1164493
          ],
          [
            17.0247105,
            51.1165639
          ],
          [
            17.0246921,
            51.1166178
          ],
          [
            17.0246816,
            51.1166498
          ],
          [
            17.0246686,
            51.1167191
          ],
          [
            17.0246659,
            51.1167457
          ],
          [
            17.0246666,
            51.1167727
          ],
          [
            17.024672,
            51.1167995
          ],
          [
            17.0247083,
            51.116867
          ],
          [
            17.024746,
            51.1169046
          ],
          [
            17.0247938,
            51.1169373
          ],
          [
            17.0248502,
            51.1169641
          ],
          [
            17.0249616,
            51.1169962
          ],
          [
            17.0250282,
            51.1170103
          ],
          [
            17.0251499,
            51.1170415
          ],
          [
            17.0257761,
            51.1171873
          ],
          [
            17.0260138,
            51.1172424
          ],
          [
            17.0269893,
            51.1174739
          ],
          [
            17.0271182,
            51.1175043
          ],
          [
            17.0272138,
            51.117529
          ],
          [
            17.0273169,
            51.1175571
          ],
          [
            17.0274072,
            51.1175818
          ],
          [
            17.0275478,
            51.1176238
          ],
          [
            17.0276618,
            51.11766
          ],
          [
            17.0277757,
            51.1176975
          ],
          [
            17.0279327,
            51.1177516
          ],
          [
            17.0280019,
            51.1177741
          ],
          [
            17.0281062,
            51.117808
          ],
          [
            17.0281334,
            51.1178174
          ],
          [
            17.0283271,
            51.1178843
          ],
          [
            17.0283312,
            51.1178856
          ],
          [
            17.0284331,
            51.1179189
          ],
          [
            17.0285329,
            51.1179463
          ],
          [
            17.0286818,
            51.1179809
          ],
          [
            17.0287909,
            51.1180032
          ],
          [
            17.0288688,
            51.1180182
          ],
          [
            17.0289711,
            51.118034
          ],
          [
            17.0290883,
            51.1180499
          ],
          [
            17.0292356,
            51.1180653
          ],
          [
            17.0294123,
            51.1180789
          ],
          [
            17.0295568,
            51.1180842
          ],
          [
            17.0297097,
            51.1180869
          ],
          [
            17.0298233,
            51.1180824
          ],
          [
            17.02996,
            51.1180758
          ],
          [
            17.0300701,
            51.1180648
          ],
          [
            17.0302784,
            51.1180397
          ],
          [
            17.0303801,
            51.1180235
          ],
          [
            17.0305637,
            51.1179919
          ],
          [
            17.0310139,
            51.1179169
          ],
          [
            17.031137,
            51.1178949
          ],
          [
            17.0312104,
            51.1178826
          ],
          [
            17.0312969,
            51.1178684
          ],
          [
            17.031348,
            51.1178626
          ],
          [
            17.0313904,
            51.1178595
          ],
          [
            17.0314524,
            51.1178606
          ],
          [
            17.031495,
            51.1178644
          ],
          [
            17.0315406,
            51.1178722
          ],
          [
            17.0315702,
            51.1178785
          ],
          [
            17.0316104,
            51.1178922
          ],
          [
            17.0316574,
            51.1179122
          ],
          [
            17.0316836,
            51.117926
          ],
          [
            17.031719,
            51.1179514
          ],
          [
            17.0317568,
            51.117987
          ],
          [
            17.0317774,
            51.1180127
          ],
          [
            17.0317903,
            51.1180404
          ],
          [
            17.031801,
            51.1180741
          ],
          [
            17.0318012,
            51.1181007
          ],
          [
            17.0317972,
            51.1181561
          ],
          [
            17.0317941,
            51.1181675
          ],
          [
            17.0317458,
            51.1183376
          ],
          [
            17.0317083,
            51.1184591
          ],
          [
            17.03162,
            51.1187685
          ],
          [
            17.0315364,
            51.1190674
          ],
          [
            17.0315161,
            51.1191531
          ],
          [
            17.0315064,
            51.1192047
          ],
          [
            17.0314788,
            51.1193215
          ],
          [
            17.0314639,
            51.1193842
          ],
          [
            17.0314442,
            51.1194611
          ],
          [
            17.0314227,
            51.119538
          ],
          [
            17.0313889,
            51.1196565
          ],
          [
            17.0313144,
            51.1199093
          ],
          [
            17.0312325,
            51.1201842
          ],
          [
            17.0312139,
            51.1202485
          ],
          [
            17.0311631,
            51.1204217
          ],
          [
            17.031112,
            51.1205936
          ],
          [
            17.0310287,
            51.1208782
          ],
          [
            17.0309935,
            51.1209997
          ],
          [
            17.0309215,
            51.1212383
          ],
          [
            17.0308662,
            51.1214235
          ],
          [
            17.0308116,
            51.1216536
          ],
          [
            17.0307732,
            51.121812
          ],
          [
            17.0307244,
            51.1219702
          ],
          [
            17.0307073,
            51.122024
          ],
          [
            17.0306586,
            51.1221407
          ],
          [
            17.0306259,
            51.1222193
          ],
          [
            17.0305579,
            51.1223385
          ],
          [
            17.0304782,
            51.1224598
          ],
          [
            17.0303722,
            51.1226088
          ],
          [
            17.0303442,
            51.122646
          ],
          [
            17.0301975,
            51.1228543
          ],
          [
            17.030164,
            51.1229021
          ],
          [
            17.0301118,
            51.1229869
          ],
          [
            17.0299581,
            51.1232409
          ],
          [
            17.02982,
            51.1234712
          ],
          [
            17.02966,
            51.1237393
          ],
          [
            17.0295409,
            51.1239371
          ],
          [
            17.0294588,
            51.1240756
          ],
          [
            17.0293728,
            51.1242109
          ],
          [
            17.0292876,
            51.1243328
          ],
          [
            17.0291892,
            51.124453
          ],
          [
            17.0290685,
            51.124594
          ],
          [
            17.0289479,
            51.1247346
          ],
          [
            17.0287902,
            51.1249204
          ],
          [
            17.0286323,
            51.1251055
          ],
          [
            17.0284763,
            51.1252869
          ],
          [
            17.028294,
            51.1255014
          ],
          [
            17.0282473,
            51.1255554
          ],
          [
            17.0281637,
            51.125654
          ],
          [
            17.0280826,
            51.1257498
          ],
          [
            17.028033,
            51.1258211
          ],
          [
            17.0280025,
            51.1258694
          ],
          [
            17.0279521,
            51.125961
          ],
          [
            17.0279139,
            51.1260513
          ],
          [
            17.0278957,
            51.1261174
          ],
          [
            17.0278822,
            51.1261854
          ],
          [
            17.0278797,
            51.1262096
          ],
          [
            17.0278772,
            51.1262338
          ],
          [
            17.0278563,
            51.1264516
          ],
          [
            17.0278543,
            51.126469
          ],
          [
            17.0278447,
            51.1265522
          ],
          [
            17.0278223,
            51.1266669
          ],
          [
            17.0278057,
            51.126744
          ],
          [
            17.0277505,
            51.1270084
          ],
          [
            17.0277412,
            51.1270726
          ],
          [
            17.0277237,
            51.1272656
          ],
          [
            17.0275857,
            51.1290674
          ],
          [
            17.0275822,
            51.1292799
          ],
          [
            17.0275999,
            51.1294784
          ],
          [
            17.0276298,
            51.1296619
          ],
          [
            17.0276922,
            51.1300048
          ],
          [
            17.0277106,
            51.1301073
          ],
          [
            17.0277289,
            51.1302098
          ],
          [
            17.0277859,
            51.1305391
          ],
          [
            17.0278045,
            51.1306473
          ],
          [
            17.0281592,
            51.1327157
          ],
          [
            17.0281732,
            51.1328355
          ],
          [
            17.0281749,
            51.1328453
          ],
          [
            17.0282418,
            51.1332112
          ],
          [
            17.028269,
            51.1333702
          ],
          [
            17.0283891,
            51.1340627
          ],
          [
            17.0284587,
            51.1344255
          ],
          [
            17.0285156,
            51.1346851
          ],
          [
            17.0286254,
            51.1350608
          ],
          [
            17.0287023,
            51.1352625
          ],
          [
            17.028827,
            51.135511
          ],
          [
            17.0289844,
            51.1358259
          ],
          [
            17.0291177,
            51.1360493
          ],
          [
            17.0292246,
            51.1362523
          ],
          [
            17.0293209,
            51.1363884
          ],
          [
            17.0294598,
            51.1365916
          ],
          [
            17.0296386,
            51.1368464
          ],
          [
            17.0298179,
            51.1371112
          ],
          [
            17.0299358,
            51.1372739
          ],
          [
            17.0301557,
            51.1375749
          ],
          [
            17.0301937,
            51.137629
          ],
          [
            17.0303544,
            51.1378557
          ],
          [
            17.0305161,
            51.1380856
          ],
          [
            17.0306452,
            51.1382698
          ],
          [
            17.0308081,
            51.1385025
          ],
          [
            17.0309685,
            51.1387324
          ],
          [
            17.0311495,
            51.1389932
          ],
          [
            17.0311861,
            51.1390433
          ],
          [
            17.0313216,
            51.1392081
          ],
          [
            17.0314477,
            51.1393331
          ],
          [
            17.0316077,
            51.1394761
          ],
          [
            17.0318068,
            51.139648
          ],
          [
            17.0319039,
            51.1397247
          ],
          [
            17.0320478,
            51.139844
          ],
          [
            17.032211,
            51.1399761
          ],
          [
            17.0322791,
            51.1400403
          ],
          [
            17.0323262,
            51.1400988
          ],
          [
            17.0323669,
            51.1401806
          ],
          [
            17.0323783,
            51.1402017
          ],
          [
            17.0323832,
            51.1402342
          ],
          [
            17.0323725,
            51.1403524
          ],
          [
            17.0323202,
            51.140526
          ],
          [
            17.0322441,
            51.1407742
          ],
          [
            17.0321277,
            51.1411587
          ],
          [
            17.0319866,
            51.1416242
          ],
          [
            17.0317904,
            51.1422649
          ],
          [
            17.0315901,
            51.1429183
          ],
          [
            17.0315079,
            51.1431991
          ],
          [
            17.0314958,
            51.1432308
          ],
          [
            17.0313322,
            51.143763
          ],
          [
            17.0311581,
            51.14434
          ],
          [
            17.0311381,
            51.1444044
          ],
          [
            17.0311261,
            51.1444427
          ],
          [
            17.0311025,
            51.1445186
          ],
          [
            17.0309689,
            51.1449622
          ],
          [
            17.0308332,
            51.1454038
          ],
          [
            17.030482,
            51.1465671
          ],
          [
            17.0304307,
            51.1467401
          ],
          [
            17.0303147,
            51.1471168
          ],
          [
            17.030254,
            51.1473129
          ],
          [
            17.0302082,
            51.1474597
          ],
          [
            17.0301816,
            51.1475474
          ],
          [
            17.0301038,
            51.1478089
          ],
          [
            17.0300161,
            51.1480997
          ],
          [
            17.029752,
            51.1489608
          ],
          [
            17.0295214,
            51.1497226
          ],
          [
            17.029445,
            51.1499781
          ],
          [
            17.0294388,
            51.1499982
          ],
          [
            17.0294257,
            51.1500402
          ],
          [
            17.0294124,
            51.150071
          ],
          [
            17.0293848,
            51.1501101
          ],
          [
            17.0293399,
            51.1501526
          ],
          [
            17.0293013,
            51.1501775
          ],
          [
            17.029243,
            51.1502025
          ],
          [
            17.0292012,
            51.1502132
          ],
          [
            17.02915,
            51.1502244
          ],
          [
            17.029067,
            51.1502323
          ],
          [
            17.0289961,
            51.1502385
          ],
          [
            17.0288039,
            51.150255
          ],
          [
            17.0284728,
            51.1502841
          ]
        ]
      },
      "id": "relation/2394231"
    },
    {
      "type": "Feature",
      "properties": {
        "@id": "node/265740396",
        "@relations": [
          {
            "role": "stop",
            "rel": 2394231,
            "reltags": {
              "check_date": "2026-05-19",
              "from": "Park Południowy",
              "interval:conditional": "12 @ (Mo-Fr 06:00-09:00,14:00-18:00); 15 @ (Mo-Fr 05:00-06:00,09:00-14:00,18:00-20:00); 20 @ (Mo-Fr 20:00-23:00,Sa-Su 05:00-23:00)",
              "name": "15: Park Południowy → Poświętne",
              "network": "Wrocław",
              "opening_hours": "Mo-Su 05:00-23:00",
              "operator": "WTr UM Wrocław",
              "public_transport:version": "2",
              "ref": "15",
              "route": "tram",
              "source:interval": "https://mpk.wroc.pl/komunikat/701/2024-09-30-01092024r-zmiana-rozkladu-jazdy",
              "to": "Poświętne",
              "type": "route",
              "url": "https://www.wroclaw.pl/komunikacja/przystanek-park-poludniowy-linia-15-kierunek-poswietne-slupek-11242",
              "wheelchair": "limited"
            }
          }
        ]
      },
      "geometry": {
        "type": "Point",
        "coordinates": [
          17.0297678,
          51.1012094
        ]
      },
      "id": "node/265740396"
    },
    {
      "type": "Feature",
      "properties": {
        "@id": "node/265740436",
        "@relations": [
          {
            "role": "stop",
            "rel": 63491,
            "reltags": {
              "check_date": "2026-05-19",
              "from": "Poświętne",
              "interval:conditional": "12 @ (Mo-Fr 06:00-09:00,14:00-18:00); 15 @ (Mo-Fr 05:00-06:00,09:00-14:00,18:00-20:00); 20 @ (Mo-Fr 20:00-23:00,Sa-Su 05:00-23:00)",
              "name": "15: Poświętne → Park Południowy",
              "network": "Wrocław",
              "opening_hours": "Mo-Su 05:00-23:00",
              "operator": "WTr UM Wrocław",
              "public_transport:version": "2",
              "ref": "15",
              "route": "tram",
              "source:interval": "https://mpk.wroc.pl/komunikat/701/2024-09-30-01092024r-zmiana-rozkladu-jazdy",
              "to": "Park Południowy",
              "type": "route",
              "url": "https://www.wroclaw.pl/komunikacja/przystanek-poswietne-linia-15-kierunek-park-poludniowy-slupek-23022",
              "wheelchair": "limited"
            }
          }
        ]
      },
      "geometry": {
        "type": "Point",
        "coordinates": [
          17.0217876,
          51.1048748
        ]
      },
      "id": "node/265740436"
    },
    {
      "type": "Feature",
      "properties": {
        "@id": "node/265740472",
        "@relations": [
          {
            "role": "stop",
            "rel": 2394231,
            "reltags": {
              "check_date": "2026-05-19",
              "from": "Park Południowy",
              "interval:conditional": "12 @ (Mo-Fr 06:00-09:00,14:00-18:00); 15 @ (Mo-Fr 05:00-06:00,09:00-14:00,18:00-20:00); 20 @ (Mo-Fr 20:00-23:00,Sa-Su 05:00-23:00)",
              "name": "15: Park Południowy → Poświętne",
              "network": "Wrocław",
              "opening_hours": "Mo-Su 05:00-23:00",
              "operator": "WTr UM Wrocław",
              "public_transport:version": "2",
              "ref": "15",
              "route": "tram",
              "source:interval": "https://mpk.wroc.pl/komunikat/701/2024-09-30-01092024r-zmiana-rozkladu-jazdy",
              "to": "Poświętne",
              "type": "route",
              "url": "https://www.wroclaw.pl/komunikacja/przystanek-park-poludniowy-linia-15-kierunek-poswietne-slupek-11242",
              "wheelchair": "limited"
            }
          }
        ]
      },
      "geometry": {
        "type": "Point",
        "coordinates": [
          17.0327537,
          51.0975177
        ]
      },
      "id": "node/265740472"
    },
    {
      "type": "Feature",
      "properties": {
        "@id": "node/265740488",
        "@relations": [
          {
            "role": "stop",
            "rel": 2394231,
            "reltags": {
              "check_date": "2026-05-19",
              "from": "Park Południowy",
              "interval:conditional": "12 @ (Mo-Fr 06:00-09:00,14:00-18:00); 15 @ (Mo-Fr 05:00-06:00,09:00-14:00,18:00-20:00); 20 @ (Mo-Fr 20:00-23:00,Sa-Su 05:00-23:00)",
              "name": "15: Park Południowy → Poświętne",
              "network": "Wrocław",
              "opening_hours": "Mo-Su 05:00-23:00",
              "operator": "WTr UM Wrocław",
              "public_transport:version": "2",
              "ref": "15",
              "route": "tram",
              "source:interval": "https://mpk.wroc.pl/komunikat/701/2024-09-30-01092024r-zmiana-rozkladu-jazdy",
              "to": "Poświętne",
              "type": "route",
              "url": "https://www.wroclaw.pl/komunikacja/przystanek-park-poludniowy-linia-15-kierunek-poswietne-slupek-11242",
              "wheelchair": "limited"
            }
          }
        ]
      },
      "geometry": {
        "type": "Point",
        "coordinates": [
          17.0215436,
          51.1074288
        ]
      },
      "id": "node/265740488"
    },
    {
      "type": "Feature",
      "properties": {
        "@id": "node/265740496",
        "@relations": [
          {
            "role": "stop",
            "rel": 2394231,
            "reltags": {
              "check_date": "2026-05-19",
              "from": "Park Południowy",
              "interval:conditional": "12 @ (Mo-Fr 06:00-09:00,14:00-18:00); 15 @ (Mo-Fr 05:00-06:00,09:00-14:00,18:00-20:00); 20 @ (Mo-Fr 20:00-23:00,Sa-Su 05:00-23:00)",
              "name": "15: Park Południowy → Poświętne",
              "network": "Wrocław",
              "opening_hours": "Mo-Su 05:00-23:00",
              "operator": "WTr UM Wrocław",
              "public_transport:version": "2",
              "ref": "15",
              "route": "tram",
              "source:interval": "https://mpk.wroc.pl/komunikat/701/2024-09-30-01092024r-zmiana-rozkladu-jazdy",
              "to": "Poświętne",
              "type": "route",
              "url": "https://www.wroclaw.pl/komunikacja/przystanek-park-poludniowy-linia-15-kierunek-poswietne-slupek-11242",
              "wheelchair": "limited"
            }
          }
        ]
      },
      "geometry": {
        "type": "Point",
        "coordinates": [
          17.0339016,
          51.1000431
        ]
      },
      "id": "node/265740496"
    },
    {
      "type": "Feature",
      "properties": {
        "@id": "node/265740617",
        "@relations": [
          {
            "role": "stop",
            "rel": 63491,
            "reltags": {
              "check_date": "2026-05-19",
              "from": "Poświętne",
              "interval:conditional": "12 @ (Mo-Fr 06:00-09:00,14:00-18:00); 15 @ (Mo-Fr 05:00-06:00,09:00-14:00,18:00-20:00); 20 @ (Mo-Fr 20:00-23:00,Sa-Su 05:00-23:00)",
              "name": "15: Poświętne → Park Południowy",
              "network": "Wrocław",
              "opening_hours": "Mo-Su 05:00-23:00",
              "operator": "WTr UM Wrocław",
              "public_transport:version": "2",
              "ref": "15",
              "route": "tram",
              "source:interval": "https://mpk.wroc.pl/komunikat/701/2024-09-30-01092024r-zmiana-rozkladu-jazdy",
              "to": "Park Południowy",
              "type": "route",
              "url": "https://www.wroclaw.pl/komunikacja/przystanek-poswietne-linia-15-kierunek-park-poludniowy-slupek-23022",
              "wheelchair": "limited"
            }
          }
        ]
      },
      "geometry": {
        "type": "Point",
        "coordinates": [
          17.0287245,
          51.1014227
        ]
      },
      "id": "node/265740617"
    },
    {
      "type": "Feature",
      "properties": {
        "@id": "node/267890149",
        "@relations": [
          {
            "role": "stop_exit_only",
            "rel": 2394231,
            "reltags": {
              "check_date": "2026-05-19",
              "from": "Park Południowy",
              "interval:conditional": "12 @ (Mo-Fr 06:00-09:00,14:00-18:00); 15 @ (Mo-Fr 05:00-06:00,09:00-14:00,18:00-20:00); 20 @ (Mo-Fr 20:00-23:00,Sa-Su 05:00-23:00)",
              "name": "15: Park Południowy → Poświętne",
              "network": "Wrocław",
              "opening_hours": "Mo-Su 05:00-23:00",
              "operator": "WTr UM Wrocław",
              "public_transport:version": "2",
              "ref": "15",
              "route": "tram",
              "source:interval": "https://mpk.wroc.pl/komunikat/701/2024-09-30-01092024r-zmiana-rozkladu-jazdy",
              "to": "Poświętne",
              "type": "route",
              "url": "https://www.wroclaw.pl/komunikacja/przystanek-park-poludniowy-linia-15-kierunek-poswietne-slupek-11242",
              "wheelchair": "limited"
            }
          }
        ]
      },
      "geometry": {
        "type": "Point",
        "coordinates": [
          17.0284728,
          51.1502841
        ]
      },
      "id": "node/267890149"
    },
    {
      "type": "Feature",
      "properties": {
        "@id": "node/267890152",
        "@relations": [
          {
            "role": "stop_entry_only",
            "rel": 63491,
            "reltags": {
              "check_date": "2026-05-19",
              "from": "Poświętne",
              "interval:conditional": "12 @ (Mo-Fr 06:00-09:00,14:00-18:00); 15 @ (Mo-Fr 05:00-06:00,09:00-14:00,18:00-20:00); 20 @ (Mo-Fr 20:00-23:00,Sa-Su 05:00-23:00)",
              "name": "15: Poświętne → Park Południowy",
              "network": "Wrocław",
              "opening_hours": "Mo-Su 05:00-23:00",
              "operator": "WTr UM Wrocław",
              "public_transport:version": "2",
              "ref": "15",
              "route": "tram",
              "source:interval": "https://mpk.wroc.pl/komunikat/701/2024-09-30-01092024r-zmiana-rozkladu-jazdy",
              "to": "Park Południowy",
              "type": "route",
              "url": "https://www.wroclaw.pl/komunikacja/przystanek-poswietne-linia-15-kierunek-park-poludniowy-slupek-23022",
              "wheelchair": "limited"
            }
          }
        ]
      },
      "geometry": {
        "type": "Point",
        "coordinates": [
          17.0288666,
          51.1502239
        ]
      },
      "id": "node/267890152"
    },
    {
      "type": "Feature",
      "properties": {
        "@id": "node/267890175",
        "@relations": [
          {
            "role": "stop",
            "rel": 63491,
            "reltags": {
              "check_date": "2026-05-19",
              "from": "Poświętne",
              "interval:conditional": "12 @ (Mo-Fr 06:00-09:00,14:00-18:00); 15 @ (Mo-Fr 05:00-06:00,09:00-14:00,18:00-20:00); 20 @ (Mo-Fr 20:00-23:00,Sa-Su 05:00-23:00)",
              "name": "15: Poświętne → Park Południowy",
              "network": "Wrocław",
              "opening_hours": "Mo-Su 05:00-23:00",
              "operator": "WTr UM Wrocław",
              "public_transport:version": "2",
              "ref": "15",
              "route": "tram",
              "source:interval": "https://mpk.wroc.pl/komunikat/701/2024-09-30-01092024r-zmiana-rozkladu-jazdy",
              "to": "Park Południowy",
              "type": "route",
              "url": "https://www.wroclaw.pl/komunikacja/przystanek-poswietne-linia-15-kierunek-park-poludniowy-slupek-23022",
              "wheelchair": "limited"
            }
          }
        ]
      },
      "geometry": {
        "type": "Point",
        "coordinates": [
          17.0299632,
          51.1480583
        ]
      },
      "id": "node/267890175"
    },
    {
      "type": "Feature",
      "properties": {
        "@id": "node/267898242",
        "@relations": [
          {
            "role": "stop",
            "rel": 63491,
            "reltags": {
              "check_date": "2026-05-19",
              "from": "Poświętne",
              "interval:conditional": "12 @ (Mo-Fr 06:00-09:00,14:00-18:00); 15 @ (Mo-Fr 05:00-06:00,09:00-14:00,18:00-20:00); 20 @ (Mo-Fr 20:00-23:00,Sa-Su 05:00-23:00)",
              "name": "15: Poświętne → Park Południowy",
              "network": "Wrocław",
              "opening_hours": "Mo-Su 05:00-23:00",
              "operator": "WTr UM Wrocław",
              "public_transport:version": "2",
              "ref": "15",
              "route": "tram",
              "source:interval": "https://mpk.wroc.pl/komunikat/701/2024-09-30-01092024r-zmiana-rozkladu-jazdy",
              "to": "Park Południowy",
              "type": "route",
              "url": "https://www.wroclaw.pl/komunikacja/przystanek-poswietne-linia-15-kierunek-park-poludniowy-slupek-23022",
              "wheelchair": "limited"
            }
          }
        ]
      },
      "geometry": {
        "type": "Point",
        "coordinates": [
          17.0311676,
          51.1441061
        ]
      },
      "id": "node/267898242"
    },
    {
      "type": "Feature",
      "properties": {
        "@id": "node/267898243",
        "@relations": [
          {
            "role": "stop",
            "rel": 63491,
            "reltags": {
              "check_date": "2026-05-19",
              "from": "Poświętne",
              "interval:conditional": "12 @ (Mo-Fr 06:00-09:00,14:00-18:00); 15 @ (Mo-Fr 05:00-06:00,09:00-14:00,18:00-20:00); 20 @ (Mo-Fr 20:00-23:00,Sa-Su 05:00-23:00)",
              "name": "15: Poświętne → Park Południowy",
              "network": "Wrocław",
              "opening_hours": "Mo-Su 05:00-23:00",
              "operator": "WTr UM Wrocław",
              "public_transport:version": "2",
              "ref": "15",
              "route": "tram",
              "source:interval": "https://mpk.wroc.pl/komunikat/701/2024-09-30-01092024r-zmiana-rozkladu-jazdy",
              "to": "Park Południowy",
              "type": "route",
              "url": "https://www.wroclaw.pl/komunikacja/przystanek-poswietne-linia-15-kierunek-park-poludniowy-slupek-23022",
              "wheelchair": "limited"
            }
          }
        ]
      },
      "geometry": {
        "type": "Point",
        "coordinates": [
          17.0322112,
          51.1406848
        ]
      },
      "id": "node/267898243"
    },
    {
      "type": "Feature",
      "properties": {
        "@id": "node/304069450",
        "@relations": [
          {
            "role": "stop",
            "rel": 63491,
            "reltags": {
              "check_date": "2026-05-19",
              "from": "Poświętne",
              "interval:conditional": "12 @ (Mo-Fr 06:00-09:00,14:00-18:00); 15 @ (Mo-Fr 05:00-06:00,09:00-14:00,18:00-20:00); 20 @ (Mo-Fr 20:00-23:00,Sa-Su 05:00-23:00)",
              "name": "15: Poświętne → Park Południowy",
              "network": "Wrocław",
              "opening_hours": "Mo-Su 05:00-23:00",
              "operator": "WTr UM Wrocław",
              "public_transport:version": "2",
              "ref": "15",
              "route": "tram",
              "source:interval": "https://mpk.wroc.pl/komunikat/701/2024-09-30-01092024r-zmiana-rozkladu-jazdy",
              "to": "Park Południowy",
              "type": "route",
              "url": "https://www.wroclaw.pl/komunikacja/przystanek-poswietne-linia-15-kierunek-park-poludniowy-slupek-23022",
              "wheelchair": "limited"
            }
          }
        ]
      },
      "geometry": {
        "type": "Point",
        "coordinates": [
          17.0302434,
          51.0932191
        ]
      },
      "id": "node/304069450"
    },
    {
      "type": "Feature",
      "properties": {
        "@id": "node/304069456",
        "@relations": [
          {
            "role": "stop",
            "rel": 63491,
            "reltags": {
              "check_date": "2026-05-19",
              "from": "Poświętne",
              "interval:conditional": "12 @ (Mo-Fr 06:00-09:00,14:00-18:00); 15 @ (Mo-Fr 05:00-06:00,09:00-14:00,18:00-20:00); 20 @ (Mo-Fr 20:00-23:00,Sa-Su 05:00-23:00)",
              "name": "15: Poświętne → Park Południowy",
              "network": "Wrocław",
              "opening_hours": "Mo-Su 05:00-23:00",
              "operator": "WTr UM Wrocław",
              "public_transport:version": "2",
              "ref": "15",
              "route": "tram",
              "source:interval": "https://mpk.wroc.pl/komunikat/701/2024-09-30-01092024r-zmiana-rozkladu-jazdy",
              "to": "Park Południowy",
              "type": "route",
              "url": "https://www.wroclaw.pl/komunikacja/przystanek-poswietne-linia-15-kierunek-park-poludniowy-slupek-23022",
              "wheelchair": "limited"
            }
          }
        ]
      },
      "geometry": {
        "type": "Point",
        "coordinates": [
          17.028713,
          51.0898548
        ]
      },
      "id": "node/304069456"
    },
    {
      "type": "Feature",
      "properties": {
        "@id": "node/304069480",
        "@relations": [
          {
            "role": "stop",
            "rel": 63491,
            "reltags": {
              "check_date": "2026-05-19",
              "from": "Poświętne",
              "interval:conditional": "12 @ (Mo-Fr 06:00-09:00,14:00-18:00); 15 @ (Mo-Fr 05:00-06:00,09:00-14:00,18:00-20:00); 20 @ (Mo-Fr 20:00-23:00,Sa-Su 05:00-23:00)",
              "name": "15: Poświętne → Park Południowy",
              "network": "Wrocław",
              "opening_hours": "Mo-Su 05:00-23:00",
              "operator": "WTr UM Wrocław",
              "public_transport:version": "2",
              "ref": "15",
              "route": "tram",
              "source:interval": "https://mpk.wroc.pl/komunikat/701/2024-09-30-01092024r-zmiana-rozkladu-jazdy",
              "to": "Park Południowy",
              "type": "route",
              "url": "https://www.wroclaw.pl/komunikacja/przystanek-poswietne-linia-15-kierunek-park-poludniowy-slupek-23022",
              "wheelchair": "limited"
            }
          }
        ]
      },
      "geometry": {
        "type": "Point",
        "coordinates": [
          17.0253309,
          51.0843548
        ]
      },
      "id": "node/304069480"
    },
    {
      "type": "Feature",
      "properties": {
        "@id": "node/304069494",
        "@relations": [
          {
            "role": "stop",
            "rel": 63491,
            "reltags": {
              "check_date": "2026-05-19",
              "from": "Poświętne",
              "interval:conditional": "12 @ (Mo-Fr 06:00-09:00,14:00-18:00); 15 @ (Mo-Fr 05:00-06:00,09:00-14:00,18:00-20:00); 20 @ (Mo-Fr 20:00-23:00,Sa-Su 05:00-23:00)",
              "name": "15: Poświętne → Park Południowy",
              "network": "Wrocław",
              "opening_hours": "Mo-Su 05:00-23:00",
              "operator": "WTr UM Wrocław",
              "public_transport:version": "2",
              "ref": "15",
              "route": "tram",
              "source:interval": "https://mpk.wroc.pl/komunikat/701/2024-09-30-01092024r-zmiana-rozkladu-jazdy",
              "to": "Park Południowy",
              "type": "route",
              "url": "https://www.wroclaw.pl/komunikacja/przystanek-poswietne-linia-15-kierunek-park-poludniowy-slupek-23022",
              "wheelchair": "limited"
            }
          }
        ]
      },
      "geometry": {
        "type": "Point",
        "coordinates": [
          17.0226542,
          51.0815275
        ]
      },
      "id": "node/304069494"
    },
    {
      "type": "Feature",
      "properties": {
        "@id": "node/304069530",
        "@relations": [
          {
            "role": "stop",
            "rel": 63491,
            "reltags": {
              "check_date": "2026-05-19",
              "from": "Poświętne",
              "interval:conditional": "12 @ (Mo-Fr 06:00-09:00,14:00-18:00); 15 @ (Mo-Fr 05:00-06:00,09:00-14:00,18:00-20:00); 20 @ (Mo-Fr 20:00-23:00,Sa-Su 05:00-23:00)",
              "name": "15: Poświętne → Park Południowy",
              "network": "Wrocław",
              "opening_hours": "Mo-Su 05:00-23:00",
              "operator": "WTr UM Wrocław",
              "public_transport:version": "2",
              "ref": "15",
              "route": "tram",
              "source:interval": "https://mpk.wroc.pl/komunikat/701/2024-09-30-01092024r-zmiana-rozkladu-jazdy",
              "to": "Park Południowy",
              "type": "route",
              "url": "https://www.wroclaw.pl/komunikacja/przystanek-poswietne-linia-15-kierunek-park-poludniowy-slupek-23022",
              "wheelchair": "limited"
            }
          }
        ]
      },
      "geometry": {
        "type": "Point",
        "coordinates": [
          17.018404,
          51.0769596
        ]
      },
      "id": "node/304069530"
    },
    {
      "type": "Feature",
      "properties": {
        "@id": "node/304069543",
        "@relations": [
          {
            "role": "stop",
            "rel": 63491,
            "reltags": {
              "check_date": "2026-05-19",
              "from": "Poświętne",
              "interval:conditional": "12 @ (Mo-Fr 06:00-09:00,14:00-18:00); 15 @ (Mo-Fr 05:00-06:00,09:00-14:00,18:00-20:00); 20 @ (Mo-Fr 20:00-23:00,Sa-Su 05:00-23:00)",
              "name": "15: Poświętne → Park Południowy",
              "network": "Wrocław",
              "opening_hours": "Mo-Su 05:00-23:00",
              "operator": "WTr UM Wrocław",
              "public_transport:version": "2",
              "ref": "15",
              "route": "tram",
              "source:interval": "https://mpk.wroc.pl/komunikat/701/2024-09-30-01092024r-zmiana-rozkladu-jazdy",
              "to": "Park Południowy",
              "type": "route",
              "url": "https://www.wroclaw.pl/komunikacja/przystanek-poswietne-linia-15-kierunek-park-poludniowy-slupek-23022",
              "wheelchair": "limited"
            }
          }
        ]
      },
      "geometry": {
        "type": "Point",
        "coordinates": [
          17.0159806,
          51.0743328
        ]
      },
      "id": "node/304069543"
    },
    {
      "type": "Feature",
      "properties": {
        "@id": "node/304069588",
        "@relations": [
          {
            "role": "stop_exit_only",
            "rel": 63491,
            "reltags": {
              "check_date": "2026-05-19",
              "from": "Poświętne",
              "interval:conditional": "12 @ (Mo-Fr 06:00-09:00,14:00-18:00); 15 @ (Mo-Fr 05:00-06:00,09:00-14:00,18:00-20:00); 20 @ (Mo-Fr 20:00-23:00,Sa-Su 05:00-23:00)",
              "name": "15: Poświętne → Park Południowy",
              "network": "Wrocław",
              "opening_hours": "Mo-Su 05:00-23:00",
              "operator": "WTr UM Wrocław",
              "public_transport:version": "2",
              "ref": "15",
              "route": "tram",
              "source:interval": "https://mpk.wroc.pl/komunikat/701/2024-09-30-01092024r-zmiana-rozkladu-jazdy",
              "to": "Park Południowy",
              "type": "route",
              "url": "https://www.wroclaw.pl/komunikacja/przystanek-poswietne-linia-15-kierunek-park-poludniowy-slupek-23022",
              "wheelchair": "limited"
            }
          }
        ]
      },
      "geometry": {
        "type": "Point",
        "coordinates": [
          17.0134603,
          51.0725252
        ]
      },
      "id": "node/304069588"
    },
    {
      "type": "Feature",
      "properties": {
        "@id": "node/304085739",
        "@relations": [
          {
            "role": "stop",
            "rel": 63491,
            "reltags": {
              "check_date": "2026-05-19",
              "from": "Poświętne",
              "interval:conditional": "12 @ (Mo-Fr 06:00-09:00,14:00-18:00); 15 @ (Mo-Fr 05:00-06:00,09:00-14:00,18:00-20:00); 20 @ (Mo-Fr 20:00-23:00,Sa-Su 05:00-23:00)",
              "name": "15: Poświętne → Park Południowy",
              "network": "Wrocław",
              "opening_hours": "Mo-Su 05:00-23:00",
              "operator": "WTr UM Wrocław",
              "public_transport:version": "2",
              "ref": "15",
              "route": "tram",
              "source:interval": "https://mpk.wroc.pl/komunikat/701/2024-09-30-01092024r-zmiana-rozkladu-jazdy",
              "to": "Park Południowy",
              "type": "route",
              "url": "https://www.wroclaw.pl/komunikacja/przystanek-poswietne-linia-15-kierunek-park-poludniowy-slupek-23022",
              "wheelchair": "limited"
            }
          }
        ]
      },
      "geometry": {
        "type": "Point",
        "coordinates": [
          17.0276881,
          51.1272656
        ]
      },
      "id": "node/304085739"
    },
    {
      "type": "Feature",
      "properties": {
        "@id": "node/304085796",
        "@relations": [
          {
            "role": "stop",
            "rel": 63491,
            "reltags": {
              "check_date": "2026-05-19",
              "from": "Poświętne",
              "interval:conditional": "12 @ (Mo-Fr 06:00-09:00,14:00-18:00); 15 @ (Mo-Fr 05:00-06:00,09:00-14:00,18:00-20:00); 20 @ (Mo-Fr 20:00-23:00,Sa-Su 05:00-23:00)",
              "name": "15: Poświętne → Park Południowy",
              "network": "Wrocław",
              "opening_hours": "Mo-Su 05:00-23:00",
              "operator": "WTr UM Wrocław",
              "public_transport:version": "2",
              "ref": "15",
              "route": "tram",
              "source:interval": "https://mpk.wroc.pl/komunikat/701/2024-09-30-01092024r-zmiana-rozkladu-jazdy",
              "to": "Park Południowy",
              "type": "route",
              "url": "https://www.wroclaw.pl/komunikacja/przystanek-poswietne-linia-15-kierunek-park-poludniowy-slupek-23022",
              "wheelchair": "limited"
            }
          }
        ]
      },
      "geometry": {
        "type": "Point",
        "coordinates": [
          17.0247708,
          51.1162629
        ]
      },
      "id": "node/304085796"
    },
    {
      "type": "Feature",
      "properties": {
        "@id": "node/324780416",
        "@relations": [
          {
            "role": "stop",
            "rel": 63491,
            "reltags": {
              "check_date": "2026-05-19",
              "from": "Poświętne",
              "interval:conditional": "12 @ (Mo-Fr 06:00-09:00,14:00-18:00); 15 @ (Mo-Fr 05:00-06:00,09:00-14:00,18:00-20:00); 20 @ (Mo-Fr 20:00-23:00,Sa-Su 05:00-23:00)",
              "name": "15: Poświętne → Park Południowy",
              "network": "Wrocław",
              "opening_hours": "Mo-Su 05:00-23:00",
              "operator": "WTr UM Wrocław",
              "public_transport:version": "2",
              "ref": "15",
              "route": "tram",
              "source:interval": "https://mpk.wroc.pl/komunikat/701/2024-09-30-01092024r-zmiana-rozkladu-jazdy",
              "to": "Park Południowy",
              "type": "route",
              "url": "https://www.wroclaw.pl/komunikacja/przystanek-poswietne-linia-15-kierunek-park-poludniowy-slupek-23022",
              "wheelchair": "limited"
            }
          }
        ]
      },
      "geometry": {
        "type": "Point",
        "coordinates": [
          17.0302015,
          51.1377285
        ]
      },
      "id": "node/324780416"
    },
    {
      "type": "Feature",
      "properties": {
        "@id": "node/324780443",
        "@relations": [
          {
            "role": "stop",
            "rel": 63491,
            "reltags": {
              "check_date": "2026-05-19",
              "from": "Poświętne",
              "interval:conditional": "12 @ (Mo-Fr 06:00-09:00,14:00-18:00); 15 @ (Mo-Fr 05:00-06:00,09:00-14:00,18:00-20:00); 20 @ (Mo-Fr 20:00-23:00,Sa-Su 05:00-23:00)",
              "name": "15: Poświętne → Park Południowy",
              "network": "Wrocław",
              "opening_hours": "Mo-Su 05:00-23:00",
              "operator": "WTr UM Wrocław",
              "public_transport:version": "2",
              "ref": "15",
              "route": "tram",
              "source:interval": "https://mpk.wroc.pl/komunikat/701/2024-09-30-01092024r-zmiana-rozkladu-jazdy",
              "to": "Park Południowy",
              "type": "route",
              "url": "https://www.wroclaw.pl/komunikacja/przystanek-poswietne-linia-15-kierunek-park-poludniowy-slupek-23022",
              "wheelchair": "limited"
            }
          }
        ]
      },
      "geometry": {
        "type": "Point",
        "coordinates": [
          17.0221889,
          51.112054
        ]
      },
      "id": "node/324780443"
    },
    {
      "type": "Feature",
      "properties": {
        "@id": "node/339866833",
        "@relations": [
          {
            "role": "stop",
            "rel": 2394231,
            "reltags": {
              "check_date": "2026-05-19",
              "from": "Park Południowy",
              "interval:conditional": "12 @ (Mo-Fr 06:00-09:00,14:00-18:00); 15 @ (Mo-Fr 05:00-06:00,09:00-14:00,18:00-20:00); 20 @ (Mo-Fr 20:00-23:00,Sa-Su 05:00-23:00)",
              "name": "15: Park Południowy → Poświętne",
              "network": "Wrocław",
              "opening_hours": "Mo-Su 05:00-23:00",
              "operator": "WTr UM Wrocław",
              "public_transport:version": "2",
              "ref": "15",
              "route": "tram",
              "source:interval": "https://mpk.wroc.pl/komunikat/701/2024-09-30-01092024r-zmiana-rozkladu-jazdy",
              "to": "Poświętne",
              "type": "route",
              "url": "https://www.wroclaw.pl/komunikacja/przystanek-park-poludniowy-linia-15-kierunek-poswietne-slupek-11242",
              "wheelchair": "limited"
            }
          }
        ]
      },
      "geometry": {
        "type": "Point",
        "coordinates": [
          17.0225547,
          51.1122817
        ]
      },
      "id": "node/339866833"
    },
    {
      "type": "Feature",
      "properties": {
        "@id": "node/370680447",
        "@relations": [
          {
            "role": "stop_entry_only",
            "rel": 2394231,
            "reltags": {
              "check_date": "2026-05-19",
              "from": "Park Południowy",
              "interval:conditional": "12 @ (Mo-Fr 06:00-09:00,14:00-18:00); 15 @ (Mo-Fr 05:00-06:00,09:00-14:00,18:00-20:00); 20 @ (Mo-Fr 20:00-23:00,Sa-Su 05:00-23:00)",
              "name": "15: Park Południowy → Poświętne",
              "network": "Wrocław",
              "opening_hours": "Mo-Su 05:00-23:00",
              "operator": "WTr UM Wrocław",
              "public_transport:version": "2",
              "ref": "15",
              "route": "tram",
              "source:interval": "https://mpk.wroc.pl/komunikat/701/2024-09-30-01092024r-zmiana-rozkladu-jazdy",
              "to": "Poświętne",
              "type": "route",
              "url": "https://www.wroclaw.pl/komunikacja/przystanek-park-poludniowy-linia-15-kierunek-poswietne-slupek-11242",
              "wheelchair": "limited"
            }
          }
        ]
      },
      "geometry": {
        "type": "Point",
        "coordinates": [
          17.0144858,
          51.0727238
        ]
      },
      "id": "node/370680447"
    },
    {
      "type": "Feature",
      "properties": {
        "@id": "node/541888682",
        "@relations": [
          {
            "role": "stop",
            "rel": 2394231,
            "reltags": {
              "check_date": "2026-05-19",
              "from": "Park Południowy",
              "interval:conditional": "12 @ (Mo-Fr 06:00-09:00,14:00-18:00); 15 @ (Mo-Fr 05:00-06:00,09:00-14:00,18:00-20:00); 20 @ (Mo-Fr 20:00-23:00,Sa-Su 05:00-23:00)",
              "name": "15: Park Południowy → Poświętne",
              "network": "Wrocław",
              "opening_hours": "Mo-Su 05:00-23:00",
              "operator": "WTr UM Wrocław",
              "public_transport:version": "2",
              "ref": "15",
              "route": "tram",
              "source:interval": "https://mpk.wroc.pl/komunikat/701/2024-09-30-01092024r-zmiana-rozkladu-jazdy",
              "to": "Poświętne",
              "type": "route",
              "url": "https://www.wroclaw.pl/komunikacja/przystanek-park-poludniowy-linia-15-kierunek-poswietne-slupek-11242",
              "wheelchair": "limited"
            }
          }
        ]
      },
      "geometry": {
        "type": "Point",
        "coordinates": [
          17.0310139,
          51.1179169
        ]
      },
      "id": "node/541888682"
    },
    {
      "type": "Feature",
      "properties": {
        "@id": "node/1657379679",
        "@relations": [
          {
            "role": "stop",
            "rel": 2394231,
            "reltags": {
              "check_date": "2026-05-19",
              "from": "Park Południowy",
              "interval:conditional": "12 @ (Mo-Fr 06:00-09:00,14:00-18:00); 15 @ (Mo-Fr 05:00-06:00,09:00-14:00,18:00-20:00); 20 @ (Mo-Fr 20:00-23:00,Sa-Su 05:00-23:00)",
              "name": "15: Park Południowy → Poświętne",
              "network": "Wrocław",
              "opening_hours": "Mo-Su 05:00-23:00",
              "operator": "WTr UM Wrocław",
              "public_transport:version": "2",
              "ref": "15",
              "route": "tram",
              "source:interval": "https://mpk.wroc.pl/komunikat/701/2024-09-30-01092024r-zmiana-rozkladu-jazdy",
              "to": "Poświętne",
              "type": "route",
              "url": "https://www.wroclaw.pl/komunikacja/przystanek-park-poludniowy-linia-15-kierunek-poswietne-slupek-11242",
              "wheelchair": "limited"
            }
          }
        ]
      },
      "geometry": {
        "type": "Point",
        "coordinates": [
          17.0303673,
          51.0933522
        ]
      },
      "id": "node/1657379679"
    },
    {
      "type": "Feature",
      "properties": {
        "@id": "node/1657379698",
        "@relations": [
          {
            "role": "stop",
            "rel": 2394231,
            "reltags": {
              "check_date": "2026-05-19",
              "from": "Park Południowy",
              "interval:conditional": "12 @ (Mo-Fr 06:00-09:00,14:00-18:00); 15 @ (Mo-Fr 05:00-06:00,09:00-14:00,18:00-20:00); 20 @ (Mo-Fr 20:00-23:00,Sa-Su 05:00-23:00)",
              "name": "15: Park Południowy → Poświętne",
              "network": "Wrocław",
              "opening_hours": "Mo-Su 05:00-23:00",
              "operator": "WTr UM Wrocław",
              "public_transport:version": "2",
              "ref": "15",
              "route": "tram",
              "source:interval": "https://mpk.wroc.pl/komunikat/701/2024-09-30-01092024r-zmiana-rozkladu-jazdy",
              "to": "Poświętne",
              "type": "route",
              "url": "https://www.wroclaw.pl/komunikacja/przystanek-park-poludniowy-linia-15-kierunek-poswietne-slupek-11242",
              "wheelchair": "limited"
            }
          }
        ]
      },
      "geometry": {
        "type": "Point",
        "coordinates": [
          17.0246638,
          51.0835514
        ]
      },
      "id": "node/1657379698"
    },
    {
      "type": "Feature",
      "properties": {
        "@id": "node/1657391074",
        "@relations": [
          {
            "role": "stop",
            "rel": 2394231,
            "reltags": {
              "check_date": "2026-05-19",
              "from": "Park Południowy",
              "interval:conditional": "12 @ (Mo-Fr 06:00-09:00,14:00-18:00); 15 @ (Mo-Fr 05:00-06:00,09:00-14:00,18:00-20:00); 20 @ (Mo-Fr 20:00-23:00,Sa-Su 05:00-23:00)",
              "name": "15: Park Południowy → Poświętne",
              "network": "Wrocław",
              "opening_hours": "Mo-Su 05:00-23:00",
              "operator": "WTr UM Wrocław",
              "public_transport:version": "2",
              "ref": "15",
              "route": "tram",
              "source:interval": "https://mpk.wroc.pl/komunikat/701/2024-09-30-01092024r-zmiana-rozkladu-jazdy",
              "to": "Poświętne",
              "type": "route",
              "url": "https://www.wroclaw.pl/komunikacja/przystanek-park-poludniowy-linia-15-kierunek-poswietne-slupek-11242",
              "wheelchair": "limited"
            }
          }
        ]
      },
      "geometry": {
        "type": "Point",
        "coordinates": [
          17.0228406,
          51.0816496
        ]
      },
      "id": "node/1657391074"
    },
    {
      "type": "Feature",
      "properties": {
        "@id": "node/1701573795",
        "@relations": [
          {
            "role": "stop",
            "rel": 2394231,
            "reltags": {
              "check_date": "2026-05-19",
              "from": "Park Południowy",
              "interval:conditional": "12 @ (Mo-Fr 06:00-09:00,14:00-18:00); 15 @ (Mo-Fr 05:00-06:00,09:00-14:00,18:00-20:00); 20 @ (Mo-Fr 20:00-23:00,Sa-Su 05:00-23:00)",
              "name": "15: Park Południowy → Poświętne",
              "network": "Wrocław",
              "opening_hours": "Mo-Su 05:00-23:00",
              "operator": "WTr UM Wrocław",
              "public_transport:version": "2",
              "ref": "15",
              "route": "tram",
              "source:interval": "https://mpk.wroc.pl/komunikat/701/2024-09-30-01092024r-zmiana-rozkladu-jazdy",
              "to": "Poświętne",
              "type": "route",
              "url": "https://www.wroclaw.pl/komunikacja/przystanek-park-poludniowy-linia-15-kierunek-poswietne-slupek-11242",
              "wheelchair": "limited"
            }
          }
        ]
      },
      "geometry": {
        "type": "Point",
        "coordinates": [
          17.018342,
          51.0768178
        ]
      },
      "id": "node/1701573795"
    },
    {
      "type": "Feature",
      "properties": {
        "@id": "node/1701710302",
        "@relations": [
          {
            "role": "platform",
            "rel": 2394231,
            "reltags": {
              "check_date": "2026-05-19",
              "from": "Park Południowy",
              "interval:conditional": "12 @ (Mo-Fr 06:00-09:00,14:00-18:00); 15 @ (Mo-Fr 05:00-06:00,09:00-14:00,18:00-20:00); 20 @ (Mo-Fr 20:00-23:00,Sa-Su 05:00-23:00)",
              "name": "15: Park Południowy → Poświętne",
              "network": "Wrocław",
              "opening_hours": "Mo-Su 05:00-23:00",
              "operator": "WTr UM Wrocław",
              "public_transport:version": "2",
              "ref": "15",
              "route": "tram",
              "source:interval": "https://mpk.wroc.pl/komunikat/701/2024-09-30-01092024r-zmiana-rozkladu-jazdy",
              "to": "Poświętne",
              "type": "route",
              "url": "https://www.wroclaw.pl/komunikacja/przystanek-park-poludniowy-linia-15-kierunek-poswietne-slupek-11242",
              "wheelchair": "limited"
            }
          }
        ]
      },
      "geometry": {
        "type": "Point",
        "coordinates": [
          17.02997,
          51.1012044
        ]
      },
      "id": "node/1701710302"
    },
    {
      "type": "Feature",
      "properties": {
        "@id": "node/1701710306",
        "@relations": [
          {
            "role": "platform",
            "rel": 63491,
            "reltags": {
              "check_date": "2026-05-19",
              "from": "Poświętne",
              "interval:conditional": "12 @ (Mo-Fr 06:00-09:00,14:00-18:00); 15 @ (Mo-Fr 05:00-06:00,09:00-14:00,18:00-20:00); 20 @ (Mo-Fr 20:00-23:00,Sa-Su 05:00-23:00)",
              "name": "15: Poświętne → Park Południowy",
              "network": "Wrocław",
              "opening_hours": "Mo-Su 05:00-23:00",
              "operator": "WTr UM Wrocław",
              "public_transport:version": "2",
              "ref": "15",
              "route": "tram",
              "source:interval": "https://mpk.wroc.pl/komunikat/701/2024-09-30-01092024r-zmiana-rozkladu-jazdy",
              "to": "Park Południowy",
              "type": "route",
              "url": "https://www.wroclaw.pl/komunikacja/przystanek-poswietne-linia-15-kierunek-park-poludniowy-slupek-23022",
              "wheelchair": "limited"
            }
          }
        ]
      },
      "geometry": {
        "type": "Point",
        "coordinates": [
          17.0287042,
          51.101396
        ]
      },
      "id": "node/1701710306"
    },
    {
      "type": "Feature",
      "properties": {
        "@id": "node/1701710557",
        "@relations": [
          {
            "role": "platform",
            "rel": 2394231,
            "reltags": {
              "check_date": "2026-05-19",
              "from": "Park Południowy",
              "interval:conditional": "12 @ (Mo-Fr 06:00-09:00,14:00-18:00); 15 @ (Mo-Fr 05:00-06:00,09:00-14:00,18:00-20:00); 20 @ (Mo-Fr 20:00-23:00,Sa-Su 05:00-23:00)",
              "name": "15: Park Południowy → Poświętne",
              "network": "Wrocław",
              "opening_hours": "Mo-Su 05:00-23:00",
              "operator": "WTr UM Wrocław",
              "public_transport:version": "2",
              "ref": "15",
              "route": "tram",
              "source:interval": "https://mpk.wroc.pl/komunikat/701/2024-09-30-01092024r-zmiana-rozkladu-jazdy",
              "to": "Poświętne",
              "type": "route",
              "url": "https://www.wroclaw.pl/komunikacja/przystanek-park-poludniowy-linia-15-kierunek-poswietne-slupek-11242",
              "wheelchair": "limited"
            }
          }
        ]
      },
      "geometry": {
        "type": "Point",
        "coordinates": [
          17.0298221,
          51.137021
        ]
      },
      "id": "node/1701710557"
    },
    {
      "type": "Feature",
      "properties": {
        "@id": "node/1701710562",
        "@relations": [
          {
            "role": "platform",
            "rel": 63491,
            "reltags": {
              "check_date": "2026-05-19",
              "from": "Poświętne",
              "interval:conditional": "12 @ (Mo-Fr 06:00-09:00,14:00-18:00); 15 @ (Mo-Fr 05:00-06:00,09:00-14:00,18:00-20:00); 20 @ (Mo-Fr 20:00-23:00,Sa-Su 05:00-23:00)",
              "name": "15: Poświętne → Park Południowy",
              "network": "Wrocław",
              "opening_hours": "Mo-Su 05:00-23:00",
              "operator": "WTr UM Wrocław",
              "public_transport:version": "2",
              "ref": "15",
              "route": "tram",
              "source:interval": "https://mpk.wroc.pl/komunikat/701/2024-09-30-01092024r-zmiana-rozkladu-jazdy",
              "to": "Park Południowy",
              "type": "route",
              "url": "https://www.wroclaw.pl/komunikacja/przystanek-poswietne-linia-15-kierunek-park-poludniowy-slupek-23022",
              "wheelchair": "limited"
            }
          }
        ]
      },
      "geometry": {
        "type": "Point",
        "coordinates": [
          17.0301777,
          51.1377844
        ]
      },
      "id": "node/1701710562"
    },
    {
      "type": "Feature",
      "properties": {
        "@id": "node/1701711047",
        "@relations": [
          {
            "role": "platform",
            "rel": 2394231,
            "reltags": {
              "check_date": "2026-05-19",
              "from": "Park Południowy",
              "interval:conditional": "12 @ (Mo-Fr 06:00-09:00,14:00-18:00); 15 @ (Mo-Fr 05:00-06:00,09:00-14:00,18:00-20:00); 20 @ (Mo-Fr 20:00-23:00,Sa-Su 05:00-23:00)",
              "name": "15: Park Południowy → Poświętne",
              "network": "Wrocław",
              "opening_hours": "Mo-Su 05:00-23:00",
              "operator": "WTr UM Wrocław",
              "public_transport:version": "2",
              "ref": "15",
              "route": "tram",
              "source:interval": "https://mpk.wroc.pl/komunikat/701/2024-09-30-01092024r-zmiana-rozkladu-jazdy",
              "to": "Poświętne",
              "type": "route",
              "url": "https://www.wroclaw.pl/komunikacja/przystanek-park-poludniowy-linia-15-kierunek-poswietne-slupek-11242",
              "wheelchair": "limited"
            }
          }
        ]
      },
      "geometry": {
        "type": "Point",
        "coordinates": [
          17.0328009,
          51.0972919
        ]
      },
      "id": "node/1701711047"
    },
    {
      "type": "Feature",
      "properties": {
        "@id": "node/1701711048",
        "@relations": [
          {
            "role": "platform",
            "rel": 63491,
            "reltags": {
              "check_date": "2026-05-19",
              "from": "Poświętne",
              "interval:conditional": "12 @ (Mo-Fr 06:00-09:00,14:00-18:00); 15 @ (Mo-Fr 05:00-06:00,09:00-14:00,18:00-20:00); 20 @ (Mo-Fr 20:00-23:00,Sa-Su 05:00-23:00)",
              "name": "15: Poświętne → Park Południowy",
              "network": "Wrocław",
              "opening_hours": "Mo-Su 05:00-23:00",
              "operator": "WTr UM Wrocław",
              "public_transport:version": "2",
              "ref": "15",
              "route": "tram",
              "source:interval": "https://mpk.wroc.pl/komunikat/701/2024-09-30-01092024r-zmiana-rozkladu-jazdy",
              "to": "Park Południowy",
              "type": "route",
              "url": "https://www.wroclaw.pl/komunikacja/przystanek-poswietne-linia-15-kierunek-park-poludniowy-slupek-23022",
              "wheelchair": "limited"
            }
          }
        ]
      },
      "geometry": {
        "type": "Point",
        "coordinates": [
          17.0326427,
          51.097291
        ]
      },
      "id": "node/1701711048"
    },
    {
      "type": "Feature",
      "properties": {
        "@id": "node/1701711059",
        "@relations": [
          {
            "role": "platform",
            "rel": 2394231,
            "reltags": {
              "check_date": "2026-05-19",
              "from": "Park Południowy",
              "interval:conditional": "12 @ (Mo-Fr 06:00-09:00,14:00-18:00); 15 @ (Mo-Fr 05:00-06:00,09:00-14:00,18:00-20:00); 20 @ (Mo-Fr 20:00-23:00,Sa-Su 05:00-23:00)",
              "name": "15: Park Południowy → Poświętne",
              "network": "Wrocław",
              "opening_hours": "Mo-Su 05:00-23:00",
              "operator": "WTr UM Wrocław",
              "public_transport:version": "2",
              "ref": "15",
              "route": "tram",
              "source:interval": "https://mpk.wroc.pl/komunikat/701/2024-09-30-01092024r-zmiana-rozkladu-jazdy",
              "to": "Poświętne",
              "type": "route",
              "url": "https://www.wroclaw.pl/komunikacja/przystanek-park-poludniowy-linia-15-kierunek-poswietne-slupek-11242",
              "wheelchair": "limited"
            }
          }
        ]
      },
      "geometry": {
        "type": "Point",
        "coordinates": [
          17.0338893,
          51.0999097
        ]
      },
      "id": "node/1701711059"
    },
    {
      "type": "Feature",
      "properties": {
        "@id": "node/1701711080",
        "@relations": [
          {
            "role": "platform",
            "rel": 63491,
            "reltags": {
              "check_date": "2026-05-19",
              "from": "Poświętne",
              "interval:conditional": "12 @ (Mo-Fr 06:00-09:00,14:00-18:00); 15 @ (Mo-Fr 05:00-06:00,09:00-14:00,18:00-20:00); 20 @ (Mo-Fr 20:00-23:00,Sa-Su 05:00-23:00)",
              "name": "15: Poświętne → Park Południowy",
              "network": "Wrocław",
              "opening_hours": "Mo-Su 05:00-23:00",
              "operator": "WTr UM Wrocław",
              "public_transport:version": "2",
              "ref": "15",
              "route": "tram",
              "source:interval": "https://mpk.wroc.pl/komunikat/701/2024-09-30-01092024r-zmiana-rozkladu-jazdy",
              "to": "Park Południowy",
              "type": "route",
              "url": "https://www.wroclaw.pl/komunikacja/przystanek-poswietne-linia-15-kierunek-park-poludniowy-slupek-23022",
              "wheelchair": "limited"
            }
          }
        ]
      },
      "geometry": {
        "type": "Point",
        "coordinates": [
          17.0247618,
          51.1161025
        ]
      },
      "id": "node/1701711080"
    },
    {
      "type": "Feature",
      "properties": {
        "@id": "node/1701711599",
        "@relations": [
          {
            "role": "platform",
            "rel": 2394231,
            "reltags": {
              "check_date": "2026-05-19",
              "from": "Park Południowy",
              "interval:conditional": "12 @ (Mo-Fr 06:00-09:00,14:00-18:00); 15 @ (Mo-Fr 05:00-06:00,09:00-14:00,18:00-20:00); 20 @ (Mo-Fr 20:00-23:00,Sa-Su 05:00-23:00)",
              "name": "15: Park Południowy → Poświętne",
              "network": "Wrocław",
              "opening_hours": "Mo-Su 05:00-23:00",
              "operator": "WTr UM Wrocław",
              "public_transport:version": "2",
              "ref": "15",
              "route": "tram",
              "source:interval": "https://mpk.wroc.pl/komunikat/701/2024-09-30-01092024r-zmiana-rozkladu-jazdy",
              "to": "Poświętne",
              "type": "route",
              "url": "https://www.wroclaw.pl/komunikacja/przystanek-park-poludniowy-linia-15-kierunek-poswietne-slupek-11242",
              "wheelchair": "limited"
            }
          }
        ]
      },
      "geometry": {
        "type": "Point",
        "coordinates": [
          17.0228242,
          51.0815777
        ]
      },
      "id": "node/1701711599"
    },
    {
      "type": "Feature",
      "properties": {
        "@id": "node/1701711600",
        "@relations": [
          {
            "role": "platform",
            "rel": 63491,
            "reltags": {
              "check_date": "2026-05-19",
              "from": "Poświętne",
              "interval:conditional": "12 @ (Mo-Fr 06:00-09:00,14:00-18:00); 15 @ (Mo-Fr 05:00-06:00,09:00-14:00,18:00-20:00); 20 @ (Mo-Fr 20:00-23:00,Sa-Su 05:00-23:00)",
              "name": "15: Poświętne → Park Południowy",
              "network": "Wrocław",
              "opening_hours": "Mo-Su 05:00-23:00",
              "operator": "WTr UM Wrocław",
              "public_transport:version": "2",
              "ref": "15",
              "route": "tram",
              "source:interval": "https://mpk.wroc.pl/komunikat/701/2024-09-30-01092024r-zmiana-rozkladu-jazdy",
              "to": "Park Południowy",
              "type": "route",
              "url": "https://www.wroclaw.pl/komunikacja/przystanek-poswietne-linia-15-kierunek-park-poludniowy-slupek-23022",
              "wheelchair": "limited"
            }
          }
        ]
      },
      "geometry": {
        "type": "Point",
        "coordinates": [
          17.0226086,
          51.0815236
        ]
      },
      "id": "node/1701711600"
    },
    {
      "type": "Feature",
      "properties": {
        "@id": "node/1701712738",
        "@relations": [
          {
            "role": "platform",
            "rel": 63491,
            "reltags": {
              "check_date": "2026-05-19",
              "from": "Poświętne",
              "interval:conditional": "12 @ (Mo-Fr 06:00-09:00,14:00-18:00); 15 @ (Mo-Fr 05:00-06:00,09:00-14:00,18:00-20:00); 20 @ (Mo-Fr 20:00-23:00,Sa-Su 05:00-23:00)",
              "name": "15: Poświętne → Park Południowy",
              "network": "Wrocław",
              "opening_hours": "Mo-Su 05:00-23:00",
              "operator": "WTr UM Wrocław",
              "public_transport:version": "2",
              "ref": "15",
              "route": "tram",
              "source:interval": "https://mpk.wroc.pl/komunikat/701/2024-09-30-01092024r-zmiana-rozkladu-jazdy",
              "to": "Park Południowy",
              "type": "route",
              "url": "https://www.wroclaw.pl/komunikacja/przystanek-poswietne-linia-15-kierunek-park-poludniowy-slupek-23022",
              "wheelchair": "limited"
            }
          }
        ]
      },
      "geometry": {
        "type": "Point",
        "coordinates": [
          17.0315781,
          51.1395611
        ]
      },
      "id": "node/1701712738"
    },
    {
      "type": "Feature",
      "properties": {
        "@id": "node/1701712759",
        "@relations": [
          {
            "role": "platform",
            "rel": 2394231,
            "reltags": {
              "check_date": "2026-05-19",
              "from": "Park Południowy",
              "interval:conditional": "12 @ (Mo-Fr 06:00-09:00,14:00-18:00); 15 @ (Mo-Fr 05:00-06:00,09:00-14:00,18:00-20:00); 20 @ (Mo-Fr 20:00-23:00,Sa-Su 05:00-23:00)",
              "name": "15: Park Południowy → Poświętne",
              "network": "Wrocław",
              "opening_hours": "Mo-Su 05:00-23:00",
              "operator": "WTr UM Wrocław",
              "public_transport:version": "2",
              "ref": "15",
              "route": "tram",
              "source:interval": "https://mpk.wroc.pl/komunikat/701/2024-09-30-01092024r-zmiana-rozkladu-jazdy",
              "to": "Poświętne",
              "type": "route",
              "url": "https://www.wroclaw.pl/komunikacja/przystanek-park-poludniowy-linia-15-kierunek-poswietne-slupek-11242",
              "wheelchair": "limited"
            }
          }
        ]
      },
      "geometry": {
        "type": "Point",
        "coordinates": [
          17.0317638,
          51.1395591
        ]
      },
      "id": "node/1701712759"
    },
    {
      "type": "Feature",
      "properties": {
        "@id": "node/1701712800",
        "@relations": [
          {
            "role": "platform",
            "rel": 63491,
            "reltags": {
              "check_date": "2026-05-19",
              "from": "Poświętne",
              "interval:conditional": "12 @ (Mo-Fr 06:00-09:00,14:00-18:00); 15 @ (Mo-Fr 05:00-06:00,09:00-14:00,18:00-20:00); 20 @ (Mo-Fr 20:00-23:00,Sa-Su 05:00-23:00)",
              "name": "15: Poświętne → Park Południowy",
              "network": "Wrocław",
              "opening_hours": "Mo-Su 05:00-23:00",
              "operator": "WTr UM Wrocław",
              "public_transport:version": "2",
              "ref": "15",
              "route": "tram",
              "source:interval": "https://mpk.wroc.pl/komunikat/701/2024-09-30-01092024r-zmiana-rozkladu-jazdy",
              "to": "Park Południowy",
              "type": "route",
              "url": "https://www.wroclaw.pl/komunikacja/przystanek-poswietne-linia-15-kierunek-park-poludniowy-slupek-23022",
              "wheelchair": "limited"
            }
          }
        ]
      },
      "geometry": {
        "type": "Point",
        "coordinates": [
          17.0321451,
          51.1407533
        ]
      },
      "id": "node/1701712800"
    },
    {
      "type": "Feature",
      "properties": {
        "@id": "node/1701712810",
        "@relations": [
          {
            "role": "platform",
            "rel": 2394231,
            "reltags": {
              "check_date": "2026-05-19",
              "from": "Park Południowy",
              "interval:conditional": "12 @ (Mo-Fr 06:00-09:00,14:00-18:00); 15 @ (Mo-Fr 05:00-06:00,09:00-14:00,18:00-20:00); 20 @ (Mo-Fr 20:00-23:00,Sa-Su 05:00-23:00)",
              "name": "15: Park Południowy → Poświętne",
              "network": "Wrocław",
              "opening_hours": "Mo-Su 05:00-23:00",
              "operator": "WTr UM Wrocław",
              "public_transport:version": "2",
              "ref": "15",
              "route": "tram",
              "source:interval": "https://mpk.wroc.pl/komunikat/701/2024-09-30-01092024r-zmiana-rozkladu-jazdy",
              "to": "Poświętne",
              "type": "route",
              "url": "https://www.wroclaw.pl/komunikacja/przystanek-park-poludniowy-linia-15-kierunek-poswietne-slupek-11242",
              "wheelchair": "limited"
            }
          }
        ]
      },
      "geometry": {
        "type": "Point",
        "coordinates": [
          17.0322261,
          51.1409833
        ]
      },
      "id": "node/1701712810"
    },
    {
      "type": "Feature",
      "properties": {
        "@id": "node/1701713291",
        "@relations": [
          {
            "role": "platform",
            "rel": 2394231,
            "reltags": {
              "check_date": "2026-05-19",
              "from": "Park Południowy",
              "interval:conditional": "12 @ (Mo-Fr 06:00-09:00,14:00-18:00); 15 @ (Mo-Fr 05:00-06:00,09:00-14:00,18:00-20:00); 20 @ (Mo-Fr 20:00-23:00,Sa-Su 05:00-23:00)",
              "name": "15: Park Południowy → Poświętne",
              "network": "Wrocław",
              "opening_hours": "Mo-Su 05:00-23:00",
              "operator": "WTr UM Wrocław",
              "public_transport:version": "2",
              "ref": "15",
              "route": "tram",
              "source:interval": "https://mpk.wroc.pl/komunikat/701/2024-09-30-01092024r-zmiana-rozkladu-jazdy",
              "to": "Poświętne",
              "type": "route",
              "url": "https://www.wroclaw.pl/komunikacja/przystanek-park-poludniowy-linia-15-kierunek-poswietne-slupek-11242",
              "wheelchair": "limited"
            }
          }
        ]
      },
      "geometry": {
        "type": "Point",
        "coordinates": [
          17.0279112,
          51.1267341
        ]
      },
      "id": "node/1701713291"
    },
    {
      "type": "Feature",
      "properties": {
        "@id": "node/1701713325",
        "@relations": [
          {
            "role": "platform",
            "rel": 63491,
            "reltags": {
              "check_date": "2026-05-19",
              "from": "Poświętne",
              "interval:conditional": "12 @ (Mo-Fr 06:00-09:00,14:00-18:00); 15 @ (Mo-Fr 05:00-06:00,09:00-14:00,18:00-20:00); 20 @ (Mo-Fr 20:00-23:00,Sa-Su 05:00-23:00)",
              "name": "15: Poświętne → Park Południowy",
              "network": "Wrocław",
              "opening_hours": "Mo-Su 05:00-23:00",
              "operator": "WTr UM Wrocław",
              "public_transport:version": "2",
              "ref": "15",
              "route": "tram",
              "source:interval": "https://mpk.wroc.pl/komunikat/701/2024-09-30-01092024r-zmiana-rozkladu-jazdy",
              "to": "Park Południowy",
              "type": "route",
              "url": "https://www.wroclaw.pl/komunikacja/przystanek-poswietne-linia-15-kierunek-park-poludniowy-slupek-23022",
              "wheelchair": "limited"
            }
          }
        ]
      },
      "geometry": {
        "type": "Point",
        "coordinates": [
          17.0275869,
          51.127309
        ]
      },
      "id": "node/1701713325"
    },
    {
      "type": "Feature",
      "properties": {
        "@id": "node/1701714293",
        "@relations": [
          {
            "role": "platform",
            "rel": 63491,
            "reltags": {
              "check_date": "2026-05-19",
              "from": "Poświętne",
              "interval:conditional": "12 @ (Mo-Fr 06:00-09:00,14:00-18:00); 15 @ (Mo-Fr 05:00-06:00,09:00-14:00,18:00-20:00); 20 @ (Mo-Fr 20:00-23:00,Sa-Su 05:00-23:00)",
              "name": "15: Poświętne → Park Południowy",
              "network": "Wrocław",
              "opening_hours": "Mo-Su 05:00-23:00",
              "operator": "WTr UM Wrocław",
              "public_transport:version": "2",
              "ref": "15",
              "route": "tram",
              "source:interval": "https://mpk.wroc.pl/komunikat/701/2024-09-30-01092024r-zmiana-rozkladu-jazdy",
              "to": "Park Południowy",
              "type": "route",
              "url": "https://www.wroclaw.pl/komunikacja/przystanek-poswietne-linia-15-kierunek-park-poludniowy-slupek-23022",
              "wheelchair": "limited"
            }
          }
        ]
      },
      "geometry": {
        "type": "Point",
        "coordinates": [
          17.0310868,
          51.1442074
        ]
      },
      "id": "node/1701714293"
    },
    {
      "type": "Feature",
      "properties": {
        "@id": "node/1701714310",
        "@relations": [
          {
            "role": "platform",
            "rel": 2394231,
            "reltags": {
              "check_date": "2026-05-19",
              "from": "Park Południowy",
              "interval:conditional": "12 @ (Mo-Fr 06:00-09:00,14:00-18:00); 15 @ (Mo-Fr 05:00-06:00,09:00-14:00,18:00-20:00); 20 @ (Mo-Fr 20:00-23:00,Sa-Su 05:00-23:00)",
              "name": "15: Park Południowy → Poświętne",
              "network": "Wrocław",
              "opening_hours": "Mo-Su 05:00-23:00",
              "operator": "WTr UM Wrocław",
              "public_transport:version": "2",
              "ref": "15",
              "route": "tram",
              "source:interval": "https://mpk.wroc.pl/komunikat/701/2024-09-30-01092024r-zmiana-rozkladu-jazdy",
              "to": "Poświętne",
              "type": "route",
              "url": "https://www.wroclaw.pl/komunikacja/przystanek-park-poludniowy-linia-15-kierunek-poswietne-slupek-11242",
              "wheelchair": "limited"
            }
          }
        ]
      },
      "geometry": {
        "type": "Point",
        "coordinates": [
          17.0312403,
          51.1442228
        ]
      },
      "id": "node/1701714310"
    },
    {
      "type": "Feature",
      "properties": {
        "@id": "node/1701714498",
        "@relations": [
          {
            "role": "platform_entry_only",
            "rel": 63491,
            "reltags": {
              "check_date": "2026-05-19",
              "from": "Poświętne",
              "interval:conditional": "12 @ (Mo-Fr 06:00-09:00,14:00-18:00); 15 @ (Mo-Fr 05:00-06:00,09:00-14:00,18:00-20:00); 20 @ (Mo-Fr 20:00-23:00,Sa-Su 05:00-23:00)",
              "name": "15: Poświętne → Park Południowy",
              "network": "Wrocław",
              "opening_hours": "Mo-Su 05:00-23:00",
              "operator": "WTr UM Wrocław",
              "public_transport:version": "2",
              "ref": "15",
              "route": "tram",
              "source:interval": "https://mpk.wroc.pl/komunikat/701/2024-09-30-01092024r-zmiana-rozkladu-jazdy",
              "to": "Park Południowy",
              "type": "route",
              "url": "https://www.wroclaw.pl/komunikacja/przystanek-poswietne-linia-15-kierunek-park-poludniowy-slupek-23022",
              "wheelchair": "limited"
            }
          }
        ]
      },
      "geometry": {
        "type": "Point",
        "coordinates": [
          17.028706,
          51.1502081
        ]
      },
      "id": "node/1701714498"
    },
    {
      "type": "Feature",
      "properties": {
        "@id": "node/1701716656",
        "@relations": [
          {
            "role": "platform_entry_only",
            "rel": 2394231,
            "reltags": {
              "check_date": "2026-05-19",
              "from": "Park Południowy",
              "interval:conditional": "12 @ (Mo-Fr 06:00-09:00,14:00-18:00); 15 @ (Mo-Fr 05:00-06:00,09:00-14:00,18:00-20:00); 20 @ (Mo-Fr 20:00-23:00,Sa-Su 05:00-23:00)",
              "name": "15: Park Południowy → Poświętne",
              "network": "Wrocław",
              "opening_hours": "Mo-Su 05:00-23:00",
              "operator": "WTr UM Wrocław",
              "public_transport:version": "2",
              "ref": "15",
              "route": "tram",
              "source:interval": "https://mpk.wroc.pl/komunikat/701/2024-09-30-01092024r-zmiana-rozkladu-jazdy",
              "to": "Poświętne",
              "type": "route",
              "url": "https://www.wroclaw.pl/komunikacja/przystanek-park-poludniowy-linia-15-kierunek-poswietne-slupek-11242",
              "wheelchair": "limited"
            }
          }
        ]
      },
      "geometry": {
        "type": "Point",
        "coordinates": [
          17.0144839,
          51.0726761
        ]
      },
      "id": "node/1701716656"
    },
    {
      "type": "Feature",
      "properties": {
        "@id": "node/1701716992",
        "@relations": [
          {
            "role": "platform",
            "rel": 2394231,
            "reltags": {
              "check_date": "2026-05-19",
              "from": "Park Południowy",
              "interval:conditional": "12 @ (Mo-Fr 06:00-09:00,14:00-18:00); 15 @ (Mo-Fr 05:00-06:00,09:00-14:00,18:00-20:00); 20 @ (Mo-Fr 20:00-23:00,Sa-Su 05:00-23:00)",
              "name": "15: Park Południowy → Poświętne",
              "network": "Wrocław",
              "opening_hours": "Mo-Su 05:00-23:00",
              "operator": "WTr UM Wrocław",
              "public_transport:version": "2",
              "ref": "15",
              "route": "tram",
              "source:interval": "https://mpk.wroc.pl/komunikat/701/2024-09-30-01092024r-zmiana-rozkladu-jazdy",
              "to": "Poświętne",
              "type": "route",
              "url": "https://www.wroclaw.pl/komunikacja/przystanek-park-poludniowy-linia-15-kierunek-poswietne-slupek-11242",
              "wheelchair": "limited"
            }
          }
        ]
      },
      "geometry": {
        "type": "Point",
        "coordinates": [
          17.0307755,
          51.122081
        ]
      },
      "id": "node/1701716992"
    },
    {
      "type": "Feature",
      "properties": {
        "@id": "node/1701716997",
        "@relations": [
          {
            "role": "platform",
            "rel": 63491,
            "reltags": {
              "check_date": "2026-05-19",
              "from": "Poświętne",
              "interval:conditional": "12 @ (Mo-Fr 06:00-09:00,14:00-18:00); 15 @ (Mo-Fr 05:00-06:00,09:00-14:00,18:00-20:00); 20 @ (Mo-Fr 20:00-23:00,Sa-Su 05:00-23:00)",
              "name": "15: Poświętne → Park Południowy",
              "network": "Wrocław",
              "opening_hours": "Mo-Su 05:00-23:00",
              "operator": "WTr UM Wrocław",
              "public_transport:version": "2",
              "ref": "15",
              "route": "tram",
              "source:interval": "https://mpk.wroc.pl/komunikat/701/2024-09-30-01092024r-zmiana-rozkladu-jazdy",
              "to": "Park Południowy",
              "type": "route",
              "url": "https://www.wroclaw.pl/komunikacja/przystanek-poswietne-linia-15-kierunek-park-poludniowy-slupek-23022",
              "wheelchair": "limited"
            }
          }
        ]
      },
      "geometry": {
        "type": "Point",
        "coordinates": [
          17.0305836,
          51.1218395
        ]
      },
      "id": "node/1701716997"
    },
    {
      "type": "Feature",
      "properties": {
        "@id": "node/1701717239",
        "@relations": [
          {
            "role": "platform",
            "rel": 2394231,
            "reltags": {
              "check_date": "2026-05-19",
              "from": "Park Południowy",
              "interval:conditional": "12 @ (Mo-Fr 06:00-09:00,14:00-18:00); 15 @ (Mo-Fr 05:00-06:00,09:00-14:00,18:00-20:00); 20 @ (Mo-Fr 20:00-23:00,Sa-Su 05:00-23:00)",
              "name": "15: Park Południowy → Poświętne",
              "network": "Wrocław",
              "opening_hours": "Mo-Su 05:00-23:00",
              "operator": "WTr UM Wrocław",
              "public_transport:version": "2",
              "ref": "15",
              "route": "tram",
              "source:interval": "https://mpk.wroc.pl/komunikat/701/2024-09-30-01092024r-zmiana-rozkladu-jazdy",
              "to": "Poświętne",
              "type": "route",
              "url": "https://www.wroclaw.pl/komunikacja/przystanek-park-poludniowy-linia-15-kierunek-poswietne-slupek-11242",
              "wheelchair": "limited"
            }
          }
        ]
      },
      "geometry": {
        "type": "Point",
        "coordinates": [
          17.0157236,
          51.0739425
        ]
      },
      "id": "node/1701717239"
    },
    {
      "type": "Feature",
      "properties": {
        "@id": "node/1701717246",
        "@relations": [
          {
            "role": "platform",
            "rel": 63491,
            "reltags": {
              "check_date": "2026-05-19",
              "from": "Poświętne",
              "interval:conditional": "12 @ (Mo-Fr 06:00-09:00,14:00-18:00); 15 @ (Mo-Fr 05:00-06:00,09:00-14:00,18:00-20:00); 20 @ (Mo-Fr 20:00-23:00,Sa-Su 05:00-23:00)",
              "name": "15: Poświętne → Park Południowy",
              "network": "Wrocław",
              "opening_hours": "Mo-Su 05:00-23:00",
              "operator": "WTr UM Wrocław",
              "public_transport:version": "2",
              "ref": "15",
              "route": "tram",
              "source:interval": "https://mpk.wroc.pl/komunikat/701/2024-09-30-01092024r-zmiana-rozkladu-jazdy",
              "to": "Park Południowy",
              "type": "route",
              "url": "https://www.wroclaw.pl/komunikacja/przystanek-poswietne-linia-15-kierunek-park-poludniowy-slupek-23022",
              "wheelchair": "limited"
            }
          }
        ]
      },
      "geometry": {
        "type": "Point",
        "coordinates": [
          17.0159105,
          51.074307
        ]
      },
      "id": "node/1701717246"
    },
    {
      "type": "Feature",
      "properties": {
        "@id": "node/1701717675",
        "@relations": [
          {
            "role": "platform",
            "rel": 2394231,
            "reltags": {
              "check_date": "2026-05-19",
              "from": "Park Południowy",
              "interval:conditional": "12 @ (Mo-Fr 06:00-09:00,14:00-18:00); 15 @ (Mo-Fr 05:00-06:00,09:00-14:00,18:00-20:00); 20 @ (Mo-Fr 20:00-23:00,Sa-Su 05:00-23:00)",
              "name": "15: Park Południowy → Poświętne",
              "network": "Wrocław",
              "opening_hours": "Mo-Su 05:00-23:00",
              "operator": "WTr UM Wrocław",
              "public_transport:version": "2",
              "ref": "15",
              "route": "tram",
              "source:interval": "https://mpk.wroc.pl/komunikat/701/2024-09-30-01092024r-zmiana-rozkladu-jazdy",
              "to": "Poświętne",
              "type": "route",
              "url": "https://www.wroclaw.pl/komunikacja/przystanek-park-poludniowy-linia-15-kierunek-poswietne-slupek-11242",
              "wheelchair": "limited"
            }
          }
        ]
      },
      "geometry": {
        "type": "Point",
        "coordinates": [
          17.0310065,
          51.1178972
        ]
      },
      "id": "node/1701717675"
    },
    {
      "type": "Feature",
      "properties": {
        "@id": "node/1701717711",
        "@relations": [
          {
            "role": "platform",
            "rel": 63491,
            "reltags": {
              "check_date": "2026-05-19",
              "from": "Poświętne",
              "interval:conditional": "12 @ (Mo-Fr 06:00-09:00,14:00-18:00); 15 @ (Mo-Fr 05:00-06:00,09:00-14:00,18:00-20:00); 20 @ (Mo-Fr 20:00-23:00,Sa-Su 05:00-23:00)",
              "name": "15: Poświętne → Park Południowy",
              "network": "Wrocław",
              "opening_hours": "Mo-Su 05:00-23:00",
              "operator": "WTr UM Wrocław",
              "public_transport:version": "2",
              "ref": "15",
              "route": "tram",
              "source:interval": "https://mpk.wroc.pl/komunikat/701/2024-09-30-01092024r-zmiana-rozkladu-jazdy",
              "to": "Park Południowy",
              "type": "route",
              "url": "https://www.wroclaw.pl/komunikacja/przystanek-poswietne-linia-15-kierunek-park-poludniowy-slupek-23022",
              "wheelchair": "limited"
            }
          }
        ]
      },
      "geometry": {
        "type": "Point",
        "coordinates": [
          17.0305648,
          51.1180624
        ]
      },
      "id": "node/1701717711"
    },
    {
      "type": "Feature",
      "properties": {
        "@id": "node/1701718383",
        "@relations": [
          {
            "role": "platform",
            "rel": 63491,
            "reltags": {
              "check_date": "2026-05-19",
              "from": "Poświętne",
              "interval:conditional": "12 @ (Mo-Fr 06:00-09:00,14:00-18:00); 15 @ (Mo-Fr 05:00-06:00,09:00-14:00,18:00-20:00); 20 @ (Mo-Fr 20:00-23:00,Sa-Su 05:00-23:00)",
              "name": "15: Poświętne → Park Południowy",
              "network": "Wrocław",
              "opening_hours": "Mo-Su 05:00-23:00",
              "operator": "WTr UM Wrocław",
              "public_transport:version": "2",
              "ref": "15",
              "route": "tram",
              "source:interval": "https://mpk.wroc.pl/komunikat/701/2024-09-30-01092024r-zmiana-rozkladu-jazdy",
              "to": "Park Południowy",
              "type": "route",
              "url": "https://www.wroclaw.pl/komunikacja/przystanek-poswietne-linia-15-kierunek-park-poludniowy-slupek-23022",
              "wheelchair": "limited"
            }
          }
        ]
      },
      "geometry": {
        "type": "Point",
        "coordinates": [
          17.0302224,
          51.0932542
        ]
      },
      "id": "node/1701718383"
    },
    {
      "type": "Feature",
      "properties": {
        "@id": "node/1701718411",
        "@relations": [
          {
            "role": "platform",
            "rel": 2394231,
            "reltags": {
              "check_date": "2026-05-19",
              "from": "Park Południowy",
              "interval:conditional": "12 @ (Mo-Fr 06:00-09:00,14:00-18:00); 15 @ (Mo-Fr 05:00-06:00,09:00-14:00,18:00-20:00); 20 @ (Mo-Fr 20:00-23:00,Sa-Su 05:00-23:00)",
              "name": "15: Park Południowy → Poświętne",
              "network": "Wrocław",
              "opening_hours": "Mo-Su 05:00-23:00",
              "operator": "WTr UM Wrocław",
              "public_transport:version": "2",
              "ref": "15",
              "route": "tram",
              "source:interval": "https://mpk.wroc.pl/komunikat/701/2024-09-30-01092024r-zmiana-rozkladu-jazdy",
              "to": "Poświętne",
              "type": "route",
              "url": "https://www.wroclaw.pl/komunikacja/przystanek-park-poludniowy-linia-15-kierunek-poswietne-slupek-11242",
              "wheelchair": "limited"
            }
          }
        ]
      },
      "geometry": {
        "type": "Point",
        "coordinates": [
          17.0303667,
          51.0932294
        ]
      },
      "id": "node/1701718411"
    },
    {
      "type": "Feature",
      "properties": {
        "@id": "node/1701721990",
        "@relations": [
          {
            "role": "platform",
            "rel": 2394231,
            "reltags": {
              "check_date": "2026-05-19",
              "from": "Park Południowy",
              "interval:conditional": "12 @ (Mo-Fr 06:00-09:00,14:00-18:00); 15 @ (Mo-Fr 05:00-06:00,09:00-14:00,18:00-20:00); 20 @ (Mo-Fr 20:00-23:00,Sa-Su 05:00-23:00)",
              "name": "15: Park Południowy → Poświętne",
              "network": "Wrocław",
              "opening_hours": "Mo-Su 05:00-23:00",
              "operator": "WTr UM Wrocław",
              "public_transport:version": "2",
              "ref": "15",
              "route": "tram",
              "source:interval": "https://mpk.wroc.pl/komunikat/701/2024-09-30-01092024r-zmiana-rozkladu-jazdy",
              "to": "Poświętne",
              "type": "route",
              "url": "https://www.wroclaw.pl/komunikacja/przystanek-park-poludniowy-linia-15-kierunek-poswietne-slupek-11242",
              "wheelchair": "limited"
            }
          }
        ]
      },
      "geometry": {
        "type": "Point",
        "coordinates": [
          17.028471,
          51.0891261
        ]
      },
      "id": "node/1701721990"
    },
    {
      "type": "Feature",
      "properties": {
        "@id": "node/1701722018",
        "@relations": [
          {
            "role": "platform",
            "rel": 63491,
            "reltags": {
              "check_date": "2026-05-19",
              "from": "Poświętne",
              "interval:conditional": "12 @ (Mo-Fr 06:00-09:00,14:00-18:00); 15 @ (Mo-Fr 05:00-06:00,09:00-14:00,18:00-20:00); 20 @ (Mo-Fr 20:00-23:00,Sa-Su 05:00-23:00)",
              "name": "15: Poświętne → Park Południowy",
              "network": "Wrocław",
              "opening_hours": "Mo-Su 05:00-23:00",
              "operator": "WTr UM Wrocław",
              "public_transport:version": "2",
              "ref": "15",
              "route": "tram",
              "source:interval": "https://mpk.wroc.pl/komunikat/701/2024-09-30-01092024r-zmiana-rozkladu-jazdy",
              "to": "Park Południowy",
              "type": "route",
              "url": "https://www.wroclaw.pl/komunikacja/przystanek-poswietne-linia-15-kierunek-park-poludniowy-slupek-23022",
              "wheelchair": "limited"
            }
          }
        ]
      },
      "geometry": {
        "type": "Point",
        "coordinates": [
          17.0286755,
          51.0898883
        ]
      },
      "id": "node/1701722018"
    },
    {
      "type": "Feature",
      "properties": {
        "@id": "node/1701722268",
        "@relations": [
          {
            "role": "platform",
            "rel": 2394231,
            "reltags": {
              "check_date": "2026-05-19",
              "from": "Park Południowy",
              "interval:conditional": "12 @ (Mo-Fr 06:00-09:00,14:00-18:00); 15 @ (Mo-Fr 05:00-06:00,09:00-14:00,18:00-20:00); 20 @ (Mo-Fr 20:00-23:00,Sa-Su 05:00-23:00)",
              "name": "15: Park Południowy → Poświętne",
              "network": "Wrocław",
              "opening_hours": "Mo-Su 05:00-23:00",
              "operator": "WTr UM Wrocław",
              "public_transport:version": "2",
              "ref": "15",
              "route": "tram",
              "source:interval": "https://mpk.wroc.pl/komunikat/701/2024-09-30-01092024r-zmiana-rozkladu-jazdy",
              "to": "Poświętne",
              "type": "route",
              "url": "https://www.wroclaw.pl/komunikacja/przystanek-park-poludniowy-linia-15-kierunek-poswietne-slupek-11242",
              "wheelchair": "limited"
            }
          }
        ]
      },
      "geometry": {
        "type": "Point",
        "coordinates": [
          17.0183387,
          51.0767718
        ]
      },
      "id": "node/1701722268"
    },
    {
      "type": "Feature",
      "properties": {
        "@id": "node/1701722298",
        "@relations": [
          {
            "role": "platform",
            "rel": 63491,
            "reltags": {
              "check_date": "2026-05-19",
              "from": "Poświętne",
              "interval:conditional": "12 @ (Mo-Fr 06:00-09:00,14:00-18:00); 15 @ (Mo-Fr 05:00-06:00,09:00-14:00,18:00-20:00); 20 @ (Mo-Fr 20:00-23:00,Sa-Su 05:00-23:00)",
              "name": "15: Poświętne → Park Południowy",
              "network": "Wrocław",
              "opening_hours": "Mo-Su 05:00-23:00",
              "operator": "WTr UM Wrocław",
              "public_transport:version": "2",
              "ref": "15",
              "route": "tram",
              "source:interval": "https://mpk.wroc.pl/komunikat/701/2024-09-30-01092024r-zmiana-rozkladu-jazdy",
              "to": "Park Południowy",
              "type": "route",
              "url": "https://www.wroclaw.pl/komunikacja/przystanek-poswietne-linia-15-kierunek-park-poludniowy-slupek-23022",
              "wheelchair": "limited"
            }
          }
        ]
      },
      "geometry": {
        "type": "Point",
        "coordinates": [
          17.018373,
          51.0769693
        ]
      },
      "id": "node/1701722298"
    },
    {
      "type": "Feature",
      "properties": {
        "@id": "node/1701722907",
        "@relations": [
          {
            "role": "platform",
            "rel": 2394231,
            "reltags": {
              "check_date": "2026-05-19",
              "from": "Park Południowy",
              "interval:conditional": "12 @ (Mo-Fr 06:00-09:00,14:00-18:00); 15 @ (Mo-Fr 05:00-06:00,09:00-14:00,18:00-20:00); 20 @ (Mo-Fr 20:00-23:00,Sa-Su 05:00-23:00)",
              "name": "15: Park Południowy → Poświętne",
              "network": "Wrocław",
              "opening_hours": "Mo-Su 05:00-23:00",
              "operator": "WTr UM Wrocław",
              "public_transport:version": "2",
              "ref": "15",
              "route": "tram",
              "source:interval": "https://mpk.wroc.pl/komunikat/701/2024-09-30-01092024r-zmiana-rozkladu-jazdy",
              "to": "Poświętne",
              "type": "route",
              "url": "https://www.wroclaw.pl/komunikacja/przystanek-park-poludniowy-linia-15-kierunek-poswietne-slupek-11242",
              "wheelchair": "limited"
            }
          }
        ]
      },
      "geometry": {
        "type": "Point",
        "coordinates": [
          17.0246696,
          51.0835121
        ]
      },
      "id": "node/1701722907"
    },
    {
      "type": "Feature",
      "properties": {
        "@id": "node/1701722936",
        "@relations": [
          {
            "role": "platform",
            "rel": 63491,
            "reltags": {
              "check_date": "2026-05-19",
              "from": "Poświętne",
              "interval:conditional": "12 @ (Mo-Fr 06:00-09:00,14:00-18:00); 15 @ (Mo-Fr 05:00-06:00,09:00-14:00,18:00-20:00); 20 @ (Mo-Fr 20:00-23:00,Sa-Su 05:00-23:00)",
              "name": "15: Poświętne → Park Południowy",
              "network": "Wrocław",
              "opening_hours": "Mo-Su 05:00-23:00",
              "operator": "WTr UM Wrocław",
              "public_transport:version": "2",
              "ref": "15",
              "route": "tram",
              "source:interval": "https://mpk.wroc.pl/komunikat/701/2024-09-30-01092024r-zmiana-rozkladu-jazdy",
              "to": "Park Południowy",
              "type": "route",
              "url": "https://www.wroclaw.pl/komunikacja/przystanek-poswietne-linia-15-kierunek-park-poludniowy-slupek-23022",
              "wheelchair": "limited"
            }
          }
        ]
      },
      "geometry": {
        "type": "Point",
        "coordinates": [
          17.0252908,
          51.0843625
        ]
      },
      "id": "node/1701722936"
    },
    {
      "type": "Feature",
      "properties": {
        "@id": "node/1701722991",
        "@relations": [
          {
            "role": "platform",
            "rel": 2394231,
            "reltags": {
              "check_date": "2026-05-19",
              "from": "Park Południowy",
              "interval:conditional": "12 @ (Mo-Fr 06:00-09:00,14:00-18:00); 15 @ (Mo-Fr 05:00-06:00,09:00-14:00,18:00-20:00); 20 @ (Mo-Fr 20:00-23:00,Sa-Su 05:00-23:00)",
              "name": "15: Park Południowy → Poświętne",
              "network": "Wrocław",
              "opening_hours": "Mo-Su 05:00-23:00",
              "operator": "WTr UM Wrocław",
              "public_transport:version": "2",
              "ref": "15",
              "route": "tram",
              "source:interval": "https://mpk.wroc.pl/komunikat/701/2024-09-30-01092024r-zmiana-rozkladu-jazdy",
              "to": "Poświętne",
              "type": "route",
              "url": "https://www.wroclaw.pl/komunikacja/przystanek-park-poludniowy-linia-15-kierunek-poswietne-slupek-11242",
              "wheelchair": "limited"
            }
          }
        ]
      },
      "geometry": {
        "type": "Point",
        "coordinates": [
          17.0302808,
          51.1473715
        ]
      },
      "id": "node/1701722991"
    },
    {
      "type": "Feature",
      "properties": {
        "@id": "node/1701722992",
        "@relations": [
          {
            "role": "platform",
            "rel": 63491,
            "reltags": {
              "check_date": "2026-05-19",
              "from": "Poświętne",
              "interval:conditional": "12 @ (Mo-Fr 06:00-09:00,14:00-18:00); 15 @ (Mo-Fr 05:00-06:00,09:00-14:00,18:00-20:00); 20 @ (Mo-Fr 20:00-23:00,Sa-Su 05:00-23:00)",
              "name": "15: Poświętne → Park Południowy",
              "network": "Wrocław",
              "opening_hours": "Mo-Su 05:00-23:00",
              "operator": "WTr UM Wrocław",
              "public_transport:version": "2",
              "ref": "15",
              "route": "tram",
              "source:interval": "https://mpk.wroc.pl/komunikat/701/2024-09-30-01092024r-zmiana-rozkladu-jazdy",
              "to": "Park Południowy",
              "type": "route",
              "url": "https://www.wroclaw.pl/komunikacja/przystanek-poswietne-linia-15-kierunek-park-poludniowy-slupek-23022",
              "wheelchair": "limited"
            }
          }
        ]
      },
      "geometry": {
        "type": "Point",
        "coordinates": [
          17.0298922,
          51.1481537
        ]
      },
      "id": "node/1701722992"
    },
    {
      "type": "Feature",
      "properties": {
        "@id": "node/1701723473",
        "@relations": [
          {
            "role": "platform",
            "rel": 2394231,
            "reltags": {
              "check_date": "2026-05-19",
              "from": "Park Południowy",
              "interval:conditional": "12 @ (Mo-Fr 06:00-09:00,14:00-18:00); 15 @ (Mo-Fr 05:00-06:00,09:00-14:00,18:00-20:00); 20 @ (Mo-Fr 20:00-23:00,Sa-Su 05:00-23:00)",
              "name": "15: Park Południowy → Poświętne",
              "network": "Wrocław",
              "opening_hours": "Mo-Su 05:00-23:00",
              "operator": "WTr UM Wrocław",
              "public_transport:version": "2",
              "ref": "15",
              "route": "tram",
              "source:interval": "https://mpk.wroc.pl/komunikat/701/2024-09-30-01092024r-zmiana-rozkladu-jazdy",
              "to": "Poświętne",
              "type": "route",
              "url": "https://www.wroclaw.pl/komunikacja/przystanek-park-poludniowy-linia-15-kierunek-poswietne-slupek-11242",
              "wheelchair": "limited"
            }
          }
        ]
      },
      "geometry": {
        "type": "Point",
        "coordinates": [
          17.0225493,
          51.1041678
        ]
      },
      "id": "node/1701723473"
    },
    {
      "type": "Feature",
      "properties": {
        "@id": "node/1701723477",
        "@relations": [
          {
            "role": "platform",
            "rel": 63491,
            "reltags": {
              "check_date": "2026-05-19",
              "from": "Poświętne",
              "interval:conditional": "12 @ (Mo-Fr 06:00-09:00,14:00-18:00); 15 @ (Mo-Fr 05:00-06:00,09:00-14:00,18:00-20:00); 20 @ (Mo-Fr 20:00-23:00,Sa-Su 05:00-23:00)",
              "name": "15: Poświętne → Park Południowy",
              "network": "Wrocław",
              "opening_hours": "Mo-Su 05:00-23:00",
              "operator": "WTr UM Wrocław",
              "public_transport:version": "2",
              "ref": "15",
              "route": "tram",
              "source:interval": "https://mpk.wroc.pl/komunikat/701/2024-09-30-01092024r-zmiana-rozkladu-jazdy",
              "to": "Park Południowy",
              "type": "route",
              "url": "https://www.wroclaw.pl/komunikacja/przystanek-poswietne-linia-15-kierunek-park-poludniowy-slupek-23022",
              "wheelchair": "limited"
            }
          }
        ]
      },
      "geometry": {
        "type": "Point",
        "coordinates": [
          17.0217335,
          51.1048596
        ]
      },
      "id": "node/1701723477"
    },
    {
      "type": "Feature",
      "properties": {
        "@id": "node/1701723492",
        "@relations": [
          {
            "role": "platform",
            "rel": 63491,
            "reltags": {
              "check_date": "2026-05-19",
              "from": "Poświętne",
              "interval:conditional": "12 @ (Mo-Fr 06:00-09:00,14:00-18:00); 15 @ (Mo-Fr 05:00-06:00,09:00-14:00,18:00-20:00); 20 @ (Mo-Fr 20:00-23:00,Sa-Su 05:00-23:00)",
              "name": "15: Poświętne → Park Południowy",
              "network": "Wrocław",
              "opening_hours": "Mo-Su 05:00-23:00",
              "operator": "WTr UM Wrocław",
              "public_transport:version": "2",
              "ref": "15",
              "route": "tram",
              "source:interval": "https://mpk.wroc.pl/komunikat/701/2024-09-30-01092024r-zmiana-rozkladu-jazdy",
              "to": "Park Południowy",
              "type": "route",
              "url": "https://www.wroclaw.pl/komunikacja/przystanek-poswietne-linia-15-kierunek-park-poludniowy-slupek-23022",
              "wheelchair": "limited"
            }
          }
        ]
      },
      "geometry": {
        "type": "Point",
        "coordinates": [
          17.0214506,
          51.1070283
        ]
      },
      "id": "node/1701723492"
    },
    {
      "type": "Feature",
      "properties": {
        "@id": "node/1701723493",
        "@relations": [
          {
            "role": "platform",
            "rel": 2394231,
            "reltags": {
              "check_date": "2026-05-19",
              "from": "Park Południowy",
              "interval:conditional": "12 @ (Mo-Fr 06:00-09:00,14:00-18:00); 15 @ (Mo-Fr 05:00-06:00,09:00-14:00,18:00-20:00); 20 @ (Mo-Fr 20:00-23:00,Sa-Su 05:00-23:00)",
              "name": "15: Park Południowy → Poświętne",
              "network": "Wrocław",
              "opening_hours": "Mo-Su 05:00-23:00",
              "operator": "WTr UM Wrocław",
              "public_transport:version": "2",
              "ref": "15",
              "route": "tram",
              "source:interval": "https://mpk.wroc.pl/komunikat/701/2024-09-30-01092024r-zmiana-rozkladu-jazdy",
              "to": "Poświętne",
              "type": "route",
              "url": "https://www.wroclaw.pl/komunikacja/przystanek-park-poludniowy-linia-15-kierunek-poswietne-slupek-11242",
              "wheelchair": "limited"
            }
          }
        ]
      },
      "geometry": {
        "type": "Point",
        "coordinates": [
          17.0215929,
          51.107324
        ]
      },
      "id": "node/1701723493"
    },
    {
      "type": "Feature",
      "properties": {
        "@id": "node/1702311443",
        "@relations": [
          {
            "role": "platform_exit_only",
            "rel": 63491,
            "reltags": {
              "check_date": "2026-05-19",
              "from": "Poświętne",
              "interval:conditional": "12 @ (Mo-Fr 06:00-09:00,14:00-18:00); 15 @ (Mo-Fr 05:00-06:00,09:00-14:00,18:00-20:00); 20 @ (Mo-Fr 20:00-23:00,Sa-Su 05:00-23:00)",
              "name": "15: Poświętne → Park Południowy",
              "network": "Wrocław",
              "opening_hours": "Mo-Su 05:00-23:00",
              "operator": "WTr UM Wrocław",
              "public_transport:version": "2",
              "ref": "15",
              "route": "tram",
              "source:interval": "https://mpk.wroc.pl/komunikat/701/2024-09-30-01092024r-zmiana-rozkladu-jazdy",
              "to": "Park Południowy",
              "type": "route",
              "url": "https://www.wroclaw.pl/komunikacja/przystanek-poswietne-linia-15-kierunek-park-poludniowy-slupek-23022",
              "wheelchair": "limited"
            }
          }
        ]
      },
      "geometry": {
        "type": "Point",
        "coordinates": [
          17.0136788,
          51.0726235
        ]
      },
      "id": "node/1702311443"
    },
    {
      "type": "Feature",
      "properties": {
        "@id": "node/1702312019",
        "@relations": [
          {
            "role": "platform_exit_only",
            "rel": 2394231,
            "reltags": {
              "check_date": "2026-05-19",
              "from": "Park Południowy",
              "interval:conditional": "12 @ (Mo-Fr 06:00-09:00,14:00-18:00); 15 @ (Mo-Fr 05:00-06:00,09:00-14:00,18:00-20:00); 20 @ (Mo-Fr 20:00-23:00,Sa-Su 05:00-23:00)",
              "name": "15: Park Południowy → Poświętne",
              "network": "Wrocław",
              "opening_hours": "Mo-Su 05:00-23:00",
              "operator": "WTr UM Wrocław",
              "public_transport:version": "2",
              "ref": "15",
              "route": "tram",
              "source:interval": "https://mpk.wroc.pl/komunikat/701/2024-09-30-01092024r-zmiana-rozkladu-jazdy",
              "to": "Poświętne",
              "type": "route",
              "url": "https://www.wroclaw.pl/komunikacja/przystanek-park-poludniowy-linia-15-kierunek-poswietne-slupek-11242",
              "wheelchair": "limited"
            }
          }
        ]
      },
      "geometry": {
        "type": "Point",
        "coordinates": [
          17.0287199,
          51.1502915
        ]
      },
      "id": "node/1702312019"
    },
    {
      "type": "Feature",
      "properties": {
        "@id": "node/1889542027",
        "@relations": [
          {
            "role": "stop",
            "rel": 63491,
            "reltags": {
              "check_date": "2026-05-19",
              "from": "Poświętne",
              "interval:conditional": "12 @ (Mo-Fr 06:00-09:00,14:00-18:00); 15 @ (Mo-Fr 05:00-06:00,09:00-14:00,18:00-20:00); 20 @ (Mo-Fr 20:00-23:00,Sa-Su 05:00-23:00)",
              "name": "15: Poświętne → Park Południowy",
              "network": "Wrocław",
              "opening_hours": "Mo-Su 05:00-23:00",
              "operator": "WTr UM Wrocław",
              "public_transport:version": "2",
              "ref": "15",
              "route": "tram",
              "source:interval": "https://mpk.wroc.pl/komunikat/701/2024-09-30-01092024r-zmiana-rozkladu-jazdy",
              "to": "Park Południowy",
              "type": "route",
              "url": "https://www.wroclaw.pl/komunikacja/przystanek-poswietne-linia-15-kierunek-park-poludniowy-slupek-23022",
              "wheelchair": "limited"
            }
          }
        ]
      },
      "geometry": {
        "type": "Point",
        "coordinates": [
          17.0306391,
          51.122042
        ]
      },
      "id": "node/1889542027"
    },
    {
      "type": "Feature",
      "properties": {
        "@id": "node/1889542029",
        "@relations": [
          {
            "role": "stop",
            "rel": 2394231,
            "reltags": {
              "check_date": "2026-05-19",
              "from": "Park Południowy",
              "interval:conditional": "12 @ (Mo-Fr 06:00-09:00,14:00-18:00); 15 @ (Mo-Fr 05:00-06:00,09:00-14:00,18:00-20:00); 20 @ (Mo-Fr 20:00-23:00,Sa-Su 05:00-23:00)",
              "name": "15: Park Południowy → Poświętne",
              "network": "Wrocław",
              "opening_hours": "Mo-Su 05:00-23:00",
              "operator": "WTr UM Wrocław",
              "public_transport:version": "2",
              "ref": "15",
              "route": "tram",
              "source:interval": "https://mpk.wroc.pl/komunikat/701/2024-09-30-01092024r-zmiana-rozkladu-jazdy",
              "to": "Poświętne",
              "type": "route",
              "url": "https://www.wroclaw.pl/komunikacja/przystanek-park-poludniowy-linia-15-kierunek-poswietne-slupek-11242",
              "wheelchair": "limited"
            }
          }
        ]
      },
      "geometry": {
        "type": "Point",
        "coordinates": [
          17.0306586,
          51.1221407
        ]
      },
      "id": "node/1889542029"
    },
    {
      "type": "Feature",
      "properties": {
        "@id": "node/1889542176",
        "@relations": [
          {
            "role": "stop",
            "rel": 2394231,
            "reltags": {
              "check_date": "2026-05-19",
              "from": "Park Południowy",
              "interval:conditional": "12 @ (Mo-Fr 06:00-09:00,14:00-18:00); 15 @ (Mo-Fr 05:00-06:00,09:00-14:00,18:00-20:00); 20 @ (Mo-Fr 20:00-23:00,Sa-Su 05:00-23:00)",
              "name": "15: Park Południowy → Poświętne",
              "network": "Wrocław",
              "opening_hours": "Mo-Su 05:00-23:00",
              "operator": "WTr UM Wrocław",
              "public_transport:version": "2",
              "ref": "15",
              "route": "tram",
              "source:interval": "https://mpk.wroc.pl/komunikat/701/2024-09-30-01092024r-zmiana-rozkladu-jazdy",
              "to": "Poświętne",
              "type": "route",
              "url": "https://www.wroclaw.pl/komunikacja/przystanek-park-poludniowy-linia-15-kierunek-poswietne-slupek-11242",
              "wheelchair": "limited"
            }
          }
        ]
      },
      "geometry": {
        "type": "Point",
        "coordinates": [
          17.0278057,
          51.126744
        ]
      },
      "id": "node/1889542176"
    },
    {
      "type": "Feature",
      "properties": {
        "@id": "node/1889542473",
        "@relations": [
          {
            "role": "stop",
            "rel": 2394231,
            "reltags": {
              "check_date": "2026-05-19",
              "from": "Park Południowy",
              "interval:conditional": "12 @ (Mo-Fr 06:00-09:00,14:00-18:00); 15 @ (Mo-Fr 05:00-06:00,09:00-14:00,18:00-20:00); 20 @ (Mo-Fr 20:00-23:00,Sa-Su 05:00-23:00)",
              "name": "15: Park Południowy → Poświętne",
              "network": "Wrocław",
              "opening_hours": "Mo-Su 05:00-23:00",
              "operator": "WTr UM Wrocław",
              "public_transport:version": "2",
              "ref": "15",
              "route": "tram",
              "source:interval": "https://mpk.wroc.pl/komunikat/701/2024-09-30-01092024r-zmiana-rozkladu-jazdy",
              "to": "Poświętne",
              "type": "route",
              "url": "https://www.wroclaw.pl/komunikacja/przystanek-park-poludniowy-linia-15-kierunek-poswietne-slupek-11242",
              "wheelchair": "limited"
            }
          }
        ]
      },
      "geometry": {
        "type": "Point",
        "coordinates": [
          17.0318068,
          51.139648
        ]
      },
      "id": "node/1889542473"
    },
    {
      "type": "Feature",
      "properties": {
        "@id": "node/1889542532",
        "@relations": [
          {
            "role": "stop",
            "rel": 2394231,
            "reltags": {
              "check_date": "2026-05-19",
              "from": "Park Południowy",
              "interval:conditional": "12 @ (Mo-Fr 06:00-09:00,14:00-18:00); 15 @ (Mo-Fr 05:00-06:00,09:00-14:00,18:00-20:00); 20 @ (Mo-Fr 20:00-23:00,Sa-Su 05:00-23:00)",
              "name": "15: Park Południowy → Poświętne",
              "network": "Wrocław",
              "opening_hours": "Mo-Su 05:00-23:00",
              "operator": "WTr UM Wrocław",
              "public_transport:version": "2",
              "ref": "15",
              "route": "tram",
              "source:interval": "https://mpk.wroc.pl/komunikat/701/2024-09-30-01092024r-zmiana-rozkladu-jazdy",
              "to": "Poświętne",
              "type": "route",
              "url": "https://www.wroclaw.pl/komunikacja/przystanek-park-poludniowy-linia-15-kierunek-poswietne-slupek-11242",
              "wheelchair": "limited"
            }
          }
        ]
      },
      "geometry": {
        "type": "Point",
        "coordinates": [
          17.0321277,
          51.1411587
        ]
      },
      "id": "node/1889542532"
    },
    {
      "type": "Feature",
      "properties": {
        "@id": "node/1895867377",
        "@relations": [
          {
            "role": "stop",
            "rel": 2394231,
            "reltags": {
              "check_date": "2026-05-19",
              "from": "Park Południowy",
              "interval:conditional": "12 @ (Mo-Fr 06:00-09:00,14:00-18:00); 15 @ (Mo-Fr 05:00-06:00,09:00-14:00,18:00-20:00); 20 @ (Mo-Fr 20:00-23:00,Sa-Su 05:00-23:00)",
              "name": "15: Park Południowy → Poświętne",
              "network": "Wrocław",
              "opening_hours": "Mo-Su 05:00-23:00",
              "operator": "WTr UM Wrocław",
              "public_transport:version": "2",
              "ref": "15",
              "route": "tram",
              "source:interval": "https://mpk.wroc.pl/komunikat/701/2024-09-30-01092024r-zmiana-rozkladu-jazdy",
              "to": "Poświętne",
              "type": "route",
              "url": "https://www.wroclaw.pl/komunikacja/przystanek-park-poludniowy-linia-15-kierunek-poswietne-slupek-11242",
              "wheelchair": "limited"
            }
          }
        ]
      },
      "geometry": {
        "type": "Point",
        "coordinates": [
          17.0298179,
          51.1371112
        ]
      },
      "id": "node/1895867377"
    },
    {
      "type": "Feature",
      "properties": {
        "@id": "node/1895868102",
        "@relations": [
          {
            "role": "stop",
            "rel": 2394231,
            "reltags": {
              "check_date": "2026-05-19",
              "from": "Park Południowy",
              "interval:conditional": "12 @ (Mo-Fr 06:00-09:00,14:00-18:00); 15 @ (Mo-Fr 05:00-06:00,09:00-14:00,18:00-20:00); 20 @ (Mo-Fr 20:00-23:00,Sa-Su 05:00-23:00)",
              "name": "15: Park Południowy → Poświętne",
              "network": "Wrocław",
              "opening_hours": "Mo-Su 05:00-23:00",
              "operator": "WTr UM Wrocław",
              "public_transport:version": "2",
              "ref": "15",
              "route": "tram",
              "source:interval": "https://mpk.wroc.pl/komunikat/701/2024-09-30-01092024r-zmiana-rozkladu-jazdy",
              "to": "Poświętne",
              "type": "route",
              "url": "https://www.wroclaw.pl/komunikacja/przystanek-park-poludniowy-linia-15-kierunek-poswietne-slupek-11242",
              "wheelchair": "limited"
            }
          }
        ]
      },
      "geometry": {
        "type": "Point",
        "coordinates": [
          17.0257761,
          51.1171873
        ]
      },
      "id": "node/1895868102"
    },
    {
      "type": "Feature",
      "properties": {
        "@id": "node/1895869425",
        "@relations": [
          {
            "role": "stop",
            "rel": 63491,
            "reltags": {
              "check_date": "2026-05-19",
              "from": "Poświętne",
              "interval:conditional": "12 @ (Mo-Fr 06:00-09:00,14:00-18:00); 15 @ (Mo-Fr 05:00-06:00,09:00-14:00,18:00-20:00); 20 @ (Mo-Fr 20:00-23:00,Sa-Su 05:00-23:00)",
              "name": "15: Poświętne → Park Południowy",
              "network": "Wrocław",
              "opening_hours": "Mo-Su 05:00-23:00",
              "operator": "WTr UM Wrocław",
              "public_transport:version": "2",
              "ref": "15",
              "route": "tram",
              "source:interval": "https://mpk.wroc.pl/komunikat/701/2024-09-30-01092024r-zmiana-rozkladu-jazdy",
              "to": "Park Południowy",
              "type": "route",
              "url": "https://www.wroclaw.pl/komunikacja/przystanek-poswietne-linia-15-kierunek-park-poludniowy-slupek-23022",
              "wheelchair": "limited"
            }
          }
        ]
      },
      "geometry": {
        "type": "Point",
        "coordinates": [
          17.0315342,
          51.1394746
        ]
      },
      "id": "node/1895869425"
    },
    {
      "type": "Feature",
      "properties": {
        "@id": "node/1895869855",
        "@relations": [
          {
            "role": "stop",
            "rel": 2394231,
            "reltags": {
              "check_date": "2026-05-19",
              "from": "Park Południowy",
              "interval:conditional": "12 @ (Mo-Fr 06:00-09:00,14:00-18:00); 15 @ (Mo-Fr 05:00-06:00,09:00-14:00,18:00-20:00); 20 @ (Mo-Fr 20:00-23:00,Sa-Su 05:00-23:00)",
              "name": "15: Park Południowy → Poświętne",
              "network": "Wrocław",
              "opening_hours": "Mo-Su 05:00-23:00",
              "operator": "WTr UM Wrocław",
              "public_transport:version": "2",
              "ref": "15",
              "route": "tram",
              "source:interval": "https://mpk.wroc.pl/komunikat/701/2024-09-30-01092024r-zmiana-rozkladu-jazdy",
              "to": "Poświętne",
              "type": "route",
              "url": "https://www.wroclaw.pl/komunikacja/przystanek-park-poludniowy-linia-15-kierunek-poswietne-slupek-11242",
              "wheelchair": "limited"
            }
          }
        ]
      },
      "geometry": {
        "type": "Point",
        "coordinates": [
          17.0311581,
          51.14434
        ]
      },
      "id": "node/1895869855"
    },
    {
      "type": "Feature",
      "properties": {
        "@id": "node/1895871476",
        "@relations": [
          {
            "role": "stop",
            "rel": 2394231,
            "reltags": {
              "check_date": "2026-05-19",
              "from": "Park Południowy",
              "interval:conditional": "12 @ (Mo-Fr 06:00-09:00,14:00-18:00); 15 @ (Mo-Fr 05:00-06:00,09:00-14:00,18:00-20:00); 20 @ (Mo-Fr 20:00-23:00,Sa-Su 05:00-23:00)",
              "name": "15: Park Południowy → Poświętne",
              "network": "Wrocław",
              "opening_hours": "Mo-Su 05:00-23:00",
              "operator": "WTr UM Wrocław",
              "public_transport:version": "2",
              "ref": "15",
              "route": "tram",
              "source:interval": "https://mpk.wroc.pl/komunikat/701/2024-09-30-01092024r-zmiana-rozkladu-jazdy",
              "to": "Poświętne",
              "type": "route",
              "url": "https://www.wroclaw.pl/komunikacja/przystanek-park-poludniowy-linia-15-kierunek-poswietne-slupek-11242",
              "wheelchair": "limited"
            }
          }
        ]
      },
      "geometry": {
        "type": "Point",
        "coordinates": [
          17.0157098,
          51.0739681
        ]
      },
      "id": "node/1895871476"
    },
    {
      "type": "Feature",
      "properties": {
        "@id": "node/1895872362",
        "@relations": [
          {
            "role": "stop",
            "rel": 2394231,
            "reltags": {
              "check_date": "2026-05-19",
              "from": "Park Południowy",
              "interval:conditional": "12 @ (Mo-Fr 06:00-09:00,14:00-18:00); 15 @ (Mo-Fr 05:00-06:00,09:00-14:00,18:00-20:00); 20 @ (Mo-Fr 20:00-23:00,Sa-Su 05:00-23:00)",
              "name": "15: Park Południowy → Poświętne",
              "network": "Wrocław",
              "opening_hours": "Mo-Su 05:00-23:00",
              "operator": "WTr UM Wrocław",
              "public_transport:version": "2",
              "ref": "15",
              "route": "tram",
              "source:interval": "https://mpk.wroc.pl/komunikat/701/2024-09-30-01092024r-zmiana-rozkladu-jazdy",
              "to": "Poświętne",
              "type": "route",
              "url": "https://www.wroclaw.pl/komunikacja/przystanek-park-poludniowy-linia-15-kierunek-poswietne-slupek-11242",
              "wheelchair": "limited"
            }
          }
        ]
      },
      "geometry": {
        "type": "Point",
        "coordinates": [
          17.0284373,
          51.0891467
        ]
      },
      "id": "node/1895872362"
    },
    {
      "type": "Feature",
      "properties": {
        "@id": "node/1895872703",
        "@relations": [
          {
            "role": "stop",
            "rel": 63491,
            "reltags": {
              "check_date": "2026-05-19",
              "from": "Poświętne",
              "interval:conditional": "12 @ (Mo-Fr 06:00-09:00,14:00-18:00); 15 @ (Mo-Fr 05:00-06:00,09:00-14:00,18:00-20:00); 20 @ (Mo-Fr 20:00-23:00,Sa-Su 05:00-23:00)",
              "name": "15: Poświętne → Park Południowy",
              "network": "Wrocław",
              "opening_hours": "Mo-Su 05:00-23:00",
              "operator": "WTr UM Wrocław",
              "public_transport:version": "2",
              "ref": "15",
              "route": "tram",
              "source:interval": "https://mpk.wroc.pl/komunikat/701/2024-09-30-01092024r-zmiana-rozkladu-jazdy",
              "to": "Park Południowy",
              "type": "route",
              "url": "https://www.wroclaw.pl/komunikacja/przystanek-poswietne-linia-15-kierunek-park-poludniowy-slupek-23022",
              "wheelchair": "limited"
            }
          }
        ]
      },
      "geometry": {
        "type": "Point",
        "coordinates": [
          17.0214905,
          51.1069092
        ]
      },
      "id": "node/1895872703"
    },
    {
      "type": "Feature",
      "properties": {
        "@id": "node/1897709143",
        "@relations": [
          {
            "role": "stop",
            "rel": 63491,
            "reltags": {
              "check_date": "2026-05-19",
              "from": "Poświętne",
              "interval:conditional": "12 @ (Mo-Fr 06:00-09:00,14:00-18:00); 15 @ (Mo-Fr 05:00-06:00,09:00-14:00,18:00-20:00); 20 @ (Mo-Fr 20:00-23:00,Sa-Su 05:00-23:00)",
              "name": "15: Poświętne → Park Południowy",
              "network": "Wrocław",
              "opening_hours": "Mo-Su 05:00-23:00",
              "operator": "WTr UM Wrocław",
              "public_transport:version": "2",
              "ref": "15",
              "route": "tram",
              "source:interval": "https://mpk.wroc.pl/komunikat/701/2024-09-30-01092024r-zmiana-rozkladu-jazdy",
              "to": "Park Południowy",
              "type": "route",
              "url": "https://www.wroclaw.pl/komunikacja/przystanek-poswietne-linia-15-kierunek-park-poludniowy-slupek-23022",
              "wheelchair": "limited"
            }
          }
        ]
      },
      "geometry": {
        "type": "Point",
        "coordinates": [
          17.0305494,
          51.1180291
        ]
      },
      "id": "node/1897709143"
    },
    {
      "type": "Feature",
      "properties": {
        "@id": "node/1897790629",
        "@relations": [
          {
            "role": "stop",
            "rel": 2394231,
            "reltags": {
              "check_date": "2026-05-19",
              "from": "Park Południowy",
              "interval:conditional": "12 @ (Mo-Fr 06:00-09:00,14:00-18:00); 15 @ (Mo-Fr 05:00-06:00,09:00-14:00,18:00-20:00); 20 @ (Mo-Fr 20:00-23:00,Sa-Su 05:00-23:00)",
              "name": "15: Park Południowy → Poświętne",
              "network": "Wrocław",
              "opening_hours": "Mo-Su 05:00-23:00",
              "operator": "WTr UM Wrocław",
              "public_transport:version": "2",
              "ref": "15",
              "route": "tram",
              "source:interval": "https://mpk.wroc.pl/komunikat/701/2024-09-30-01092024r-zmiana-rozkladu-jazdy",
              "to": "Poświętne",
              "type": "route",
              "url": "https://www.wroclaw.pl/komunikacja/przystanek-park-poludniowy-linia-15-kierunek-poswietne-slupek-11242",
              "wheelchair": "limited"
            }
          }
        ]
      },
      "geometry": {
        "type": "Point",
        "coordinates": [
          17.0223804,
          51.1042825
        ]
      },
      "id": "node/1897790629"
    },
    {
      "type": "Feature",
      "properties": {
        "@id": "node/1932325891",
        "@relations": [
          {
            "role": "stop",
            "rel": 2394231,
            "reltags": {
              "check_date": "2026-05-19",
              "from": "Park Południowy",
              "interval:conditional": "12 @ (Mo-Fr 06:00-09:00,14:00-18:00); 15 @ (Mo-Fr 05:00-06:00,09:00-14:00,18:00-20:00); 20 @ (Mo-Fr 20:00-23:00,Sa-Su 05:00-23:00)",
              "name": "15: Park Południowy → Poświętne",
              "network": "Wrocław",
              "opening_hours": "Mo-Su 05:00-23:00",
              "operator": "WTr UM Wrocław",
              "public_transport:version": "2",
              "ref": "15",
              "route": "tram",
              "source:interval": "https://mpk.wroc.pl/komunikat/701/2024-09-30-01092024r-zmiana-rozkladu-jazdy",
              "to": "Poświętne",
              "type": "route",
              "url": "https://www.wroclaw.pl/komunikacja/przystanek-park-poludniowy-linia-15-kierunek-poswietne-slupek-11242",
              "wheelchair": "limited"
            }
          }
        ]
      },
      "geometry": {
        "type": "Point",
        "coordinates": [
          17.0302082,
          51.1474597
        ]
      },
      "id": "node/1932325891"
    },
    {
      "type": "Feature",
      "properties": {
        "@id": "node/3771631191",
        "@relations": [
          {
            "role": "platform",
            "rel": 2394231,
            "reltags": {
              "check_date": "2026-05-19",
              "from": "Park Południowy",
              "interval:conditional": "12 @ (Mo-Fr 06:00-09:00,14:00-18:00); 15 @ (Mo-Fr 05:00-06:00,09:00-14:00,18:00-20:00); 20 @ (Mo-Fr 20:00-23:00,Sa-Su 05:00-23:00)",
              "name": "15: Park Południowy → Poświętne",
              "network": "Wrocław",
              "opening_hours": "Mo-Su 05:00-23:00",
              "operator": "WTr UM Wrocław",
              "public_transport:version": "2",
              "ref": "15",
              "route": "tram",
              "source:interval": "https://mpk.wroc.pl/komunikat/701/2024-09-30-01092024r-zmiana-rozkladu-jazdy",
              "to": "Poświętne",
              "type": "route",
              "url": "https://www.wroclaw.pl/komunikacja/przystanek-park-poludniowy-linia-15-kierunek-poswietne-slupek-11242",
              "wheelchair": "limited"
            }
          }
        ]
      },
      "geometry": {
        "type": "Point",
        "coordinates": [
          17.025656,
          51.1171287
        ]
      },
      "id": "node/3771631191"
    },
    {
      "type": "Feature",
      "properties": {
        "@id": "node/6086064386",
        "@relations": [
          {
            "role": "platform",
            "rel": 63491,
            "reltags": {
              "check_date": "2026-05-19",
              "from": "Poświętne",
              "interval:conditional": "12 @ (Mo-Fr 06:00-09:00,14:00-18:00); 15 @ (Mo-Fr 05:00-06:00,09:00-14:00,18:00-20:00); 20 @ (Mo-Fr 20:00-23:00,Sa-Su 05:00-23:00)",
              "name": "15: Poświętne → Park Południowy",
              "network": "Wrocław",
              "opening_hours": "Mo-Su 05:00-23:00",
              "operator": "WTr UM Wrocław",
              "public_transport:version": "2",
              "ref": "15",
              "route": "tram",
              "source:interval": "https://mpk.wroc.pl/komunikat/701/2024-09-30-01092024r-zmiana-rozkladu-jazdy",
              "to": "Park Południowy",
              "type": "route",
              "url": "https://www.wroclaw.pl/komunikacja/przystanek-poswietne-linia-15-kierunek-park-poludniowy-slupek-23022",
              "wheelchair": "limited"
            }
          }
        ]
      },
      "geometry": {
        "type": "Point",
        "coordinates": [
          17.0222165,
          51.1121247
        ]
      },
      "id": "node/6086064386"
    },
    {
      "type": "Feature",
      "properties": {
        "@id": "node/5973125354",
        "@relations": [
          {
            "role": "stop",
            "rel": 63491,
            "reltags": {
              "check_date": "2026-05-19",
              "from": "Poświętne",
              "interval:conditional": "12 @ (Mo-Fr 06:00-09:00,14:00-18:00); 15 @ (Mo-Fr 05:00-06:00,09:00-14:00,18:00-20:00); 20 @ (Mo-Fr 20:00-23:00,Sa-Su 05:00-23:00)",
              "name": "15: Poświętne → Park Południowy",
              "network": "Wrocław",
              "opening_hours": "Mo-Su 05:00-23:00",
              "operator": "WTr UM Wrocław",
              "public_transport:version": "2",
              "ref": "15",
              "route": "tram",
              "source:interval": "https://mpk.wroc.pl/komunikat/701/2024-09-30-01092024r-zmiana-rozkladu-jazdy",
              "to": "Park Południowy",
              "type": "route",
              "url": "https://www.wroclaw.pl/komunikacja/przystanek-poswietne-linia-15-kierunek-park-poludniowy-slupek-23022",
              "wheelchair": "limited"
            }
          }
        ]
      },
      "geometry": {
        "type": "Point",
        "coordinates": [
          17.0327043,
          51.097154
        ]
      },
      "id": "node/5973125354"
    },
    {
      "type": "Feature",
      "properties": {
        "@id": "node/6086059109",
        "@relations": [
          {
            "role": "platform",
            "rel": 2394231,
            "reltags": {
              "check_date": "2026-05-19",
              "from": "Park Południowy",
              "interval:conditional": "12 @ (Mo-Fr 06:00-09:00,14:00-18:00); 15 @ (Mo-Fr 05:00-06:00,09:00-14:00,18:00-20:00); 20 @ (Mo-Fr 20:00-23:00,Sa-Su 05:00-23:00)",
              "name": "15: Park Południowy → Poświętne",
              "network": "Wrocław",
              "opening_hours": "Mo-Su 05:00-23:00",
              "operator": "WTr UM Wrocław",
              "public_transport:version": "2",
              "ref": "15",
              "route": "tram",
              "source:interval": "https://mpk.wroc.pl/komunikat/701/2024-09-30-01092024r-zmiana-rozkladu-jazdy",
              "to": "Poświętne",
              "type": "route",
              "url": "https://www.wroclaw.pl/komunikacja/przystanek-park-poludniowy-linia-15-kierunek-poswietne-slupek-11242",
              "wheelchair": "limited"
            }
          }
        ]
      },
      "geometry": {
        "type": "Point",
        "coordinates": [
          17.0225471,
          51.1122375
        ]
      },
      "id": "node/6086059109"
    }
  ]
}