{
  "type": "FeatureCollection",
  "generator": "overpass-turbo",
  "copyright": "The data included in this document is from www.openstreetmap.org. The data is made available under ODbL.",
  "timestamp": "2026-06-09T19:50:15Z",
  "features": [
    {
      "type": "Feature",
      "properties": {
        "@id": "relation/9704848",
        "check_date": "2026-05-19",
        "from": "Tarnogaj",
        "interval:conditional": "12 @ (Mo-Fr 06:00-09:00,14:00-18:00); 15 @ (Mo-Fr 05:00-06:00,09:00-14:00,18:00-20:00); 20 @ (Mo-Fr 20:00-23:00,Sa-Su 05:00-23:00)",
        "name": "16: Tarnogaj → Osobowice",
        "network": "Wrocław",
        "opening_hours": "Mo-Su 05:00-23:00",
        "operator": "WTr UM Wrocław",
        "public_transport:version": "2",
        "ref": "16",
        "route": "tram",
        "source:interval": "https://mpk.wroc.pl/komunikat/701/2024-09-30-01092024r-zmiana-rozkladu-jazdy",
        "start_date": "2019-06-22",
        "to": "Osobowice",
        "type": "route",
        "url": "https://www.wroclaw.pl/komunikacja/przystanek-tarnogaj-linia-16-kierunek-osobowice-slupek-21022",
        "wheelchair": "limited"
      },
      "geometry": {
        "type": "LineString",
        "coordinates": [
          [
            17.0639848,
            51.0784707
          ],
          [
            17.063918,
            51.0784655
          ],
          [
            17.0638225,
            51.0784671
          ],
          [
            17.0637527,
            51.078476
          ],
          [
            17.0636775,
            51.0784935
          ],
          [
            17.0636679,
            51.0784971
          ],
          [
            17.0636071,
            51.0785201
          ],
          [
            17.0635355,
            51.0785614
          ],
          [
            17.0634863,
            51.0786112
          ],
          [
            17.0634606,
            51.0786372
          ],
          [
            17.0634089,
            51.078717
          ],
          [
            17.0633079,
            51.0788642
          ],
          [
            17.0631927,
            51.0790451
          ],
          [
            17.0631144,
            51.0791659
          ],
          [
            17.0630863,
            51.0792087
          ],
          [
            17.0629878,
            51.079359
          ],
          [
            17.0629043,
            51.0794978
          ],
          [
            17.0628329,
            51.0796298
          ],
          [
            17.0627572,
            51.0797838
          ],
          [
            17.0626984,
            51.0799193
          ],
          [
            17.0625833,
            51.0802061
          ],
          [
            17.0625608,
            51.0802639
          ],
          [
            17.0625569,
            51.080272
          ],
          [
            17.0625473,
            51.0802921
          ],
          [
            17.0625448,
            51.0802974
          ],
          [
            17.0625165,
            51.0803408
          ],
          [
            17.0624701,
            51.0803894
          ],
          [
            17.0624242,
            51.0804252
          ],
          [
            17.0624187,
            51.0804333
          ],
          [
            17.0623627,
            51.0804741
          ],
          [
            17.0623526,
            51.0804813
          ],
          [
            17.0623341,
            51.0804945
          ],
          [
            17.062301,
            51.0805235
          ],
          [
            17.0622566,
            51.0805731
          ],
          [
            17.0622242,
            51.0806247
          ],
          [
            17.0622194,
            51.0806375
          ],
          [
            17.0622036,
            51.0806799
          ],
          [
            17.0620495,
            51.0811382
          ],
          [
            17.0619299,
            51.081494
          ],
          [
            17.061806,
            51.0818657
          ],
          [
            17.0616934,
            51.0821967
          ],
          [
            17.0616858,
            51.0822192
          ],
          [
            17.0616272,
            51.0823921
          ],
          [
            17.0614672,
            51.0828054
          ],
          [
            17.0613769,
            51.0830356
          ],
          [
            17.0613488,
            51.0831072
          ],
          [
            17.0612647,
            51.0833216
          ],
          [
            17.0612283,
            51.0834117
          ],
          [
            17.0611922,
            51.0834769
          ],
          [
            17.0611443,
            51.0835379
          ],
          [
            17.0611382,
            51.0835457
          ],
          [
            17.0610948,
            51.0835929
          ],
          [
            17.0610833,
            51.0836054
          ],
          [
            17.0610173,
            51.0836575
          ],
          [
            17.0609513,
            51.0836952
          ],
          [
            17.060906,
            51.0837173
          ],
          [
            17.0608313,
            51.0837456
          ],
          [
            17.0607107,
            51.0837723
          ],
          [
            17.0605894,
            51.083784
          ],
          [
            17.0604357,
            51.0837794
          ],
          [
            17.0603807,
            51.083774
          ],
          [
            17.0602737,
            51.0837643
          ],
          [
            17.0595691,
            51.0836754
          ],
          [
            17.0578164,
            51.0834551
          ],
          [
            17.0556291,
            51.0831809
          ],
          [
            17.0543286,
            51.0830193
          ],
          [
            17.0542271,
            51.0830051
          ],
          [
            17.0541518,
            51.0829975
          ],
          [
            17.0538884,
            51.0829652
          ],
          [
            17.0536205,
            51.0829371
          ],
          [
            17.0535655,
            51.0829326
          ],
          [
            17.053222,
            51.0829103
          ],
          [
            17.0528709,
            51.0828964
          ],
          [
            17.0523633,
            51.0829041
          ],
          [
            17.0519051,
            51.0829208
          ],
          [
            17.0500435,
            51.0830035
          ],
          [
            17.0499748,
            51.0830066
          ],
          [
            17.0499031,
            51.0830099
          ],
          [
            17.0497565,
            51.0830146
          ],
          [
            17.0496413,
            51.0830289
          ],
          [
            17.0495936,
            51.08304
          ],
          [
            17.0495481,
            51.0830532
          ],
          [
            17.0494642,
            51.0830904
          ],
          [
            17.0494179,
            51.0831185
          ],
          [
            17.0493654,
            51.0831618
          ],
          [
            17.0493418,
            51.0831931
          ],
          [
            17.049309,
            51.0832508
          ],
          [
            17.0493062,
            51.0832553
          ],
          [
            17.0493023,
            51.0832617
          ],
          [
            17.0493011,
            51.0832658
          ],
          [
            17.0492875,
            51.0833029
          ],
          [
            17.0492464,
            51.0834019
          ],
          [
            17.0491325,
            51.0837049
          ],
          [
            17.0490257,
            51.0839901
          ],
          [
            17.0490132,
            51.0840235
          ],
          [
            17.0488534,
            51.0844559
          ],
          [
            17.0488381,
            51.0844973
          ],
          [
            17.0488227,
            51.0845386
          ],
          [
            17.04881,
            51.084571
          ],
          [
            17.0488038,
            51.084587
          ],
          [
            17.0487569,
            51.0846758
          ],
          [
            17.0486949,
            51.0847615
          ],
          [
            17.0486088,
            51.0848496
          ],
          [
            17.0484977,
            51.0849391
          ],
          [
            17.0483707,
            51.0850254
          ],
          [
            17.0480326,
            51.0852629
          ],
          [
            17.0478933,
            51.0853576
          ],
          [
            17.0478612,
            51.0853793
          ],
          [
            17.0477795,
            51.0854232
          ],
          [
            17.0476967,
            51.0854647
          ],
          [
            17.0476102,
            51.0855036
          ],
          [
            17.0475042,
            51.0855438
          ],
          [
            17.0474068,
            51.0855806
          ],
          [
            17.0473775,
            51.0855931
          ],
          [
            17.0473261,
            51.085618
          ],
          [
            17.0472658,
            51.0856527
          ],
          [
            17.0472116,
            51.085689
          ],
          [
            17.0471561,
            51.0857316
          ],
          [
            17.0471188,
            51.0857674
          ],
          [
            17.0470837,
            51.0858108
          ],
          [
            17.0470789,
            51.0858168
          ],
          [
            17.0470728,
            51.0858242
          ],
          [
            17.0470646,
            51.0858334
          ],
          [
            17.0470586,
            51.0858411
          ],
          [
            17.0470348,
            51.0858753
          ],
          [
            17.0470308,
            51.0858829
          ],
          [
            17.0469977,
            51.0859404
          ],
          [
            17.0468657,
            51.0861643
          ],
          [
            17.0468427,
            51.0862032
          ],
          [
            17.046767,
            51.0863357
          ],
          [
            17.0467171,
            51.0864188
          ],
          [
            17.0466313,
            51.0865993
          ],
          [
            17.0465942,
            51.0866708
          ],
          [
            17.0465578,
            51.0867367
          ],
          [
            17.0463489,
            51.087093
          ],
          [
            17.0461045,
            51.0875093
          ],
          [
            17.045812,
            51.0880451
          ],
          [
            17.0455725,
            51.0884943
          ],
          [
            17.0453595,
            51.0888823
          ],
          [
            17.0452426,
            51.0891039
          ],
          [
            17.0451596,
            51.0892483
          ],
          [
            17.0449388,
            51.0896509
          ],
          [
            17.0447157,
            51.0900511
          ],
          [
            17.0444326,
            51.0905606
          ],
          [
            17.044355,
            51.0907007
          ],
          [
            17.0443116,
            51.0907791
          ],
          [
            17.0442431,
            51.0909021
          ],
          [
            17.0442294,
            51.0909293
          ],
          [
            17.0441681,
            51.0910369
          ],
          [
            17.0441395,
            51.0910862
          ],
          [
            17.044103,
            51.0911417
          ],
          [
            17.0440832,
            51.09117
          ],
          [
            17.0440463,
            51.0912219
          ],
          [
            17.0440184,
            51.091264
          ],
          [
            17.0439918,
            51.0913071
          ],
          [
            17.0439738,
            51.0913385
          ],
          [
            17.0439517,
            51.0913797
          ],
          [
            17.0438948,
            51.091477
          ],
          [
            17.043626,
            51.0919504
          ],
          [
            17.0431885,
            51.0927204
          ],
          [
            17.0429939,
            51.0930629
          ],
          [
            17.0428804,
            51.0932626
          ],
          [
            17.0428554,
            51.0933072
          ],
          [
            17.0428445,
            51.0933281
          ],
          [
            17.0428346,
            51.0933493
          ],
          [
            17.0428244,
            51.0933724
          ],
          [
            17.0428165,
            51.0933933
          ],
          [
            17.0428038,
            51.0934347
          ],
          [
            17.0427939,
            51.0934788
          ],
          [
            17.0427895,
            51.0935067
          ],
          [
            17.0427863,
            51.0935411
          ],
          [
            17.0427854,
            51.0935701
          ],
          [
            17.0427859,
            51.0935906
          ],
          [
            17.0427861,
            51.0936018
          ],
          [
            17.0427881,
            51.093662
          ],
          [
            17.0427919,
            51.0937704
          ],
          [
            17.0427923,
            51.0937823
          ],
          [
            17.0427963,
            51.0939063
          ],
          [
            17.0428004,
            51.0940243
          ],
          [
            17.042803,
            51.094102
          ],
          [
            17.0428038,
            51.094141
          ],
          [
            17.0428041,
            51.09418
          ],
          [
            17.0428033,
            51.0942199
          ],
          [
            17.0428018,
            51.0942597
          ],
          [
            17.0427994,
            51.0943
          ],
          [
            17.0427957,
            51.0943397
          ],
          [
            17.04279,
            51.0943908
          ],
          [
            17.0427829,
            51.0944418
          ],
          [
            17.0427771,
            51.094476
          ],
          [
            17.0427687,
            51.0945215
          ],
          [
            17.0427536,
            51.094589
          ],
          [
            17.0427361,
            51.0946564
          ],
          [
            17.0427157,
            51.0947243
          ],
          [
            17.0426929,
            51.0947911
          ],
          [
            17.0426765,
            51.0948354
          ],
          [
            17.0426585,
            51.0948797
          ],
          [
            17.0426396,
            51.0949236
          ],
          [
            17.0426143,
            51.0949785
          ],
          [
            17.0425874,
            51.0950333
          ],
          [
            17.0425586,
            51.0950877
          ],
          [
            17.0425219,
            51.0951525
          ],
          [
            17.0424826,
            51.0952158
          ],
          [
            17.0424586,
            51.0952528
          ],
          [
            17.0424337,
            51.0952897
          ],
          [
            17.0424118,
            51.095321
          ],
          [
            17.0423892,
            51.0953522
          ],
          [
            17.0423658,
            51.0953836
          ],
          [
            17.0423344,
            51.0954241
          ],
          [
            17.0422758,
            51.0954958
          ],
          [
            17.042224,
            51.0955553
          ],
          [
            17.0421877,
            51.0955948
          ],
          [
            17.0421463,
            51.0956376
          ],
          [
            17.042083,
            51.0957012
          ],
          [
            17.0420183,
            51.095763
          ],
          [
            17.0418436,
            51.0959302
          ],
          [
            17.0416503,
            51.0961148
          ],
          [
            17.0416187,
            51.096146
          ],
          [
            17.0416093,
            51.0961556
          ],
          [
            17.0415982,
            51.0961685
          ],
          [
            17.0415872,
            51.0961815
          ],
          [
            17.0415782,
            51.0961944
          ],
          [
            17.0415706,
            51.0962069
          ],
          [
            17.0415632,
            51.0962219
          ],
          [
            17.0415562,
            51.0962396
          ],
          [
            17.0415527,
            51.0962513
          ],
          [
            17.0415502,
            51.0962647
          ],
          [
            17.0415488,
            51.0962784
          ],
          [
            17.0415482,
            51.0962919
          ],
          [
            17.041552,
            51.0963242
          ],
          [
            17.0415584,
            51.0963467
          ],
          [
            17.0415648,
            51.0963618
          ],
          [
            17.0415719,
            51.0963754
          ],
          [
            17.0415804,
            51.0963892
          ],
          [
            17.0415941,
            51.0964088
          ],
          [
            17.0416101,
            51.0964289
          ],
          [
            17.0416269,
            51.0964475
          ],
          [
            17.0416415,
            51.0964622
          ],
          [
            17.0416599,
            51.0964794
          ],
          [
            17.0417052,
            51.0965208
          ],
          [
            17.0420769,
            51.0968605
          ],
          [
            17.0424369,
            51.0971841
          ],
          [
            17.0425325,
            51.0972701
          ],
          [
            17.0428158,
            51.0975266
          ],
          [
            17.042849,
            51.0975561
          ],
          [
            17.0428821,
            51.0975856
          ],
          [
            17.0430762,
            51.0977606
          ],
          [
            17.0432334,
            51.0979013
          ],
          [
            17.0432804,
            51.0979437
          ],
          [
            17.0433228,
            51.0979792
          ],
          [
            17.0433397,
            51.0979922
          ],
          [
            17.043358,
            51.0980056
          ],
          [
            17.043385,
            51.0980251
          ],
          [
            17.0434135,
            51.0980438
          ],
          [
            17.0434726,
            51.0980805
          ],
          [
            17.0435376,
            51.0981217
          ],
          [
            17.0435962,
            51.0981639
          ],
          [
            17.043637,
            51.0981958
          ],
          [
            17.0437042,
            51.098257
          ],
          [
            17.0437434,
            51.0982923
          ],
          [
            17.0438629,
            51.0983997
          ],
          [
            17.0441838,
            51.0986908
          ],
          [
            17.0442727,
            51.0987713
          ],
          [
            17.0445099,
            51.0989741
          ],
          [
            17.0445259,
            51.0989877
          ],
          [
            17.0449661,
            51.099403
          ],
          [
            17.0450672,
            51.0994946
          ],
          [
            17.0450958,
            51.0995191
          ],
          [
            17.0451325,
            51.099564
          ],
          [
            17.0451479,
            51.099588
          ],
          [
            17.0451701,
            51.0996324
          ],
          [
            17.0451895,
            51.0996866
          ],
          [
            17.045195,
            51.0997345
          ],
          [
            17.0451955,
            51.0997785
          ],
          [
            17.0451971,
            51.0998214
          ],
          [
            17.0452028,
            51.0998493
          ],
          [
            17.0452095,
            51.0998755
          ],
          [
            17.0452258,
            51.0999174
          ],
          [
            17.0452365,
            51.0999358
          ],
          [
            17.045264,
            51.0999837
          ],
          [
            17.0453463,
            51.100133
          ],
          [
            17.0453667,
            51.100169
          ],
          [
            17.0454388,
            51.1002954
          ],
          [
            17.0455645,
            51.100516
          ],
          [
            17.045773,
            51.1008907
          ],
          [
            17.0458978,
            51.1011136
          ],
          [
            17.0461954,
            51.1016444
          ],
          [
            17.0463119,
            51.1018505
          ],
          [
            17.0464054,
            51.1020103
          ],
          [
            17.0464641,
            51.1020963
          ],
          [
            17.0465168,
            51.1021681
          ],
          [
            17.0466223,
            51.1023055
          ],
          [
            17.046808,
            51.102549
          ],
          [
            17.0471891,
            51.1030458
          ],
          [
            17.0472634,
            51.103137
          ],
          [
            17.0474268,
            51.1033319
          ],
          [
            17.0475532,
            51.1034691
          ],
          [
            17.0478027,
            51.1037434
          ],
          [
            17.0480473,
            51.104008
          ],
          [
            17.0484163,
            51.1043768
          ],
          [
            17.0484275,
            51.104388
          ],
          [
            17.0485357,
            51.1044927
          ],
          [
            17.048598,
            51.1045604
          ],
          [
            17.0486191,
            51.1045966
          ],
          [
            17.0486298,
            51.1046269
          ],
          [
            17.0486325,
            51.1046512
          ],
          [
            17.0486316,
            51.1046744
          ],
          [
            17.0486248,
            51.1047058
          ],
          [
            17.0486135,
            51.1047302
          ],
          [
            17.0486093,
            51.1047365
          ],
          [
            17.0485962,
            51.1047559
          ],
          [
            17.0485557,
            51.1047985
          ],
          [
            17.0485326,
            51.1048196
          ],
          [
            17.0485052,
            51.104844
          ],
          [
            17.0482593,
            51.1050636
          ],
          [
            17.0480962,
            51.1052067
          ],
          [
            17.0480077,
            51.1052762
          ],
          [
            17.0479456,
            51.1053221
          ],
          [
            17.0478563,
            51.1053835
          ],
          [
            17.0477445,
            51.1054484
          ],
          [
            17.0476961,
            51.1054812
          ],
          [
            17.0476663,
            51.1055043
          ],
          [
            17.0476418,
            51.1055292
          ],
          [
            17.0476181,
            51.1055575
          ],
          [
            17.0475963,
            51.1055962
          ],
          [
            17.0475934,
            51.1056062
          ],
          [
            17.047585,
            51.1056345
          ],
          [
            17.0475829,
            51.1056609
          ],
          [
            17.0475869,
            51.1056959
          ],
          [
            17.0476001,
            51.1057347
          ],
          [
            17.0476225,
            51.1057723
          ],
          [
            17.0476985,
            51.1058673
          ],
          [
            17.047819,
            51.106022
          ],
          [
            17.0478441,
            51.1060539
          ],
          [
            17.0479229,
            51.1061539
          ],
          [
            17.048016,
            51.1062731
          ],
          [
            17.048129,
            51.1064129
          ],
          [
            17.0481789,
            51.1064778
          ],
          [
            17.0482057,
            51.1065189
          ],
          [
            17.0482336,
            51.1065638
          ],
          [
            17.0482702,
            51.1066337
          ],
          [
            17.0483042,
            51.1067167
          ],
          [
            17.0483218,
            51.1067729
          ],
          [
            17.0483401,
            51.1068456
          ],
          [
            17.0483485,
            51.1069039
          ],
          [
            17.0483543,
            51.1069621
          ],
          [
            17.0483572,
            51.1070245
          ],
          [
            17.048356,
            51.1070885
          ],
          [
            17.0483455,
            51.1071641
          ],
          [
            17.0483312,
            51.107238
          ],
          [
            17.0483106,
            51.1073064
          ],
          [
            17.0482877,
            51.1073671
          ],
          [
            17.0482071,
            51.1075522
          ],
          [
            17.0481713,
            51.1076371
          ],
          [
            17.0481598,
            51.1076625
          ],
          [
            17.0481058,
            51.1077861
          ],
          [
            17.0480849,
            51.1078613
          ],
          [
            17.0480801,
            51.1079101
          ],
          [
            17.0480873,
            51.1079597
          ],
          [
            17.0481135,
            51.1080184
          ],
          [
            17.0481554,
            51.1080787
          ],
          [
            17.0482115,
            51.1081313
          ],
          [
            17.0483001,
            51.108191
          ],
          [
            17.0484822,
            51.1082633
          ],
          [
            17.0486266,
            51.1082955
          ],
          [
            17.0493878,
            51.1085024
          ],
          [
            17.0499666,
            51.1086566
          ],
          [
            17.0500603,
            51.1086827
          ],
          [
            17.0502323,
            51.108733
          ],
          [
            17.0503661,
            51.1087846
          ],
          [
            17.0504543,
            51.1088242
          ],
          [
            17.0505418,
            51.108872
          ],
          [
            17.0506346,
            51.1089254
          ],
          [
            17.0507276,
            51.1089796
          ],
          [
            17.0508179,
            51.1090286
          ],
          [
            17.0509358,
            51.1090823
          ],
          [
            17.0510508,
            51.1091226
          ],
          [
            17.0511697,
            51.1091554
          ],
          [
            17.051267,
            51.1091779
          ],
          [
            17.0517904,
            51.1092993
          ],
          [
            17.05332,
            51.1096625
          ],
          [
            17.0536747,
            51.1097455
          ],
          [
            17.0539185,
            51.1098036
          ],
          [
            17.0541998,
            51.1098654
          ],
          [
            17.0545169,
            51.1099367
          ],
          [
            17.054738,
            51.109989
          ],
          [
            17.0550378,
            51.1100591
          ],
          [
            17.055237,
            51.1101057
          ],
          [
            17.0557348,
            51.1102217
          ],
          [
            17.055963,
            51.1102757
          ],
          [
            17.0561538,
            51.1103284
          ],
          [
            17.05629,
            51.1103633
          ],
          [
            17.0566845,
            51.110476
          ],
          [
            17.0571348,
            51.1106049
          ],
          [
            17.0574091,
            51.1106841
          ],
          [
            17.0576133,
            51.1107421
          ],
          [
            17.0579316,
            51.1108334
          ],
          [
            17.0580907,
            51.1108789
          ],
          [
            17.0582737,
            51.1109315
          ],
          [
            17.0584514,
            51.110982
          ],
          [
            17.0586244,
            51.1110327
          ],
          [
            17.0586771,
            51.111047
          ],
          [
            17.0587231,
            51.1110588
          ],
          [
            17.0587623,
            51.1110683
          ],
          [
            17.0588139,
            51.1110809
          ],
          [
            17.0588507,
            51.1110902
          ],
          [
            17.0589106,
            51.1111039
          ],
          [
            17.0589716,
            51.1111186
          ],
          [
            17.0590023,
            51.1111261
          ],
          [
            17.0590302,
            51.1111341
          ],
          [
            17.0590565,
            51.1111426
          ],
          [
            17.05909,
            51.1111537
          ],
          [
            17.0591298,
            51.1111699
          ],
          [
            17.0591683,
            51.1111896
          ],
          [
            17.0591992,
            51.1112054
          ],
          [
            17.0592065,
            51.1112095
          ],
          [
            17.0592262,
            51.1112224
          ],
          [
            17.0592437,
            51.1112338
          ],
          [
            17.059273,
            51.111257
          ],
          [
            17.0593002,
            51.1112791
          ],
          [
            17.0593323,
            51.1113029
          ],
          [
            17.0593592,
            51.1113219
          ],
          [
            17.0593801,
            51.1113358
          ],
          [
            17.0593911,
            51.1113433
          ],
          [
            17.0594382,
            51.1113672
          ],
          [
            17.059475,
            51.1113859
          ],
          [
            17.0595239,
            51.1114043
          ],
          [
            17.0595644,
            51.1114174
          ],
          [
            17.0596117,
            51.1114311
          ],
          [
            17.059663,
            51.1114457
          ],
          [
            17.0597814,
            51.1114791
          ],
          [
            17.0598742,
            51.111504
          ],
          [
            17.0601935,
            51.111592
          ],
          [
            17.0604848,
            51.1116738
          ],
          [
            17.0605487,
            51.1116914
          ],
          [
            17.0606191,
            51.1117163
          ],
          [
            17.0606724,
            51.11174
          ],
          [
            17.0606891,
            51.1117491
          ],
          [
            17.0607225,
            51.1117716
          ],
          [
            17.0607433,
            51.111788
          ],
          [
            17.0607652,
            51.111807
          ],
          [
            17.060785,
            51.1118281
          ],
          [
            17.0608064,
            51.1118578
          ],
          [
            17.0608177,
            51.1118794
          ],
          [
            17.0608251,
            51.1119021
          ],
          [
            17.0608325,
            51.1119336
          ],
          [
            17.0608346,
            51.1119581
          ],
          [
            17.0608363,
            51.1119739
          ],
          [
            17.0608282,
            51.1120155
          ],
          [
            17.0607819,
            51.1121276
          ],
          [
            17.060715,
            51.1122776
          ],
          [
            17.0606605,
            51.1124042
          ],
          [
            17.0606288,
            51.1124784
          ],
          [
            17.0606058,
            51.1125355
          ],
          [
            17.0605873,
            51.1126046
          ],
          [
            17.0605715,
            51.1126768
          ],
          [
            17.0605575,
            51.1127589
          ],
          [
            17.0605265,
            51.1129363
          ],
          [
            17.0605073,
            51.113049
          ],
          [
            17.0604035,
            51.1136486
          ],
          [
            17.0603877,
            51.1137457
          ],
          [
            17.0603846,
            51.1137959
          ],
          [
            17.0603887,
            51.1138456
          ],
          [
            17.0603954,
            51.1138971
          ],
          [
            17.0604071,
            51.1139499
          ],
          [
            17.0604314,
            51.1140346
          ],
          [
            17.0605005,
            51.1142844
          ],
          [
            17.0606087,
            51.1146717
          ],
          [
            17.0606658,
            51.1148675
          ],
          [
            17.0607191,
            51.1150625
          ],
          [
            17.0608071,
            51.1154151
          ],
          [
            17.0608244,
            51.1155115
          ],
          [
            17.0608327,
            51.1155503
          ],
          [
            17.0608857,
            51.1157864
          ],
          [
            17.0608914,
            51.1158124
          ],
          [
            17.0609049,
            51.1158782
          ],
          [
            17.0609226,
            51.1159399
          ],
          [
            17.0609381,
            51.1159729
          ],
          [
            17.060952,
            51.116003
          ],
          [
            17.0609704,
            51.1160424
          ],
          [
            17.0610066,
            51.1161098
          ],
          [
            17.0610778,
            51.1162517
          ],
          [
            17.0611404,
            51.1163746
          ],
          [
            17.0612006,
            51.1164712
          ],
          [
            17.0613036,
            51.1166036
          ],
          [
            17.0613164,
            51.11662
          ],
          [
            17.0613846,
            51.1167146
          ],
          [
            17.0615052,
            51.1169195
          ],
          [
            17.0615374,
            51.1169922
          ],
          [
            17.0615398,
            51.117029
          ],
          [
            17.0615305,
            51.117074
          ],
          [
            17.0615006,
            51.1171257
          ],
          [
            17.0614658,
            51.1171595
          ],
          [
            17.0614223,
            51.1171896
          ],
          [
            17.0612826,
            51.117265
          ],
          [
            17.0610403,
            51.1173957
          ],
          [
            17.0588305,
            51.1186137
          ],
          [
            17.0572682,
            51.1194766
          ],
          [
            17.0568837,
            51.1196957
          ],
          [
            17.0566775,
            51.1198037
          ],
          [
            17.0563394,
            51.1199944
          ],
          [
            17.0561295,
            51.1201025
          ],
          [
            17.055575,
            51.1204064
          ],
          [
            17.0527021,
            51.1219886
          ],
          [
            17.0520318,
            51.1223544
          ],
          [
            17.0520046,
            51.1223677
          ],
          [
            17.0518195,
            51.1224586
          ],
          [
            17.051698,
            51.1225097
          ],
          [
            17.0515298,
            51.1225724
          ],
          [
            17.051392,
            51.122618
          ],
          [
            17.0499704,
            51.1230208
          ],
          [
            17.0498347,
            51.1230639
          ],
          [
            17.0496468,
            51.1231304
          ],
          [
            17.0489193,
            51.1234058
          ],
          [
            17.0476165,
            51.1239869
          ],
          [
            17.0473482,
            51.1240939
          ],
          [
            17.0468359,
            51.1242944
          ],
          [
            17.0465289,
            51.1243905
          ],
          [
            17.0464453,
            51.124418
          ],
          [
            17.0463106,
            51.1244624
          ],
          [
            17.0458228,
            51.1246564
          ],
          [
            17.0457951,
            51.1246683
          ],
          [
            17.0457012,
            51.1247051
          ],
          [
            17.0456338,
            51.1247239
          ],
          [
            17.0455758,
            51.1247332
          ],
          [
            17.0455345,
            51.124737
          ],
          [
            17.045483,
            51.1247345
          ],
          [
            17.0454331,
            51.1247301
          ],
          [
            17.0453908,
            51.1247213
          ],
          [
            17.0453519,
            51.1247099
          ],
          [
            17.045315,
            51.1246963
          ],
          [
            17.0452861,
            51.1246823
          ],
          [
            17.0452661,
            51.1246705
          ],
          [
            17.0452416,
            51.1246538
          ],
          [
            17.0452247,
            51.124638
          ],
          [
            17.0451778,
            51.1245873
          ],
          [
            17.0451564,
            51.1245554
          ],
          [
            17.0450557,
            51.1244075
          ],
          [
            17.0449148,
            51.1242035
          ],
          [
            17.0448367,
            51.1240898
          ],
          [
            17.0448081,
            51.1240585
          ],
          [
            17.0447778,
            51.124032
          ],
          [
            17.0447453,
            51.1240094
          ],
          [
            17.0447077,
            51.1239888
          ],
          [
            17.0446846,
            51.123979
          ],
          [
            17.0446463,
            51.1239635
          ],
          [
            17.0446063,
            51.1239507
          ],
          [
            17.0445827,
            51.1239467
          ],
          [
            17.0445333,
            51.123939
          ],
          [
            17.0444828,
            51.1239351
          ],
          [
            17.0444144,
            51.1239348
          ],
          [
            17.0442998,
            51.1239476
          ],
          [
            17.0442051,
            51.1239666
          ],
          [
            17.0439103,
            51.1240321
          ],
          [
            17.0436219,
            51.1240918
          ],
          [
            17.0435684,
            51.1241024
          ],
          [
            17.0435105,
            51.1241079
          ],
          [
            17.043446,
            51.1241106
          ],
          [
            17.0433754,
            51.1241075
          ],
          [
            17.0433032,
            51.1240979
          ],
          [
            17.0432303,
            51.1240841
          ],
          [
            17.0430845,
            51.1240598
          ],
          [
            17.0426547,
            51.1239737
          ],
          [
            17.0425927,
            51.1239617
          ],
          [
            17.042476,
            51.1239402
          ],
          [
            17.0423192,
            51.1239089
          ],
          [
            17.0416465,
            51.1237775
          ],
          [
            17.040816,
            51.1236129
          ],
          [
            17.0406393,
            51.1235786
          ],
          [
            17.040427,
            51.1235354
          ],
          [
            17.0402437,
            51.1234965
          ],
          [
            17.0393891,
            51.1233279
          ],
          [
            17.0388531,
            51.1232182
          ],
          [
            17.0386625,
            51.1231806
          ],
          [
            17.0385401,
            51.1231602
          ],
          [
            17.0384841,
            51.1231526
          ],
          [
            17.0384152,
            51.1231475
          ],
          [
            17.0383114,
            51.1231505
          ],
          [
            17.0382203,
            51.1231616
          ],
          [
            17.0381306,
            51.1231719
          ],
          [
            17.0379076,
            51.123204
          ],
          [
            17.0368116,
            51.1233531
          ],
          [
            17.0366785,
            51.1233714
          ],
          [
            17.0363104,
            51.1234218
          ],
          [
            17.036237,
            51.1234342
          ],
          [
            17.0361663,
            51.1234523
          ],
          [
            17.0361396,
            51.1234592
          ],
          [
            17.0360636,
            51.1234852
          ],
          [
            17.0359985,
            51.1235211
          ],
          [
            17.0359554,
            51.123552
          ],
          [
            17.0359161,
            51.123594
          ],
          [
            17.0358818,
            51.1236547
          ],
          [
            17.0358652,
            51.1237154
          ],
          [
            17.0358583,
            51.1237464
          ],
          [
            17.0357757,
            51.1241167
          ],
          [
            17.035755,
            51.1241759
          ],
          [
            17.0357282,
            51.1242104
          ],
          [
            17.0357079,
            51.1242291
          ],
          [
            17.0356755,
            51.1242543
          ],
          [
            17.0356323,
            51.1242792
          ],
          [
            17.0356101,
            51.124288
          ],
          [
            17.0355762,
            51.1242996
          ],
          [
            17.0355232,
            51.1243133
          ],
          [
            17.0354843,
            51.1243191
          ],
          [
            17.0354036,
            51.1243236
          ],
          [
            17.0353878,
            51.1243227
          ],
          [
            17.0351014,
            51.1242978
          ],
          [
            17.0349273,
            51.1242821
          ],
          [
            17.0348445,
            51.124275
          ],
          [
            17.0348275,
            51.124273
          ],
          [
            17.0347684,
            51.1242664
          ],
          [
            17.0346128,
            51.1242529
          ],
          [
            17.0345271,
            51.1242455
          ],
          [
            17.0344633,
            51.1242399
          ],
          [
            17.0343916,
            51.1242356
          ],
          [
            17.0343419,
            51.1242396
          ],
          [
            17.0342743,
            51.1242535
          ],
          [
            17.034231,
            51.1242664
          ],
          [
            17.034168,
            51.1242922
          ],
          [
            17.0339901,
            51.1243858
          ],
          [
            17.033909,
            51.1244283
          ],
          [
            17.0338883,
            51.1244382
          ],
          [
            17.0338269,
            51.1244686
          ],
          [
            17.0337767,
            51.1244907
          ],
          [
            17.0337151,
            51.124507
          ],
          [
            17.0336631,
            51.1245144
          ],
          [
            17.033611,
            51.1245174
          ],
          [
            17.0335794,
            51.1245178
          ],
          [
            17.0335318,
            51.1245124
          ],
          [
            17.0334782,
            51.124504
          ],
          [
            17.0334187,
            51.1244836
          ],
          [
            17.0333432,
            51.1244474
          ],
          [
            17.0332858,
            51.1244172
          ],
          [
            17.0332,
            51.1243571
          ],
          [
            17.0331379,
            51.1243162
          ],
          [
            17.0321144,
            51.1234107
          ],
          [
            17.03194,
            51.1232572
          ],
          [
            17.031767,
            51.1231043
          ],
          [
            17.0316575,
            51.1230082
          ],
          [
            17.0316247,
            51.1229797
          ],
          [
            17.0315687,
            51.1229322
          ],
          [
            17.0315124,
            51.1228994
          ],
          [
            17.031488,
            51.1228849
          ],
          [
            17.0314423,
            51.1228672
          ],
          [
            17.0313978,
            51.1228544
          ],
          [
            17.0313479,
            51.1228441
          ],
          [
            17.0313103,
            51.122839
          ],
          [
            17.0312752,
            51.122836
          ],
          [
            17.031195,
            51.1228334
          ],
          [
            17.0308166,
            51.1228314
          ],
          [
            17.0304421,
            51.1228296
          ],
          [
            17.0304064,
            51.1228319
          ],
          [
            17.0303489,
            51.1228403
          ],
          [
            17.0303023,
            51.1228514
          ],
          [
            17.0302459,
            51.1228718
          ],
          [
            17.030214,
            51.1228882
          ],
          [
            17.0301862,
            51.1229055
          ],
          [
            17.0301489,
            51.1229361
          ],
          [
            17.0301118,
            51.1229869
          ],
          [
            17.0299581,
            51.1232409
          ],
          [
            17.02982,
            51.1234712
          ],
          [
            17.02966,
            51.1237393
          ],
          [
            17.0295409,
            51.1239371
          ],
          [
            17.0294588,
            51.1240756
          ],
          [
            17.0293728,
            51.1242109
          ],
          [
            17.0292876,
            51.1243328
          ],
          [
            17.0291892,
            51.124453
          ],
          [
            17.0290685,
            51.124594
          ],
          [
            17.0289479,
            51.1247346
          ],
          [
            17.0287902,
            51.1249204
          ],
          [
            17.0286323,
            51.1251055
          ],
          [
            17.0284763,
            51.1252869
          ],
          [
            17.028294,
            51.1255014
          ],
          [
            17.0282473,
            51.1255554
          ],
          [
            17.0281637,
            51.125654
          ],
          [
            17.0280826,
            51.1257498
          ],
          [
            17.028033,
            51.1258211
          ],
          [
            17.0280025,
            51.1258694
          ],
          [
            17.0279521,
            51.125961
          ],
          [
            17.0279139,
            51.1260513
          ],
          [
            17.0278957,
            51.1261174
          ],
          [
            17.0278822,
            51.1261854
          ],
          [
            17.0278797,
            51.1262096
          ],
          [
            17.0278772,
            51.1262338
          ],
          [
            17.0278563,
            51.1264516
          ],
          [
            17.0278543,
            51.126469
          ],
          [
            17.0278447,
            51.1265522
          ],
          [
            17.0278223,
            51.1266669
          ],
          [
            17.0278057,
            51.126744
          ],
          [
            17.0277505,
            51.1270084
          ],
          [
            17.0277412,
            51.1270726
          ],
          [
            17.0277237,
            51.1272656
          ],
          [
            17.0275857,
            51.1290674
          ],
          [
            17.0275822,
            51.1292799
          ],
          [
            17.0275999,
            51.1294784
          ],
          [
            17.0276298,
            51.1296619
          ],
          [
            17.0276922,
            51.1300048
          ],
          [
            17.0277106,
            51.1301073
          ],
          [
            17.0277289,
            51.1302098
          ],
          [
            17.0277859,
            51.1305391
          ],
          [
            17.0278045,
            51.1306473
          ],
          [
            17.0281592,
            51.1327157
          ],
          [
            17.0281732,
            51.1328355
          ],
          [
            17.0281737,
            51.1328453
          ],
          [
            17.0281757,
            51.1328839
          ],
          [
            17.0281741,
            51.1329046
          ],
          [
            17.0281643,
            51.1329361
          ],
          [
            17.0281479,
            51.1329643
          ],
          [
            17.0281328,
            51.1329849
          ],
          [
            17.0281065,
            51.1330102
          ],
          [
            17.0280754,
            51.1330325
          ],
          [
            17.0280406,
            51.1330502
          ],
          [
            17.0279975,
            51.1330666
          ],
          [
            17.0279463,
            51.133083
          ],
          [
            17.0278895,
            51.1330938
          ],
          [
            17.0278113,
            51.1331032
          ],
          [
            17.0277389,
            51.1331088
          ],
          [
            17.0273951,
            51.1331266
          ],
          [
            17.0272356,
            51.1331345
          ],
          [
            17.0270648,
            51.1331354
          ],
          [
            17.0268917,
            51.133136
          ],
          [
            17.0264209,
            51.1331337
          ],
          [
            17.026188,
            51.133136
          ],
          [
            17.0259265,
            51.1331432
          ],
          [
            17.025782,
            51.1331496
          ],
          [
            17.0254138,
            51.1331709
          ],
          [
            17.0248217,
            51.1332067
          ],
          [
            17.0244606,
            51.1332261
          ],
          [
            17.0242324,
            51.1332383
          ],
          [
            17.0239685,
            51.1332491
          ],
          [
            17.0235315,
            51.1332662
          ],
          [
            17.0229041,
            51.133291
          ],
          [
            17.0226698,
            51.1333044
          ],
          [
            17.0224833,
            51.1333183
          ],
          [
            17.0223444,
            51.133334
          ],
          [
            17.0221842,
            51.1333517
          ],
          [
            17.0220023,
            51.1333767
          ],
          [
            17.021844,
            51.1334032
          ],
          [
            17.0217032,
            51.1334284
          ],
          [
            17.0215625,
            51.133456
          ],
          [
            17.0213607,
            51.1335002
          ],
          [
            17.0207565,
            51.133646
          ],
          [
            17.020638,
            51.1336754
          ],
          [
            17.0205732,
            51.1336896
          ],
          [
            17.020516,
            51.1336979
          ],
          [
            17.0204216,
            51.1337002
          ],
          [
            17.0203012,
            51.1336979
          ],
          [
            17.0202355,
            51.133695
          ],
          [
            17.0201138,
            51.133697
          ],
          [
            17.0200319,
            51.1337021
          ],
          [
            17.0194231,
            51.1337633
          ],
          [
            17.016025,
            51.1340921
          ],
          [
            17.0122921,
            51.1344587
          ],
          [
            17.0121643,
            51.1344678
          ],
          [
            17.0121009,
            51.1344723
          ],
          [
            17.0118584,
            51.1344961
          ],
          [
            17.0110208,
            51.134578
          ],
          [
            17.0105991,
            51.1346179
          ],
          [
            17.0103751,
            51.134639
          ],
          [
            17.0101911,
            51.1346629
          ],
          [
            17.0100353,
            51.1346832
          ],
          [
            17.0092051,
            51.1347708
          ],
          [
            17.0075554,
            51.1349383
          ],
          [
            17.0073189,
            51.1349605
          ],
          [
            17.007094,
            51.1349836
          ],
          [
            17.0068773,
            51.1350082
          ],
          [
            17.0066565,
            51.1350394
          ],
          [
            17.0064834,
            51.1350573
          ],
          [
            17.0055213,
            51.1351576
          ],
          [
            17.0053216,
            51.1351788
          ],
          [
            17.0052585,
            51.1351881
          ],
          [
            17.0052089,
            51.1351994
          ],
          [
            17.0051498,
            51.1352123
          ],
          [
            17.004996,
            51.1352595
          ],
          [
            17.0048867,
            51.1352964
          ],
          [
            17.0048289,
            51.1353145
          ],
          [
            17.0047539,
            51.1353296
          ],
          [
            17.004678,
            51.1353412
          ],
          [
            17.0044451,
            51.1353699
          ],
          [
            17.0041375,
            51.1354072
          ],
          [
            17.003851,
            51.1354366
          ],
          [
            17.0037335,
            51.1354495
          ],
          [
            17.0036579,
            51.1354584
          ],
          [
            17.0030467,
            51.1355152
          ],
          [
            17.0025517,
            51.1355603
          ],
          [
            17.0023778,
            51.1355773
          ],
          [
            17.0022393,
            51.1355937
          ],
          [
            17.0018843,
            51.1356475
          ],
          [
            17.0016986,
            51.1356698
          ],
          [
            17.0008602,
            51.1357486
          ],
          [
            16.9990567,
            51.135922
          ],
          [
            16.998237,
            51.1360017
          ],
          [
            16.9982018,
            51.1360031
          ],
          [
            16.9972129,
            51.136097
          ],
          [
            16.9969726,
            51.1361201
          ],
          [
            16.9968333,
            51.1361444
          ],
          [
            16.996729,
            51.1361669
          ],
          [
            16.9966244,
            51.1361954
          ],
          [
            16.9965437,
            51.1362261
          ],
          [
            16.9964799,
            51.136252
          ],
          [
            16.9962712,
            51.1363494
          ],
          [
            16.9959506,
            51.1365039
          ],
          [
            16.995307,
            51.1368185
          ],
          [
            16.9952431,
            51.1368511
          ],
          [
            16.995201,
            51.1368696
          ],
          [
            16.9951498,
            51.136898
          ],
          [
            16.995078,
            51.136941
          ],
          [
            16.9950379,
            51.1369704
          ],
          [
            16.9950018,
            51.1370025
          ],
          [
            16.9949498,
            51.1370547
          ],
          [
            16.9948702,
            51.137135
          ],
          [
            16.9948021,
            51.1372044
          ],
          [
            16.9946718,
            51.137342
          ],
          [
            16.994569,
            51.1374469
          ]
        ]
      },
      "id": "relation/9704848"
    },
    {
      "type": "Feature",
      "properties": {
        "@id": "relation/9704892",
        "check_date": "2026-05-19",
        "from": "Osobowice",
        "interval:conditional": "12 @ (Mo-Fr 06:00-09:00,14:00-18:00); 15 @ (Mo-Fr 05:00-06:00,09:00-14:00,18:00-20:00); 20 @ (Mo-Fr 20:00-23:00,Sa-Su 05:00-23:00)",
        "name": "16: Osobowice → Tarnogaj",
        "network": "Wrocław",
        "opening_hours": "Mo-Su 05:00-23:00",
        "operator": "WTr UM Wrocław",
        "public_transport:version": "2",
        "ref": "16",
        "route": "tram",
        "source:interval": "https://mpk.wroc.pl/komunikat/701/2024-09-30-01092024r-zmiana-rozkladu-jazdy",
        "start_date": "2019-06-22",
        "to": "Tarnogaj",
        "type": "route",
        "url": "https://www.wroclaw.pl/komunikacja/przystanek-osobowice-linia-16-kierunek-tarnogaj-slupek-23204",
        "wheelchair": "limited"
      },
      "geometry": {
        "type": "LineString",
        "coordinates": [
          [
            16.9941147,
            51.1373913
          ],
          [
            16.9942164,
            51.1373308
          ],
          [
            16.9942659,
            51.1373017
          ],
          [
            16.9943518,
            51.1372526
          ],
          [
            16.9945421,
            51.1371521
          ],
          [
            16.9946285,
            51.1371087
          ],
          [
            16.9947632,
            51.137041
          ],
          [
            16.9949331,
            51.1369586
          ],
          [
            16.9951285,
            51.1368644
          ],
          [
            16.9954081,
            51.1367261
          ],
          [
            16.995891,
            51.1364909
          ],
          [
            16.9961571,
            51.1363614
          ],
          [
            16.9963321,
            51.1362697
          ],
          [
            16.9964793,
            51.1362104
          ],
          [
            16.9965496,
            51.1361831
          ],
          [
            16.9966561,
            51.1361465
          ],
          [
            16.9967616,
            51.1361192
          ],
          [
            16.9968626,
            51.1360983
          ],
          [
            16.9969885,
            51.1360816
          ],
          [
            16.9972438,
            51.136056
          ],
          [
            16.9977479,
            51.1360085
          ],
          [
            16.9982226,
            51.1359631
          ],
          [
            16.9986119,
            51.1359277
          ],
          [
            16.9990559,
            51.1358869
          ],
          [
            16.9998101,
            51.1358146
          ],
          [
            17.000288,
            51.1357655
          ],
          [
            17.001511,
            51.1356519
          ],
          [
            17.001823,
            51.1356183
          ],
          [
            17.0020975,
            51.1355841
          ],
          [
            17.0022363,
            51.1355637
          ],
          [
            17.0023511,
            51.1355492
          ],
          [
            17.0024798,
            51.135537
          ],
          [
            17.0030048,
            51.1354865
          ],
          [
            17.0037742,
            51.1354156
          ],
          [
            17.0042565,
            51.1353621
          ],
          [
            17.0044806,
            51.1353348
          ],
          [
            17.0045246,
            51.135329
          ],
          [
            17.0046824,
            51.1353081
          ],
          [
            17.0047667,
            51.1352918
          ],
          [
            17.0048574,
            51.1352622
          ],
          [
            17.0049639,
            51.1352303
          ],
          [
            17.0050972,
            51.1351884
          ],
          [
            17.0052028,
            51.1351623
          ],
          [
            17.0053028,
            51.1351437
          ],
          [
            17.0055416,
            51.1351187
          ],
          [
            17.0058715,
            51.1350843
          ],
          [
            17.0061577,
            51.1350544
          ],
          [
            17.0066645,
            51.1350035
          ],
          [
            17.0068451,
            51.1349731
          ],
          [
            17.0070232,
            51.1349534
          ],
          [
            17.0076949,
            51.134886
          ],
          [
            17.0086311,
            51.1347915
          ],
          [
            17.009655,
            51.1346847
          ],
          [
            17.0099051,
            51.1346601
          ],
          [
            17.0100753,
            51.1346404
          ],
          [
            17.0101794,
            51.1346281
          ],
          [
            17.0102835,
            51.1346157
          ],
          [
            17.0108321,
            51.1345607
          ],
          [
            17.0114997,
            51.134497
          ],
          [
            17.0116164,
            51.1344859
          ],
          [
            17.01215,
            51.1344333
          ],
          [
            17.0129755,
            51.134352
          ],
          [
            17.0144603,
            51.134209
          ],
          [
            17.0158522,
            51.1340734
          ],
          [
            17.0170044,
            51.1339617
          ],
          [
            17.0182514,
            51.1338408
          ],
          [
            17.0187548,
            51.1337927
          ],
          [
            17.0192528,
            51.133744
          ],
          [
            17.0197255,
            51.1336988
          ],
          [
            17.0199194,
            51.13368
          ],
          [
            17.0200229,
            51.1336698
          ],
          [
            17.0201124,
            51.133661
          ],
          [
            17.0201968,
            51.1336605
          ],
          [
            17.0203102,
            51.1336619
          ],
          [
            17.0204449,
            51.1336616
          ],
          [
            17.0205467,
            51.1336529
          ],
          [
            17.0206634,
            51.1336384
          ],
          [
            17.0207893,
            51.1336105
          ],
          [
            17.0210995,
            51.1335356
          ],
          [
            17.0212828,
            51.1334902
          ],
          [
            17.0214976,
            51.1334414
          ],
          [
            17.0216689,
            51.1334077
          ],
          [
            17.0218466,
            51.1333746
          ],
          [
            17.0219948,
            51.1333502
          ],
          [
            17.022204,
            51.1333223
          ],
          [
            17.0224003,
            51.1333003
          ],
          [
            17.0225068,
            51.133291
          ],
          [
            17.0226494,
            51.1332782
          ],
          [
            17.0228891,
            51.1332631
          ],
          [
            17.0230502,
            51.1332578
          ],
          [
            17.0234928,
            51.133241
          ],
          [
            17.0240891,
            51.1332178
          ],
          [
            17.0242974,
            51.1332096
          ],
          [
            17.0254177,
            51.1331441
          ],
          [
            17.026039,
            51.1331064
          ],
          [
            17.0262066,
            51.1330965
          ],
          [
            17.0263251,
            51.1330976
          ],
          [
            17.0265741,
            51.1330976
          ],
          [
            17.0268306,
            51.1330988
          ],
          [
            17.0270333,
            51.1331005
          ],
          [
            17.0272074,
            51.1330994
          ],
          [
            17.027383,
            51.1330937
          ],
          [
            17.0276556,
            51.1330799
          ],
          [
            17.0277836,
            51.1330719
          ],
          [
            17.0278513,
            51.1330626
          ],
          [
            17.0279132,
            51.1330481
          ],
          [
            17.0279631,
            51.1330304
          ],
          [
            17.0279962,
            51.1330154
          ],
          [
            17.0280322,
            51.1329935
          ],
          [
            17.0280635,
            51.1329697
          ],
          [
            17.0280932,
            51.1329318
          ],
          [
            17.0281043,
            51.1329131
          ],
          [
            17.0281139,
            51.1328911
          ],
          [
            17.0281243,
            51.1328534
          ],
          [
            17.0281218,
            51.1328124
          ],
          [
            17.0281211,
            51.1328017
          ],
          [
            17.0281078,
            51.132719
          ],
          [
            17.0277427,
            51.1306519
          ],
          [
            17.0277238,
            51.1305428
          ],
          [
            17.0276673,
            51.1302131
          ],
          [
            17.0276277,
            51.1300087
          ],
          [
            17.0275713,
            51.1296629
          ],
          [
            17.0275411,
            51.1294798
          ],
          [
            17.0275227,
            51.129279
          ],
          [
            17.0275278,
            51.1290657
          ],
          [
            17.0275494,
            51.1287908
          ],
          [
            17.027619,
            51.1280285
          ],
          [
            17.027667,
            51.1275018
          ],
          [
            17.0276881,
            51.1272656
          ],
          [
            17.0276996,
            51.1271242
          ],
          [
            17.027711,
            51.1270086
          ],
          [
            17.0277559,
            51.126797
          ],
          [
            17.027787,
            51.1266547
          ],
          [
            17.0278112,
            51.126515
          ],
          [
            17.0278174,
            51.1264727
          ],
          [
            17.02782,
            51.1264545
          ],
          [
            17.0278351,
            51.1262371
          ],
          [
            17.0278369,
            51.1262127
          ],
          [
            17.0278387,
            51.1261882
          ],
          [
            17.0278579,
            51.1261003
          ],
          [
            17.0278689,
            51.1260589
          ],
          [
            17.0278971,
            51.125989
          ],
          [
            17.027941,
            51.1259005
          ],
          [
            17.0279732,
            51.1258429
          ],
          [
            17.028008,
            51.1257903
          ],
          [
            17.0280724,
            51.1257046
          ],
          [
            17.0281447,
            51.125622
          ],
          [
            17.0282678,
            51.1254761
          ],
          [
            17.0283019,
            51.1254375
          ],
          [
            17.0284457,
            51.1252679
          ],
          [
            17.0285867,
            51.1251034
          ],
          [
            17.0287535,
            51.1249071
          ],
          [
            17.0289035,
            51.1247322
          ],
          [
            17.0290109,
            51.1246061
          ],
          [
            17.0291685,
            51.124424
          ],
          [
            17.0292523,
            51.1243183
          ],
          [
            17.0292948,
            51.1242598
          ],
          [
            17.029338,
            51.1241976
          ],
          [
            17.0293791,
            51.1241307
          ],
          [
            17.0294603,
            51.1239979
          ],
          [
            17.029571,
            51.1238151
          ],
          [
            17.0296568,
            51.1236713
          ],
          [
            17.0297697,
            51.123481
          ],
          [
            17.0298706,
            51.1233142
          ],
          [
            17.0299173,
            51.1232355
          ],
          [
            17.0299632,
            51.1231596
          ],
          [
            17.0300222,
            51.123062
          ],
          [
            17.0300798,
            51.122966
          ],
          [
            17.0301123,
            51.1229212
          ],
          [
            17.0301321,
            51.1228988
          ],
          [
            17.0301975,
            51.1228543
          ],
          [
            17.0302302,
            51.12284
          ],
          [
            17.03027,
            51.1228248
          ],
          [
            17.03033,
            51.1228111
          ],
          [
            17.0303894,
            51.1228041
          ],
          [
            17.0304511,
            51.1228019
          ],
          [
            17.0305908,
            51.1228026
          ],
          [
            17.0308425,
            51.1228042
          ],
          [
            17.0310572,
            51.122806
          ],
          [
            17.0312312,
            51.1228067
          ],
          [
            17.0313061,
            51.1228101
          ],
          [
            17.0313686,
            51.1228181
          ],
          [
            17.0314101,
            51.1228255
          ],
          [
            17.0314577,
            51.1228396
          ],
          [
            17.0314948,
            51.122854
          ],
          [
            17.0315386,
            51.1228747
          ],
          [
            17.0315743,
            51.1228955
          ],
          [
            17.031607,
            51.1229199
          ],
          [
            17.0316477,
            51.1229543
          ],
          [
            17.0316874,
            51.1229876
          ],
          [
            17.0324348,
            51.1236507
          ],
          [
            17.0331925,
            51.1243042
          ],
          [
            17.0332521,
            51.1243442
          ],
          [
            17.0332851,
            51.1243672
          ],
          [
            17.033305,
            51.124381
          ],
          [
            17.0333524,
            51.1244097
          ],
          [
            17.0334438,
            51.1244524
          ],
          [
            17.0335173,
            51.1244716
          ],
          [
            17.0335674,
            51.1244774
          ],
          [
            17.0336263,
            51.1244799
          ],
          [
            17.0336813,
            51.1244751
          ],
          [
            17.0337404,
            51.1244669
          ],
          [
            17.0338027,
            51.1244449
          ],
          [
            17.0338906,
            51.1244034
          ],
          [
            17.0340047,
            51.1243439
          ],
          [
            17.0340758,
            51.1243069
          ],
          [
            17.0341413,
            51.1242731
          ],
          [
            17.0341668,
            51.1242601
          ],
          [
            17.0342678,
            51.1242251
          ],
          [
            17.0343143,
            51.1242097
          ],
          [
            17.034356,
            51.1242017
          ],
          [
            17.0344018,
            51.1242008
          ],
          [
            17.0344502,
            51.1242025
          ],
          [
            17.034578,
            51.1242143
          ],
          [
            17.0347153,
            51.1242268
          ],
          [
            17.0348233,
            51.1242359
          ],
          [
            17.0348354,
            51.1242371
          ],
          [
            17.035241,
            51.1242771
          ],
          [
            17.0352999,
            51.1242809
          ],
          [
            17.0353996,
            51.1242844
          ],
          [
            17.0354304,
            51.1242826
          ],
          [
            17.035477,
            51.1242762
          ],
          [
            17.0355146,
            51.1242677
          ],
          [
            17.0355705,
            51.1242505
          ],
          [
            17.0356246,
            51.1242234
          ],
          [
            17.0356634,
            51.1241962
          ],
          [
            17.0356846,
            51.1241744
          ],
          [
            17.0357097,
            51.1241464
          ],
          [
            17.0357308,
            51.1241065
          ],
          [
            17.0357388,
            51.1240764
          ],
          [
            17.0357687,
            51.1239431
          ],
          [
            17.0358155,
            51.1237288
          ],
          [
            17.0358305,
            51.1236636
          ],
          [
            17.0358397,
            51.1236409
          ],
          [
            17.0358426,
            51.1236338
          ],
          [
            17.0358556,
            51.1236067
          ],
          [
            17.0358967,
            51.1235532
          ],
          [
            17.0359517,
            51.1235059
          ],
          [
            17.0360037,
            51.1234748
          ],
          [
            17.0360665,
            51.1234445
          ],
          [
            17.0361254,
            51.1234272
          ],
          [
            17.0361879,
            51.1234124
          ],
          [
            17.0362742,
            51.1233999
          ],
          [
            17.0363927,
            51.1233835
          ],
          [
            17.0366492,
            51.1233493
          ],
          [
            17.0366596,
            51.1233479
          ],
          [
            17.0369057,
            51.1233151
          ],
          [
            17.037889,
            51.1231803
          ],
          [
            17.0381281,
            51.1231465
          ],
          [
            17.0382933,
            51.1231263
          ],
          [
            17.0383523,
            51.1231227
          ],
          [
            17.0384515,
            51.1231242
          ],
          [
            17.0385077,
            51.1231299
          ],
          [
            17.0385622,
            51.1231382
          ],
          [
            17.0388082,
            51.1231836
          ],
          [
            17.0391395,
            51.1232549
          ],
          [
            17.0400715,
            51.1234369
          ],
          [
            17.0404274,
            51.1235111
          ],
          [
            17.0404588,
            51.1235183
          ],
          [
            17.0410997,
            51.123647
          ],
          [
            17.0414457,
            51.123711
          ],
          [
            17.0418227,
            51.1237841
          ],
          [
            17.0424643,
            51.1239087
          ],
          [
            17.0428935,
            51.1239945
          ],
          [
            17.0429204,
            51.1239999
          ],
          [
            17.0431762,
            51.1240507
          ],
          [
            17.0432674,
            51.1240645
          ],
          [
            17.043342,
            51.1240722
          ],
          [
            17.0434288,
            51.1240752
          ],
          [
            17.0435172,
            51.1240732
          ],
          [
            17.0436083,
            51.1240622
          ],
          [
            17.0436957,
            51.1240454
          ],
          [
            17.0439195,
            51.1239993
          ],
          [
            17.0441964,
            51.1239411
          ],
          [
            17.0443113,
            51.1239172
          ],
          [
            17.0444176,
            51.1238986
          ],
          [
            17.0444725,
            51.1238905
          ],
          [
            17.044507,
            51.1238879
          ],
          [
            17.0445541,
            51.1238884
          ],
          [
            17.0445795,
            51.1238906
          ],
          [
            17.0446243,
            51.1238971
          ],
          [
            17.0446603,
            51.1239051
          ],
          [
            17.0446952,
            51.1239152
          ],
          [
            17.0447243,
            51.1239265
          ],
          [
            17.0447444,
            51.1239352
          ],
          [
            17.0447802,
            51.1239565
          ],
          [
            17.0448011,
            51.1239717
          ],
          [
            17.0448194,
            51.123987
          ],
          [
            17.0448578,
            51.1240309
          ],
          [
            17.0449264,
            51.1241289
          ],
          [
            17.0450377,
            51.1242908
          ],
          [
            17.0450974,
            51.1243772
          ],
          [
            17.0451622,
            51.1244724
          ],
          [
            17.0451972,
            51.1245236
          ],
          [
            17.0452079,
            51.1245418
          ],
          [
            17.0452516,
            51.1245907
          ],
          [
            17.045283,
            51.1246153
          ],
          [
            17.0453272,
            51.1246413
          ],
          [
            17.0453742,
            51.1246622
          ],
          [
            17.0454442,
            51.1246788
          ],
          [
            17.0455033,
            51.1246865
          ],
          [
            17.0455614,
            51.1246881
          ],
          [
            17.0456302,
            51.124684
          ],
          [
            17.0456587,
            51.1246779
          ],
          [
            17.0456916,
            51.1246693
          ],
          [
            17.0457597,
            51.124647
          ],
          [
            17.0459099,
            51.124587
          ],
          [
            17.046267,
            51.1244435
          ],
          [
            17.0464318,
            51.1243899
          ],
          [
            17.0469688,
            51.1242151
          ],
          [
            17.0476079,
            51.1239634
          ],
          [
            17.0485806,
            51.1235238
          ],
          [
            17.0488807,
            51.1233932
          ],
          [
            17.0496715,
            51.1230927
          ],
          [
            17.0500505,
            51.1229702
          ],
          [
            17.0507513,
            51.1227753
          ],
          [
            17.0512407,
            51.1226351
          ],
          [
            17.0513972,
            51.1225886
          ],
          [
            17.0515528,
            51.1225372
          ],
          [
            17.0516968,
            51.1224813
          ],
          [
            17.0518779,
            51.1223998
          ],
          [
            17.0519854,
            51.1223453
          ],
          [
            17.0520929,
            51.1222908
          ],
          [
            17.0559871,
            51.1201474
          ],
          [
            17.0563459,
            51.1199379
          ],
          [
            17.0567121,
            51.119737
          ],
          [
            17.056894,
            51.1196366
          ],
          [
            17.0571747,
            51.1194936
          ],
          [
            17.0588044,
            51.1185944
          ],
          [
            17.061261,
            51.1172439
          ],
          [
            17.0613202,
            51.1172113
          ],
          [
            17.0613841,
            51.1171728
          ],
          [
            17.0614301,
            51.1171315
          ],
          [
            17.0614618,
            51.1170886
          ],
          [
            17.0614805,
            51.1170403
          ],
          [
            17.0614835,
            51.1169944
          ],
          [
            17.0614745,
            51.116949
          ],
          [
            17.0613922,
            51.1167999
          ],
          [
            17.0613452,
            51.1167239
          ],
          [
            17.0612959,
            51.1166549
          ],
          [
            17.0612664,
            51.1166182
          ],
          [
            17.0612079,
            51.1165453
          ],
          [
            17.0611423,
            51.116452
          ],
          [
            17.0611012,
            51.1163835
          ],
          [
            17.0610025,
            51.1161871
          ],
          [
            17.0609529,
            51.1160905
          ],
          [
            17.0609012,
            51.1159911
          ],
          [
            17.0608784,
            51.1159311
          ],
          [
            17.0608646,
            51.1158802
          ],
          [
            17.0608497,
            51.1158154
          ],
          [
            17.0608442,
            51.1157902
          ],
          [
            17.0608195,
            51.1156714
          ],
          [
            17.0607875,
            51.1155261
          ],
          [
            17.0607748,
            51.1154642
          ],
          [
            17.0607405,
            51.1153175
          ],
          [
            17.0606863,
            51.1151006
          ],
          [
            17.060642,
            51.1149431
          ],
          [
            17.0606221,
            51.1148622
          ],
          [
            17.0605864,
            51.1147435
          ],
          [
            17.0605334,
            51.1145491
          ],
          [
            17.0604295,
            51.1141631
          ],
          [
            17.0603727,
            51.1139809
          ],
          [
            17.0603505,
            51.1138851
          ],
          [
            17.0603455,
            51.1138408
          ],
          [
            17.0603432,
            51.1137909
          ],
          [
            17.0603475,
            51.113726
          ],
          [
            17.0603554,
            51.1136754
          ],
          [
            17.0603767,
            51.1135561
          ],
          [
            17.0604165,
            51.1133262
          ],
          [
            17.0604866,
            51.112922
          ],
          [
            17.0604907,
            51.1128993
          ],
          [
            17.0604912,
            51.1128781
          ],
          [
            17.0605649,
            51.1124514
          ],
          [
            17.0606004,
            51.1122482
          ],
          [
            17.060612,
            51.1121777
          ],
          [
            17.060629,
            51.1121142
          ],
          [
            17.0606487,
            51.1120617
          ],
          [
            17.0606683,
            51.1120183
          ],
          [
            17.0606898,
            51.111977
          ],
          [
            17.0607302,
            51.111915
          ],
          [
            17.0607642,
            51.1118681
          ],
          [
            17.060785,
            51.1118281
          ],
          [
            17.0607921,
            51.1118126
          ],
          [
            17.0607951,
            51.1117994
          ],
          [
            17.0608,
            51.1117758
          ],
          [
            17.0607992,
            51.11176
          ],
          [
            17.0607967,
            51.1117403
          ],
          [
            17.060786,
            51.1117023
          ],
          [
            17.0607737,
            51.1116819
          ],
          [
            17.0607504,
            51.1116521
          ],
          [
            17.0607212,
            51.1116257
          ],
          [
            17.0606884,
            51.1116029
          ],
          [
            17.0606467,
            51.1115818
          ],
          [
            17.0605656,
            51.1115544
          ],
          [
            17.0602772,
            51.1114726
          ],
          [
            17.0599866,
            51.1113924
          ],
          [
            17.059709,
            51.1113148
          ],
          [
            17.0595753,
            51.1112834
          ],
          [
            17.059431,
            51.1112516
          ],
          [
            17.0589396,
            51.1111486
          ],
          [
            17.058764,
            51.1111089
          ],
          [
            17.0584397,
            51.1110191
          ],
          [
            17.0579319,
            51.110873
          ],
          [
            17.0573669,
            51.1107107
          ],
          [
            17.0568093,
            51.1105512
          ],
          [
            17.0562819,
            51.1104006
          ],
          [
            17.0559382,
            51.1103095
          ],
          [
            17.0551938,
            51.1101328
          ],
          [
            17.055018,
            51.1100919
          ],
          [
            17.0547264,
            51.1100232
          ],
          [
            17.0543965,
            51.1099445
          ],
          [
            17.0539121,
            51.1098278
          ],
          [
            17.0535817,
            51.1097495
          ],
          [
            17.0533069,
            51.109686
          ],
          [
            17.0517741,
            51.109327
          ],
          [
            17.0513885,
            51.1092351
          ],
          [
            17.0512361,
            51.1091984
          ],
          [
            17.051095,
            51.1091612
          ],
          [
            17.0509837,
            51.109134
          ],
          [
            17.0509018,
            51.1091054
          ],
          [
            17.050794,
            51.109061
          ],
          [
            17.0506904,
            51.1090084
          ],
          [
            17.0504447,
            51.1088689
          ],
          [
            17.0503532,
            51.1088225
          ],
          [
            17.0502146,
            51.1087687
          ],
          [
            17.0500295,
            51.1087148
          ],
          [
            17.0495814,
            51.1085923
          ],
          [
            17.0492349,
            51.1084993
          ],
          [
            17.0490548,
            51.1084528
          ],
          [
            17.048703,
            51.1083535
          ],
          [
            17.0485239,
            51.1083042
          ],
          [
            17.0484529,
            51.1082869
          ],
          [
            17.0483721,
            51.1082624
          ],
          [
            17.0483086,
            51.1082381
          ],
          [
            17.0482844,
            51.1082271
          ],
          [
            17.048206,
            51.1081839
          ],
          [
            17.0481555,
            51.1081493
          ],
          [
            17.0481157,
            51.1081052
          ],
          [
            17.048066,
            51.1080438
          ],
          [
            17.04804,
            51.1080027
          ],
          [
            17.0480243,
            51.1079557
          ],
          [
            17.0480151,
            51.1078839
          ],
          [
            17.048024,
            51.1078444
          ],
          [
            17.0480347,
            51.1078034
          ],
          [
            17.0480915,
            51.1076737
          ],
          [
            17.0481141,
            51.1076211
          ],
          [
            17.0481554,
            51.1075296
          ],
          [
            17.0482029,
            51.1074211
          ],
          [
            17.0482426,
            51.1073282
          ],
          [
            17.0482684,
            51.1072497
          ],
          [
            17.0482832,
            51.1071872
          ],
          [
            17.0482956,
            51.1071023
          ],
          [
            17.0482982,
            51.1070473
          ],
          [
            17.0482974,
            51.1069923
          ],
          [
            17.0482927,
            51.1069251
          ],
          [
            17.0482823,
            51.1068578
          ],
          [
            17.0482558,
            51.1067518
          ],
          [
            17.0482199,
            51.106657
          ],
          [
            17.048185,
            51.1065872
          ],
          [
            17.0481584,
            51.1065431
          ],
          [
            17.0481286,
            51.1065011
          ],
          [
            17.0480611,
            51.1064128
          ],
          [
            17.0479086,
            51.1062147
          ],
          [
            17.0478508,
            51.1061382
          ],
          [
            17.0478,
            51.1060744
          ],
          [
            17.0476616,
            51.1059021
          ],
          [
            17.0475708,
            51.1057884
          ],
          [
            17.0475458,
            51.1057483
          ],
          [
            17.0475322,
            51.1057221
          ],
          [
            17.0475304,
            51.1057081
          ],
          [
            17.0475219,
            51.1056712
          ],
          [
            17.0475243,
            51.1056319
          ],
          [
            17.0475329,
            51.1055994
          ],
          [
            17.0475559,
            51.1055582
          ],
          [
            17.0475895,
            51.1055161
          ],
          [
            17.0476282,
            51.1054854
          ],
          [
            17.0476981,
            51.1054391
          ],
          [
            17.0477603,
            51.1054039
          ],
          [
            17.0478557,
            51.1053403
          ],
          [
            17.0479631,
            51.1052665
          ],
          [
            17.0480791,
            51.1051765
          ],
          [
            17.0483376,
            51.1049505
          ],
          [
            17.0484705,
            51.10483
          ],
          [
            17.0484959,
            51.104807
          ],
          [
            17.0484985,
            51.1048043
          ],
          [
            17.0485347,
            51.1047664
          ],
          [
            17.0485533,
            51.1047399
          ],
          [
            17.048559,
            51.1047265
          ],
          [
            17.048571,
            51.1046983
          ],
          [
            17.0485723,
            51.1046791
          ],
          [
            17.0485731,
            51.1046487
          ],
          [
            17.0485631,
            51.104608
          ],
          [
            17.048547,
            51.1045783
          ],
          [
            17.0485261,
            51.1045512
          ],
          [
            17.0484838,
            51.1045067
          ],
          [
            17.0483855,
            51.1044112
          ],
          [
            17.0483699,
            51.1043955
          ],
          [
            17.0482333,
            51.1042587
          ],
          [
            17.0479743,
            51.1039993
          ],
          [
            17.0477825,
            51.1037932
          ],
          [
            17.0475064,
            51.103489
          ],
          [
            17.047253,
            51.1032024
          ],
          [
            17.0472141,
            51.1031538
          ],
          [
            17.0471249,
            51.103043
          ],
          [
            17.0466866,
            51.1024711
          ],
          [
            17.0464842,
            51.1022066
          ],
          [
            17.0464101,
            51.1021062
          ],
          [
            17.0463414,
            51.1020086
          ],
          [
            17.0462448,
            51.1018356
          ],
          [
            17.0461752,
            51.1017141
          ],
          [
            17.0460386,
            51.1014689
          ],
          [
            17.045724,
            51.1009074
          ],
          [
            17.0453878,
            51.1003076
          ],
          [
            17.0452302,
            51.1000317
          ],
          [
            17.0451833,
            51.0999489
          ],
          [
            17.0451755,
            51.0999321
          ],
          [
            17.0451582,
            51.0998913
          ],
          [
            17.0451533,
            51.0998758
          ],
          [
            17.0451467,
            51.0998442
          ],
          [
            17.0451418,
            51.0998083
          ],
          [
            17.0451426,
            51.0997313
          ],
          [
            17.0451361,
            51.0996772
          ],
          [
            17.0451145,
            51.0996204
          ],
          [
            17.0450913,
            51.0995767
          ],
          [
            17.0450425,
            51.0995173
          ],
          [
            17.0449986,
            51.0994765
          ],
          [
            17.0449749,
            51.0994544
          ],
          [
            17.0448084,
            51.0993047
          ],
          [
            17.0439205,
            51.0984973
          ],
          [
            17.0437084,
            51.0983065
          ],
          [
            17.043673,
            51.0982747
          ],
          [
            17.0436306,
            51.0982364
          ],
          [
            17.0435907,
            51.0982014
          ],
          [
            17.0435627,
            51.0981797
          ],
          [
            17.0435336,
            51.0981583
          ],
          [
            17.0435093,
            51.0981414
          ],
          [
            17.043472,
            51.0981164
          ],
          [
            17.0433846,
            51.0980626
          ],
          [
            17.0433427,
            51.0980332
          ],
          [
            17.0433066,
            51.0980072
          ],
          [
            17.0432588,
            51.0979693
          ],
          [
            17.0432313,
            51.0979453
          ],
          [
            17.0431966,
            51.097914
          ],
          [
            17.0430907,
            51.0978158
          ],
          [
            17.043076,
            51.0978036
          ],
          [
            17.0428161,
            51.097569
          ],
          [
            17.0427852,
            51.0975411
          ],
          [
            17.0424991,
            51.0972852
          ],
          [
            17.0424035,
            51.0971983
          ],
          [
            17.0420443,
            51.0968751
          ],
          [
            17.041674,
            51.0965354
          ],
          [
            17.0416494,
            51.0965128
          ],
          [
            17.0416095,
            51.0964769
          ],
          [
            17.0415704,
            51.0964415
          ],
          [
            17.0415551,
            51.0964273
          ],
          [
            17.0415398,
            51.0964116
          ],
          [
            17.0415267,
            51.0963973
          ],
          [
            17.0415145,
            51.0963818
          ],
          [
            17.041503,
            51.0963631
          ],
          [
            17.041494,
            51.0963439
          ],
          [
            17.0414879,
            51.0963222
          ],
          [
            17.0414859,
            51.096313
          ],
          [
            17.0414849,
            51.0963038
          ],
          [
            17.0414844,
            51.0962886
          ],
          [
            17.041485,
            51.0962796
          ],
          [
            17.0414867,
            51.096265
          ],
          [
            17.0414891,
            51.0962547
          ],
          [
            17.0414944,
            51.0962382
          ],
          [
            17.0414993,
            51.096227
          ],
          [
            17.0415066,
            51.0962129
          ],
          [
            17.0415161,
            51.0961986
          ],
          [
            17.0415263,
            51.0961855
          ],
          [
            17.0415407,
            51.0961692
          ],
          [
            17.0415494,
            51.0961598
          ],
          [
            17.0415562,
            51.0961532
          ],
          [
            17.0415851,
            51.0961249
          ],
          [
            17.0416595,
            51.0960541
          ],
          [
            17.0418403,
            51.0958812
          ],
          [
            17.041964,
            51.0957632
          ],
          [
            17.0420433,
            51.0956876
          ],
          [
            17.0420824,
            51.0956487
          ],
          [
            17.0421174,
            51.0956124
          ],
          [
            17.0421569,
            51.095571
          ],
          [
            17.0421843,
            51.0955413
          ],
          [
            17.0422447,
            51.0954719
          ],
          [
            17.0422939,
            51.0954109
          ],
          [
            17.0423259,
            51.0953694
          ],
          [
            17.0423494,
            51.0953382
          ],
          [
            17.0423717,
            51.095307
          ],
          [
            17.0423936,
            51.0952757
          ],
          [
            17.042422,
            51.0952334
          ],
          [
            17.0424424,
            51.0952022
          ],
          [
            17.0424818,
            51.0951379
          ],
          [
            17.0425121,
            51.0950845
          ],
          [
            17.0425414,
            51.09503
          ],
          [
            17.0425682,
            51.0949758
          ],
          [
            17.0425941,
            51.0949205
          ],
          [
            17.0426129,
            51.0948766
          ],
          [
            17.0426307,
            51.0948325
          ],
          [
            17.0426472,
            51.0947881
          ],
          [
            17.0426629,
            51.0947439
          ],
          [
            17.0426807,
            51.0946875
          ],
          [
            17.0426966,
            51.0946313
          ],
          [
            17.0427041,
            51.0946032
          ],
          [
            17.0427108,
            51.0945745
          ],
          [
            17.0427235,
            51.0945183
          ],
          [
            17.0427318,
            51.0944731
          ],
          [
            17.0427373,
            51.0944389
          ],
          [
            17.0427447,
            51.0943882
          ],
          [
            17.0427506,
            51.0943373
          ],
          [
            17.0427536,
            51.0942969
          ],
          [
            17.0427562,
            51.0942564
          ],
          [
            17.0427575,
            51.0942167
          ],
          [
            17.0427586,
            51.094177
          ],
          [
            17.0427581,
            51.0941369
          ],
          [
            17.042757,
            51.094097
          ],
          [
            17.042755,
            51.0940285
          ],
          [
            17.0427506,
            51.0939031
          ],
          [
            17.0427469,
            51.0937832
          ],
          [
            17.0427399,
            51.0935833
          ],
          [
            17.0427401,
            51.0935612
          ],
          [
            17.0427407,
            51.0935379
          ],
          [
            17.0427428,
            51.0935152
          ],
          [
            17.0427493,
            51.0934709
          ],
          [
            17.0427602,
            51.0934252
          ],
          [
            17.0427667,
            51.0934035
          ],
          [
            17.0427745,
            51.0933808
          ],
          [
            17.0427824,
            51.09336
          ],
          [
            17.042793,
            51.0933361
          ],
          [
            17.0428035,
            51.0933146
          ],
          [
            17.0428149,
            51.0932929
          ],
          [
            17.0428405,
            51.0932483
          ],
          [
            17.0429972,
            51.0929724
          ],
          [
            17.0430749,
            51.0928354
          ],
          [
            17.0435832,
            51.0919408
          ],
          [
            17.0438631,
            51.0914481
          ],
          [
            17.0438923,
            51.0913998
          ],
          [
            17.0439337,
            51.0913243
          ],
          [
            17.0439529,
            51.0912923
          ],
          [
            17.0439757,
            51.0912563
          ],
          [
            17.0440087,
            51.0912086
          ],
          [
            17.0440469,
            51.0911561
          ],
          [
            17.0440648,
            51.09113
          ],
          [
            17.0440825,
            51.0911037
          ],
          [
            17.044096,
            51.0910829
          ],
          [
            17.0441159,
            51.0910507
          ],
          [
            17.0441586,
            51.0909752
          ],
          [
            17.0442046,
            51.0908965
          ],
          [
            17.0442059,
            51.090894
          ],
          [
            17.0442443,
            51.0908214
          ],
          [
            17.0443151,
            51.0906926
          ],
          [
            17.0444619,
            51.0904311
          ],
          [
            17.0446783,
            51.0900407
          ],
          [
            17.0448824,
            51.0896768
          ],
          [
            17.0449765,
            51.0895015
          ],
          [
            17.0451418,
            51.0892021
          ],
          [
            17.0451758,
            51.0891401
          ],
          [
            17.0453634,
            51.0887989
          ],
          [
            17.0455382,
            51.0884773
          ],
          [
            17.0456547,
            51.0882577
          ],
          [
            17.0457571,
            51.0880659
          ],
          [
            17.0458419,
            51.0879096
          ],
          [
            17.0459321,
            51.0877423
          ],
          [
            17.0460006,
            51.0876177
          ],
          [
            17.0460826,
            51.0874737
          ],
          [
            17.0462242,
            51.087228
          ],
          [
            17.0463717,
            51.0869761
          ],
          [
            17.046486,
            51.0867802
          ],
          [
            17.0465913,
            51.0865921
          ],
          [
            17.0466707,
            51.0864051
          ],
          [
            17.0467059,
            51.086331
          ],
          [
            17.0467423,
            51.0862693
          ],
          [
            17.046786,
            51.0861934
          ],
          [
            17.0468322,
            51.086113
          ],
          [
            17.0469727,
            51.0858726
          ],
          [
            17.0469996,
            51.0858316
          ],
          [
            17.0470123,
            51.0858159
          ],
          [
            17.0470335,
            51.0857895
          ],
          [
            17.0470815,
            51.085739
          ],
          [
            17.0471416,
            51.0856871
          ],
          [
            17.0471883,
            51.085656
          ],
          [
            17.0472617,
            51.0856126
          ],
          [
            17.0473199,
            51.0855829
          ],
          [
            17.0473846,
            51.0855541
          ],
          [
            17.0474563,
            51.0855305
          ],
          [
            17.0475218,
            51.0855046
          ],
          [
            17.047606,
            51.0854687
          ],
          [
            17.0476811,
            51.0854335
          ],
          [
            17.0477426,
            51.0853991
          ],
          [
            17.0478284,
            51.0853474
          ],
          [
            17.0478965,
            51.0853013
          ],
          [
            17.0480377,
            51.0852014
          ],
          [
            17.0483757,
            51.0849705
          ],
          [
            17.0484616,
            51.0849079
          ],
          [
            17.0485201,
            51.0848633
          ],
          [
            17.048577,
            51.0848105
          ],
          [
            17.0486449,
            51.0847388
          ],
          [
            17.0486922,
            51.0846754
          ],
          [
            17.0487365,
            51.0846052
          ],
          [
            17.0487529,
            51.0845638
          ],
          [
            17.0487692,
            51.0845225
          ],
          [
            17.0487806,
            51.0844938
          ],
          [
            17.0487919,
            51.084465
          ],
          [
            17.0488408,
            51.0843197
          ],
          [
            17.0489337,
            51.0840804
          ],
          [
            17.0489994,
            51.0839049
          ],
          [
            17.0490623,
            51.0837366
          ],
          [
            17.0491973,
            51.0833773
          ],
          [
            17.0492409,
            51.0832757
          ],
          [
            17.0492459,
            51.0832633
          ],
          [
            17.0492499,
            51.0832515
          ],
          [
            17.0492507,
            51.0832488
          ],
          [
            17.0492844,
            51.0831799
          ],
          [
            17.0493489,
            51.0831142
          ],
          [
            17.0494249,
            51.0830635
          ],
          [
            17.0494664,
            51.0830427
          ],
          [
            17.0495257,
            51.08302
          ],
          [
            17.0495669,
            51.0830079
          ],
          [
            17.0496228,
            51.0829947
          ],
          [
            17.0496787,
            51.0829857
          ],
          [
            17.0497187,
            51.0829813
          ],
          [
            17.0499111,
            51.0829742
          ],
          [
            17.0499804,
            51.0829699
          ],
          [
            17.0500486,
            51.0829663
          ],
          [
            17.050246,
            51.08296
          ],
          [
            17.0507473,
            51.082936
          ],
          [
            17.0513654,
            51.0829111
          ],
          [
            17.0517987,
            51.0828926
          ],
          [
            17.0521711,
            51.0828778
          ],
          [
            17.0525218,
            51.0828648
          ],
          [
            17.0528048,
            51.0828629
          ],
          [
            17.0530612,
            51.0828702
          ],
          [
            17.0532043,
            51.0828763
          ],
          [
            17.0533186,
            51.082884
          ],
          [
            17.0534771,
            51.0828939
          ],
          [
            17.0536431,
            51.0829043
          ],
          [
            17.0536796,
            51.082908
          ],
          [
            17.0539121,
            51.0829302
          ],
          [
            17.0541401,
            51.0829568
          ],
          [
            17.054164,
            51.0829598
          ],
          [
            17.0542394,
            51.0829692
          ],
          [
            17.0544915,
            51.0830006
          ],
          [
            17.0546757,
            51.0830238
          ],
          [
            17.0561507,
            51.0832094
          ],
          [
            17.0569357,
            51.0833082
          ],
          [
            17.0576844,
            51.0834014
          ],
          [
            17.0583712,
            51.083489
          ],
          [
            17.0590923,
            51.0835798
          ],
          [
            17.0598013,
            51.0836698
          ],
          [
            17.0602488,
            51.0837242
          ],
          [
            17.0603952,
            51.0837354
          ],
          [
            17.060443,
            51.083739
          ],
          [
            17.0605416,
            51.0837433
          ],
          [
            17.0606595,
            51.083739
          ],
          [
            17.0607602,
            51.0837224
          ],
          [
            17.0608135,
            51.0837081
          ],
          [
            17.0608424,
            51.0837004
          ],
          [
            17.0609073,
            51.0836731
          ],
          [
            17.0609634,
            51.0836402
          ],
          [
            17.0610288,
            51.0835863
          ],
          [
            17.0610904,
            51.0835251
          ],
          [
            17.0611406,
            51.0834584
          ],
          [
            17.0611759,
            51.0833961
          ],
          [
            17.0612112,
            51.0833106
          ],
          [
            17.0612682,
            51.0831628
          ],
          [
            17.0612928,
            51.0830989
          ],
          [
            17.0613209,
            51.083026
          ],
          [
            17.0614092,
            51.0827968
          ],
          [
            17.0615606,
            51.0824067
          ],
          [
            17.0616414,
            51.0821902
          ],
          [
            17.0616582,
            51.0821451
          ],
          [
            17.0617044,
            51.0820068
          ],
          [
            17.0617496,
            51.0818639
          ],
          [
            17.0618707,
            51.0814942
          ],
          [
            17.0619869,
            51.0811437
          ],
          [
            17.0620615,
            51.0809182
          ],
          [
            17.0621574,
            51.0806392
          ],
          [
            17.0621614,
            51.0806308
          ],
          [
            17.0621816,
            51.080589
          ],
          [
            17.0622192,
            51.0805376
          ],
          [
            17.0622596,
            51.0804971
          ],
          [
            17.0622915,
            51.0804701
          ],
          [
            17.0623302,
            51.0804445
          ],
          [
            17.0623555,
            51.0804253
          ],
          [
            17.0623757,
            51.0804113
          ],
          [
            17.0624193,
            51.0803697
          ],
          [
            17.0624585,
            51.0803256
          ],
          [
            17.0624851,
            51.0802908
          ],
          [
            17.06249,
            51.0802819
          ],
          [
            17.0625052,
            51.0802545
          ],
          [
            17.0625105,
            51.0802449
          ],
          [
            17.0625886,
            51.0800485
          ],
          [
            17.0626494,
            51.0798947
          ],
          [
            17.0626809,
            51.07982
          ],
          [
            17.0627454,
            51.0796785
          ],
          [
            17.0628284,
            51.0795281
          ],
          [
            17.0628881,
            51.0794221
          ],
          [
            17.0629824,
            51.079261
          ],
          [
            17.0630268,
            51.0791953
          ],
          [
            17.0631372,
            51.0790322
          ],
          [
            17.0631756,
            51.078971
          ],
          [
            17.0633431,
            51.0787294
          ],
          [
            17.063412,
            51.0786279
          ],
          [
            17.0634327,
            51.0785974
          ],
          [
            17.0634511,
            51.0785702
          ],
          [
            17.0635135,
            51.0784661
          ],
          [
            17.0635558,
            51.0783954
          ],
          [
            17.0635615,
            51.0783858
          ],
          [
            17.0636631,
            51.0781933
          ],
          [
            17.0637126,
            51.0780974
          ]
        ]
      },
      "id": "relation/9704892"
    },
    {
      "type": "Feature",
      "properties": {
        "@id": "node/267860990",
        "@relations": [
          {
            "role": "stop",
            "rel": 9704892,
            "reltags": {
              "check_date": "2026-05-19",
              "from": "Osobowice",
              "interval:conditional": "12 @ (Mo-Fr 06:00-09:00,14:00-18:00); 15 @ (Mo-Fr 05:00-06:00,09:00-14:00,18:00-20:00); 20 @ (Mo-Fr 20:00-23:00,Sa-Su 05:00-23:00)",
              "name": "16: Osobowice → Tarnogaj",
              "network": "Wrocław",
              "opening_hours": "Mo-Su 05:00-23:00",
              "operator": "WTr UM Wrocław",
              "public_transport:version": "2",
              "ref": "16",
              "route": "tram",
              "source:interval": "https://mpk.wroc.pl/komunikat/701/2024-09-30-01092024r-zmiana-rozkladu-jazdy",
              "start_date": "2019-06-22",
              "to": "Tarnogaj",
              "type": "route",
              "url": "https://www.wroclaw.pl/komunikacja/przystanek-osobowice-linia-16-kierunek-tarnogaj-slupek-23204",
              "wheelchair": "limited"
            }
          }
        ]
      },
      "geometry": {
        "type": "Point",
        "coordinates": [
          17.0483757,
          51.0849705
        ]
      },
      "id": "node/267860990"
    },
    {
      "type": "Feature",
      "properties": {
        "@id": "node/267861001",
        "@relations": [
          {
            "role": "stop",
            "rel": 9704892,
            "reltags": {
              "check_date": "2026-05-19",
              "from": "Osobowice",
              "interval:conditional": "12 @ (Mo-Fr 06:00-09:00,14:00-18:00); 15 @ (Mo-Fr 05:00-06:00,09:00-14:00,18:00-20:00); 20 @ (Mo-Fr 20:00-23:00,Sa-Su 05:00-23:00)",
              "name": "16: Osobowice → Tarnogaj",
              "network": "Wrocław",
              "opening_hours": "Mo-Su 05:00-23:00",
              "operator": "WTr UM Wrocław",
              "public_transport:version": "2",
              "ref": "16",
              "route": "tram",
              "source:interval": "https://mpk.wroc.pl/komunikat/701/2024-09-30-01092024r-zmiana-rozkladu-jazdy",
              "start_date": "2019-06-22",
              "to": "Tarnogaj",
              "type": "route",
              "url": "https://www.wroclaw.pl/komunikacja/przystanek-osobowice-linia-16-kierunek-tarnogaj-slupek-23204",
              "wheelchair": "limited"
            }
          }
        ]
      },
      "geometry": {
        "type": "Point",
        "coordinates": [
          17.0507473,
          51.082936
        ]
      },
      "id": "node/267861001"
    },
    {
      "type": "Feature",
      "properties": {
        "@id": "node/267861005",
        "@relations": [
          {
            "role": "stop",
            "rel": 9704892,
            "reltags": {
              "check_date": "2026-05-19",
              "from": "Osobowice",
              "interval:conditional": "12 @ (Mo-Fr 06:00-09:00,14:00-18:00); 15 @ (Mo-Fr 05:00-06:00,09:00-14:00,18:00-20:00); 20 @ (Mo-Fr 20:00-23:00,Sa-Su 05:00-23:00)",
              "name": "16: Osobowice → Tarnogaj",
              "network": "Wrocław",
              "opening_hours": "Mo-Su 05:00-23:00",
              "operator": "WTr UM Wrocław",
              "public_transport:version": "2",
              "ref": "16",
              "route": "tram",
              "source:interval": "https://mpk.wroc.pl/komunikat/701/2024-09-30-01092024r-zmiana-rozkladu-jazdy",
              "start_date": "2019-06-22",
              "to": "Tarnogaj",
              "type": "route",
              "url": "https://www.wroclaw.pl/komunikacja/przystanek-osobowice-linia-16-kierunek-tarnogaj-slupek-23204",
              "wheelchair": "limited"
            }
          }
        ]
      },
      "geometry": {
        "type": "Point",
        "coordinates": [
          17.0546757,
          51.0830238
        ]
      },
      "id": "node/267861005"
    },
    {
      "type": "Feature",
      "properties": {
        "@id": "node/267861007",
        "@relations": [
          {
            "role": "stop",
            "rel": 9704892,
            "reltags": {
              "check_date": "2026-05-19",
              "from": "Osobowice",
              "interval:conditional": "12 @ (Mo-Fr 06:00-09:00,14:00-18:00); 15 @ (Mo-Fr 05:00-06:00,09:00-14:00,18:00-20:00); 20 @ (Mo-Fr 20:00-23:00,Sa-Su 05:00-23:00)",
              "name": "16: Osobowice → Tarnogaj",
              "network": "Wrocław",
              "opening_hours": "Mo-Su 05:00-23:00",
              "operator": "WTr UM Wrocław",
              "public_transport:version": "2",
              "ref": "16",
              "route": "tram",
              "source:interval": "https://mpk.wroc.pl/komunikat/701/2024-09-30-01092024r-zmiana-rozkladu-jazdy",
              "start_date": "2019-06-22",
              "to": "Tarnogaj",
              "type": "route",
              "url": "https://www.wroclaw.pl/komunikacja/przystanek-osobowice-linia-16-kierunek-tarnogaj-slupek-23204",
              "wheelchair": "limited"
            }
          }
        ]
      },
      "geometry": {
        "type": "Point",
        "coordinates": [
          17.0602488,
          51.0837242
        ]
      },
      "id": "node/267861007"
    },
    {
      "type": "Feature",
      "properties": {
        "@id": "node/267861019",
        "@relations": [
          {
            "role": "stop",
            "rel": 9704892,
            "reltags": {
              "check_date": "2026-05-19",
              "from": "Osobowice",
              "interval:conditional": "12 @ (Mo-Fr 06:00-09:00,14:00-18:00); 15 @ (Mo-Fr 05:00-06:00,09:00-14:00,18:00-20:00); 20 @ (Mo-Fr 20:00-23:00,Sa-Su 05:00-23:00)",
              "name": "16: Osobowice → Tarnogaj",
              "network": "Wrocław",
              "opening_hours": "Mo-Su 05:00-23:00",
              "operator": "WTr UM Wrocław",
              "public_transport:version": "2",
              "ref": "16",
              "route": "tram",
              "source:interval": "https://mpk.wroc.pl/komunikat/701/2024-09-30-01092024r-zmiana-rozkladu-jazdy",
              "start_date": "2019-06-22",
              "to": "Tarnogaj",
              "type": "route",
              "url": "https://www.wroclaw.pl/komunikacja/przystanek-osobowice-linia-16-kierunek-tarnogaj-slupek-23204",
              "wheelchair": "limited"
            }
          }
        ]
      },
      "geometry": {
        "type": "Point",
        "coordinates": [
          17.0626494,
          51.0798947
        ]
      },
      "id": "node/267861019"
    },
    {
      "type": "Feature",
      "properties": {
        "@id": "node/267861024",
        "@relations": [
          {
            "role": "stop_exit_only",
            "rel": 9704892,
            "reltags": {
              "check_date": "2026-05-19",
              "from": "Osobowice",
              "interval:conditional": "12 @ (Mo-Fr 06:00-09:00,14:00-18:00); 15 @ (Mo-Fr 05:00-06:00,09:00-14:00,18:00-20:00); 20 @ (Mo-Fr 20:00-23:00,Sa-Su 05:00-23:00)",
              "name": "16: Osobowice → Tarnogaj",
              "network": "Wrocław",
              "opening_hours": "Mo-Su 05:00-23:00",
              "operator": "WTr UM Wrocław",
              "public_transport:version": "2",
              "ref": "16",
              "route": "tram",
              "source:interval": "https://mpk.wroc.pl/komunikat/701/2024-09-30-01092024r-zmiana-rozkladu-jazdy",
              "start_date": "2019-06-22",
              "to": "Tarnogaj",
              "type": "route",
              "url": "https://www.wroclaw.pl/komunikacja/przystanek-osobowice-linia-16-kierunek-tarnogaj-slupek-23204",
              "wheelchair": "limited"
            }
          }
        ]
      },
      "geometry": {
        "type": "Point",
        "coordinates": [
          17.0637126,
          51.0780974
        ]
      },
      "id": "node/267861024"
    },
    {
      "type": "Feature",
      "properties": {
        "@id": "node/267861025",
        "@relations": [
          {
            "role": "stop_entry_only",
            "rel": 9704848,
            "reltags": {
              "check_date": "2026-05-19",
              "from": "Tarnogaj",
              "interval:conditional": "12 @ (Mo-Fr 06:00-09:00,14:00-18:00); 15 @ (Mo-Fr 05:00-06:00,09:00-14:00,18:00-20:00); 20 @ (Mo-Fr 20:00-23:00,Sa-Su 05:00-23:00)",
              "name": "16: Tarnogaj → Osobowice",
              "network": "Wrocław",
              "opening_hours": "Mo-Su 05:00-23:00",
              "operator": "WTr UM Wrocław",
              "public_transport:version": "2",
              "ref": "16",
              "route": "tram",
              "source:interval": "https://mpk.wroc.pl/komunikat/701/2024-09-30-01092024r-zmiana-rozkladu-jazdy",
              "start_date": "2019-06-22",
              "to": "Osobowice",
              "type": "route",
              "url": "https://www.wroclaw.pl/komunikacja/przystanek-tarnogaj-linia-16-kierunek-osobowice-slupek-21022",
              "wheelchair": "limited"
            }
          }
        ]
      },
      "geometry": {
        "type": "Point",
        "coordinates": [
          17.0639848,
          51.0784707
        ]
      },
      "id": "node/267861025"
    },
    {
      "type": "Feature",
      "properties": {
        "@id": "node/268997781",
        "@relations": [
          {
            "role": "stop",
            "rel": 9704848,
            "reltags": {
              "check_date": "2026-05-19",
              "from": "Tarnogaj",
              "interval:conditional": "12 @ (Mo-Fr 06:00-09:00,14:00-18:00); 15 @ (Mo-Fr 05:00-06:00,09:00-14:00,18:00-20:00); 20 @ (Mo-Fr 20:00-23:00,Sa-Su 05:00-23:00)",
              "name": "16: Tarnogaj → Osobowice",
              "network": "Wrocław",
              "opening_hours": "Mo-Su 05:00-23:00",
              "operator": "WTr UM Wrocław",
              "public_transport:version": "2",
              "ref": "16",
              "route": "tram",
              "source:interval": "https://mpk.wroc.pl/komunikat/701/2024-09-30-01092024r-zmiana-rozkladu-jazdy",
              "start_date": "2019-06-22",
              "to": "Osobowice",
              "type": "route",
              "url": "https://www.wroclaw.pl/komunikacja/przystanek-tarnogaj-linia-16-kierunek-osobowice-slupek-21022",
              "wheelchair": "limited"
            }
          }
        ]
      },
      "geometry": {
        "type": "Point",
        "coordinates": [
          17.0543286,
          51.0830193
        ]
      },
      "id": "node/268997781"
    },
    {
      "type": "Feature",
      "properties": {
        "@id": "node/269615540",
        "@relations": [
          {
            "role": "stop",
            "rel": 9704848,
            "reltags": {
              "check_date": "2026-05-19",
              "from": "Tarnogaj",
              "interval:conditional": "12 @ (Mo-Fr 06:00-09:00,14:00-18:00); 15 @ (Mo-Fr 05:00-06:00,09:00-14:00,18:00-20:00); 20 @ (Mo-Fr 20:00-23:00,Sa-Su 05:00-23:00)",
              "name": "16: Tarnogaj → Osobowice",
              "network": "Wrocław",
              "opening_hours": "Mo-Su 05:00-23:00",
              "operator": "WTr UM Wrocław",
              "public_transport:version": "2",
              "ref": "16",
              "route": "tram",
              "source:interval": "https://mpk.wroc.pl/komunikat/701/2024-09-30-01092024r-zmiana-rozkladu-jazdy",
              "start_date": "2019-06-22",
              "to": "Osobowice",
              "type": "route",
              "url": "https://www.wroclaw.pl/komunikacja/przystanek-tarnogaj-linia-16-kierunek-osobowice-slupek-21022",
              "wheelchair": "limited"
            }
          }
        ]
      },
      "geometry": {
        "type": "Point",
        "coordinates": [
          17.0527021,
          51.1219886
        ]
      },
      "id": "node/269615540"
    },
    {
      "type": "Feature",
      "properties": {
        "@id": "node/304069314",
        "@relations": [
          {
            "role": "stop",
            "rel": 9704848,
            "reltags": {
              "check_date": "2026-05-19",
              "from": "Tarnogaj",
              "interval:conditional": "12 @ (Mo-Fr 06:00-09:00,14:00-18:00); 15 @ (Mo-Fr 05:00-06:00,09:00-14:00,18:00-20:00); 20 @ (Mo-Fr 20:00-23:00,Sa-Su 05:00-23:00)",
              "name": "16: Tarnogaj → Osobowice",
              "network": "Wrocław",
              "opening_hours": "Mo-Su 05:00-23:00",
              "operator": "WTr UM Wrocław",
              "public_transport:version": "2",
              "ref": "16",
              "route": "tram",
              "source:interval": "https://mpk.wroc.pl/komunikat/701/2024-09-30-01092024r-zmiana-rozkladu-jazdy",
              "start_date": "2019-06-22",
              "to": "Osobowice",
              "type": "route",
              "url": "https://www.wroclaw.pl/komunikacja/przystanek-tarnogaj-linia-16-kierunek-osobowice-slupek-21022",
              "wheelchair": "limited"
            }
          }
        ]
      },
      "geometry": {
        "type": "Point",
        "coordinates": [
          17.0480077,
          51.1052762
        ]
      },
      "id": "node/304069314"
    },
    {
      "type": "Feature",
      "properties": {
        "@id": "node/304085682",
        "@relations": [
          {
            "role": "stop_entry_only",
            "rel": 9704892,
            "reltags": {
              "check_date": "2026-05-19",
              "from": "Osobowice",
              "interval:conditional": "12 @ (Mo-Fr 06:00-09:00,14:00-18:00); 15 @ (Mo-Fr 05:00-06:00,09:00-14:00,18:00-20:00); 20 @ (Mo-Fr 20:00-23:00,Sa-Su 05:00-23:00)",
              "name": "16: Osobowice → Tarnogaj",
              "network": "Wrocław",
              "opening_hours": "Mo-Su 05:00-23:00",
              "operator": "WTr UM Wrocław",
              "public_transport:version": "2",
              "ref": "16",
              "route": "tram",
              "source:interval": "https://mpk.wroc.pl/komunikat/701/2024-09-30-01092024r-zmiana-rozkladu-jazdy",
              "start_date": "2019-06-22",
              "to": "Tarnogaj",
              "type": "route",
              "url": "https://www.wroclaw.pl/komunikacja/przystanek-osobowice-linia-16-kierunek-tarnogaj-slupek-23204",
              "wheelchair": "limited"
            }
          }
        ]
      },
      "geometry": {
        "type": "Point",
        "coordinates": [
          16.9941147,
          51.1373913
        ]
      },
      "id": "node/304085682"
    },
    {
      "type": "Feature",
      "properties": {
        "@id": "node/304085719",
        "@relations": [
          {
            "role": "stop",
            "rel": 9704892,
            "reltags": {
              "check_date": "2026-05-19",
              "from": "Osobowice",
              "interval:conditional": "12 @ (Mo-Fr 06:00-09:00,14:00-18:00); 15 @ (Mo-Fr 05:00-06:00,09:00-14:00,18:00-20:00); 20 @ (Mo-Fr 20:00-23:00,Sa-Su 05:00-23:00)",
              "name": "16: Osobowice → Tarnogaj",
              "network": "Wrocław",
              "opening_hours": "Mo-Su 05:00-23:00",
              "operator": "WTr UM Wrocław",
              "public_transport:version": "2",
              "ref": "16",
              "route": "tram",
              "source:interval": "https://mpk.wroc.pl/komunikat/701/2024-09-30-01092024r-zmiana-rozkladu-jazdy",
              "start_date": "2019-06-22",
              "to": "Tarnogaj",
              "type": "route",
              "url": "https://www.wroclaw.pl/komunikacja/przystanek-osobowice-linia-16-kierunek-tarnogaj-slupek-23204",
              "wheelchair": "limited"
            }
          }
        ]
      },
      "geometry": {
        "type": "Point",
        "coordinates": [
          17.0199194,
          51.13368
        ]
      },
      "id": "node/304085719"
    },
    {
      "type": "Feature",
      "properties": {
        "@id": "node/304085726",
        "@relations": [
          {
            "role": "stop",
            "rel": 9704892,
            "reltags": {
              "check_date": "2026-05-19",
              "from": "Osobowice",
              "interval:conditional": "12 @ (Mo-Fr 06:00-09:00,14:00-18:00); 15 @ (Mo-Fr 05:00-06:00,09:00-14:00,18:00-20:00); 20 @ (Mo-Fr 20:00-23:00,Sa-Su 05:00-23:00)",
              "name": "16: Osobowice → Tarnogaj",
              "network": "Wrocław",
              "opening_hours": "Mo-Su 05:00-23:00",
              "operator": "WTr UM Wrocław",
              "public_transport:version": "2",
              "ref": "16",
              "route": "tram",
              "source:interval": "https://mpk.wroc.pl/komunikat/701/2024-09-30-01092024r-zmiana-rozkladu-jazdy",
              "start_date": "2019-06-22",
              "to": "Tarnogaj",
              "type": "route",
              "url": "https://www.wroclaw.pl/komunikacja/przystanek-osobowice-linia-16-kierunek-tarnogaj-slupek-23204",
              "wheelchair": "limited"
            }
          }
        ]
      },
      "geometry": {
        "type": "Point",
        "coordinates": [
          17.0114997,
          51.134497
        ]
      },
      "id": "node/304085726"
    },
    {
      "type": "Feature",
      "properties": {
        "@id": "node/304085730",
        "@relations": [
          {
            "role": "stop",
            "rel": 9704892,
            "reltags": {
              "check_date": "2026-05-19",
              "from": "Osobowice",
              "interval:conditional": "12 @ (Mo-Fr 06:00-09:00,14:00-18:00); 15 @ (Mo-Fr 05:00-06:00,09:00-14:00,18:00-20:00); 20 @ (Mo-Fr 20:00-23:00,Sa-Su 05:00-23:00)",
              "name": "16: Osobowice → Tarnogaj",
              "network": "Wrocław",
              "opening_hours": "Mo-Su 05:00-23:00",
              "operator": "WTr UM Wrocław",
              "public_transport:version": "2",
              "ref": "16",
              "route": "tram",
              "source:interval": "https://mpk.wroc.pl/komunikat/701/2024-09-30-01092024r-zmiana-rozkladu-jazdy",
              "start_date": "2019-06-22",
              "to": "Tarnogaj",
              "type": "route",
              "url": "https://www.wroclaw.pl/komunikacja/przystanek-osobowice-linia-16-kierunek-tarnogaj-slupek-23204",
              "wheelchair": "limited"
            }
          }
        ]
      },
      "geometry": {
        "type": "Point",
        "coordinates": [
          17.0058715,
          51.1350843
        ]
      },
      "id": "node/304085730"
    },
    {
      "type": "Feature",
      "properties": {
        "@id": "node/304085734",
        "@relations": [
          {
            "role": "stop",
            "rel": 9704892,
            "reltags": {
              "check_date": "2026-05-19",
              "from": "Osobowice",
              "interval:conditional": "12 @ (Mo-Fr 06:00-09:00,14:00-18:00); 15 @ (Mo-Fr 05:00-06:00,09:00-14:00,18:00-20:00); 20 @ (Mo-Fr 20:00-23:00,Sa-Su 05:00-23:00)",
              "name": "16: Osobowice → Tarnogaj",
              "network": "Wrocław",
              "opening_hours": "Mo-Su 05:00-23:00",
              "operator": "WTr UM Wrocław",
              "public_transport:version": "2",
              "ref": "16",
              "route": "tram",
              "source:interval": "https://mpk.wroc.pl/komunikat/701/2024-09-30-01092024r-zmiana-rozkladu-jazdy",
              "start_date": "2019-06-22",
              "to": "Tarnogaj",
              "type": "route",
              "url": "https://www.wroclaw.pl/komunikacja/przystanek-osobowice-linia-16-kierunek-tarnogaj-slupek-23204",
              "wheelchair": "limited"
            }
          }
        ]
      },
      "geometry": {
        "type": "Point",
        "coordinates": [
          17.0276556,
          51.1330799
        ]
      },
      "id": "node/304085734"
    },
    {
      "type": "Feature",
      "properties": {
        "@id": "node/304085739",
        "@relations": [
          {
            "role": "stop",
            "rel": 9704892,
            "reltags": {
              "check_date": "2026-05-19",
              "from": "Osobowice",
              "interval:conditional": "12 @ (Mo-Fr 06:00-09:00,14:00-18:00); 15 @ (Mo-Fr 05:00-06:00,09:00-14:00,18:00-20:00); 20 @ (Mo-Fr 20:00-23:00,Sa-Su 05:00-23:00)",
              "name": "16: Osobowice → Tarnogaj",
              "network": "Wrocław",
              "opening_hours": "Mo-Su 05:00-23:00",
              "operator": "WTr UM Wrocław",
              "public_transport:version": "2",
              "ref": "16",
              "route": "tram",
              "source:interval": "https://mpk.wroc.pl/komunikat/701/2024-09-30-01092024r-zmiana-rozkladu-jazdy",
              "start_date": "2019-06-22",
              "to": "Tarnogaj",
              "type": "route",
              "url": "https://www.wroclaw.pl/komunikacja/przystanek-osobowice-linia-16-kierunek-tarnogaj-slupek-23204",
              "wheelchair": "limited"
            }
          }
        ]
      },
      "geometry": {
        "type": "Point",
        "coordinates": [
          17.0276881,
          51.1272656
        ]
      },
      "id": "node/304085739"
    },
    {
      "type": "Feature",
      "properties": {
        "@id": "node/369231521",
        "@relations": [
          {
            "role": "stop",
            "rel": 9704848,
            "reltags": {
              "check_date": "2026-05-19",
              "from": "Tarnogaj",
              "interval:conditional": "12 @ (Mo-Fr 06:00-09:00,14:00-18:00); 15 @ (Mo-Fr 05:00-06:00,09:00-14:00,18:00-20:00); 20 @ (Mo-Fr 20:00-23:00,Sa-Su 05:00-23:00)",
              "name": "16: Tarnogaj → Osobowice",
              "network": "Wrocław",
              "opening_hours": "Mo-Su 05:00-23:00",
              "operator": "WTr UM Wrocław",
              "public_transport:version": "2",
              "ref": "16",
              "route": "tram",
              "source:interval": "https://mpk.wroc.pl/komunikat/701/2024-09-30-01092024r-zmiana-rozkladu-jazdy",
              "start_date": "2019-06-22",
              "to": "Osobowice",
              "type": "route",
              "url": "https://www.wroclaw.pl/komunikacja/przystanek-tarnogaj-linia-16-kierunek-osobowice-slupek-21022",
              "wheelchair": "limited"
            }
          }
        ]
      },
      "geometry": {
        "type": "Point",
        "coordinates": [
          17.0447157,
          51.0900511
        ]
      },
      "id": "node/369231521"
    },
    {
      "type": "Feature",
      "properties": {
        "@id": "node/369231525",
        "@relations": [
          {
            "role": "stop",
            "rel": 9704892,
            "reltags": {
              "check_date": "2026-05-19",
              "from": "Osobowice",
              "interval:conditional": "12 @ (Mo-Fr 06:00-09:00,14:00-18:00); 15 @ (Mo-Fr 05:00-06:00,09:00-14:00,18:00-20:00); 20 @ (Mo-Fr 20:00-23:00,Sa-Su 05:00-23:00)",
              "name": "16: Osobowice → Tarnogaj",
              "network": "Wrocław",
              "opening_hours": "Mo-Su 05:00-23:00",
              "operator": "WTr UM Wrocław",
              "public_transport:version": "2",
              "ref": "16",
              "route": "tram",
              "source:interval": "https://mpk.wroc.pl/komunikat/701/2024-09-30-01092024r-zmiana-rozkladu-jazdy",
              "start_date": "2019-06-22",
              "to": "Tarnogaj",
              "type": "route",
              "url": "https://www.wroclaw.pl/komunikacja/przystanek-osobowice-linia-16-kierunek-tarnogaj-slupek-23204",
              "wheelchair": "limited"
            }
          }
        ]
      },
      "geometry": {
        "type": "Point",
        "coordinates": [
          17.0451418,
          51.0892021
        ]
      },
      "id": "node/369231525"
    },
    {
      "type": "Feature",
      "properties": {
        "@id": "node/370679661",
        "@relations": [
          {
            "role": "stop",
            "rel": 9704892,
            "reltags": {
              "check_date": "2026-05-19",
              "from": "Osobowice",
              "interval:conditional": "12 @ (Mo-Fr 06:00-09:00,14:00-18:00); 15 @ (Mo-Fr 05:00-06:00,09:00-14:00,18:00-20:00); 20 @ (Mo-Fr 20:00-23:00,Sa-Su 05:00-23:00)",
              "name": "16: Osobowice → Tarnogaj",
              "network": "Wrocław",
              "opening_hours": "Mo-Su 05:00-23:00",
              "operator": "WTr UM Wrocław",
              "public_transport:version": "2",
              "ref": "16",
              "route": "tram",
              "source:interval": "https://mpk.wroc.pl/komunikat/701/2024-09-30-01092024r-zmiana-rozkladu-jazdy",
              "start_date": "2019-06-22",
              "to": "Tarnogaj",
              "type": "route",
              "url": "https://www.wroclaw.pl/komunikacja/przystanek-osobowice-linia-16-kierunek-tarnogaj-slupek-23204",
              "wheelchair": "limited"
            }
          }
        ]
      },
      "geometry": {
        "type": "Point",
        "coordinates": [
          17.0551938,
          51.1101328
        ]
      },
      "id": "node/370679661"
    },
    {
      "type": "Feature",
      "properties": {
        "@id": "node/373492374",
        "@relations": [
          {
            "role": "stop",
            "rel": 9704892,
            "reltags": {
              "check_date": "2026-05-19",
              "from": "Osobowice",
              "interval:conditional": "12 @ (Mo-Fr 06:00-09:00,14:00-18:00); 15 @ (Mo-Fr 05:00-06:00,09:00-14:00,18:00-20:00); 20 @ (Mo-Fr 20:00-23:00,Sa-Su 05:00-23:00)",
              "name": "16: Osobowice → Tarnogaj",
              "network": "Wrocław",
              "opening_hours": "Mo-Su 05:00-23:00",
              "operator": "WTr UM Wrocław",
              "public_transport:version": "2",
              "ref": "16",
              "route": "tram",
              "source:interval": "https://mpk.wroc.pl/komunikat/701/2024-09-30-01092024r-zmiana-rozkladu-jazdy",
              "start_date": "2019-06-22",
              "to": "Tarnogaj",
              "type": "route",
              "url": "https://www.wroclaw.pl/komunikacja/przystanek-osobowice-linia-16-kierunek-tarnogaj-slupek-23204",
              "wheelchair": "limited"
            }
          }
        ]
      },
      "geometry": {
        "type": "Point",
        "coordinates": [
          17.0495814,
          51.1085923
        ]
      },
      "id": "node/373492374"
    },
    {
      "type": "Feature",
      "properties": {
        "@id": "node/390008914",
        "@relations": [
          {
            "role": "stop",
            "rel": 9704848,
            "reltags": {
              "check_date": "2026-05-19",
              "from": "Tarnogaj",
              "interval:conditional": "12 @ (Mo-Fr 06:00-09:00,14:00-18:00); 15 @ (Mo-Fr 05:00-06:00,09:00-14:00,18:00-20:00); 20 @ (Mo-Fr 20:00-23:00,Sa-Su 05:00-23:00)",
              "name": "16: Tarnogaj → Osobowice",
              "network": "Wrocław",
              "opening_hours": "Mo-Su 05:00-23:00",
              "operator": "WTr UM Wrocław",
              "public_transport:version": "2",
              "ref": "16",
              "route": "tram",
              "source:interval": "https://mpk.wroc.pl/komunikat/701/2024-09-30-01092024r-zmiana-rozkladu-jazdy",
              "start_date": "2019-06-22",
              "to": "Osobowice",
              "type": "route",
              "url": "https://www.wroclaw.pl/komunikacja/przystanek-tarnogaj-linia-16-kierunek-osobowice-slupek-21022",
              "wheelchair": "limited"
            }
          }
        ]
      },
      "geometry": {
        "type": "Point",
        "coordinates": [
          17.026188,
          51.133136
        ]
      },
      "id": "node/390008914"
    },
    {
      "type": "Feature",
      "properties": {
        "@id": "node/1123341089",
        "@relations": [
          {
            "role": "stop",
            "rel": 9704848,
            "reltags": {
              "check_date": "2026-05-19",
              "from": "Tarnogaj",
              "interval:conditional": "12 @ (Mo-Fr 06:00-09:00,14:00-18:00); 15 @ (Mo-Fr 05:00-06:00,09:00-14:00,18:00-20:00); 20 @ (Mo-Fr 20:00-23:00,Sa-Su 05:00-23:00)",
              "name": "16: Tarnogaj → Osobowice",
              "network": "Wrocław",
              "opening_hours": "Mo-Su 05:00-23:00",
              "operator": "WTr UM Wrocław",
              "public_transport:version": "2",
              "ref": "16",
              "route": "tram",
              "source:interval": "https://mpk.wroc.pl/komunikat/701/2024-09-30-01092024r-zmiana-rozkladu-jazdy",
              "start_date": "2019-06-22",
              "to": "Osobowice",
              "type": "route",
              "url": "https://www.wroclaw.pl/komunikacja/przystanek-tarnogaj-linia-16-kierunek-osobowice-slupek-21022",
              "wheelchair": "limited"
            }
          }
        ]
      },
      "geometry": {
        "type": "Point",
        "coordinates": [
          17.0491325,
          51.0837049
        ]
      },
      "id": "node/1123341089"
    },
    {
      "type": "Feature",
      "properties": {
        "@id": "node/1657121742",
        "@relations": [
          {
            "role": "stop",
            "rel": 9704892,
            "reltags": {
              "check_date": "2026-05-19",
              "from": "Osobowice",
              "interval:conditional": "12 @ (Mo-Fr 06:00-09:00,14:00-18:00); 15 @ (Mo-Fr 05:00-06:00,09:00-14:00,18:00-20:00); 20 @ (Mo-Fr 20:00-23:00,Sa-Su 05:00-23:00)",
              "name": "16: Osobowice → Tarnogaj",
              "network": "Wrocław",
              "opening_hours": "Mo-Su 05:00-23:00",
              "operator": "WTr UM Wrocław",
              "public_transport:version": "2",
              "ref": "16",
              "route": "tram",
              "source:interval": "https://mpk.wroc.pl/komunikat/701/2024-09-30-01092024r-zmiana-rozkladu-jazdy",
              "start_date": "2019-06-22",
              "to": "Tarnogaj",
              "type": "route",
              "url": "https://www.wroclaw.pl/komunikacja/przystanek-osobowice-linia-16-kierunek-tarnogaj-slupek-23204",
              "wheelchair": "limited"
            }
          }
        ]
      },
      "geometry": {
        "type": "Point",
        "coordinates": [
          17.0452302,
          51.1000317
        ]
      },
      "id": "node/1657121742"
    },
    {
      "type": "Feature",
      "properties": {
        "@id": "node/1701710449",
        "@relations": [
          {
            "role": "platform",
            "rel": 9704892,
            "reltags": {
              "check_date": "2026-05-19",
              "from": "Osobowice",
              "interval:conditional": "12 @ (Mo-Fr 06:00-09:00,14:00-18:00); 15 @ (Mo-Fr 05:00-06:00,09:00-14:00,18:00-20:00); 20 @ (Mo-Fr 20:00-23:00,Sa-Su 05:00-23:00)",
              "name": "16: Osobowice → Tarnogaj",
              "network": "Wrocław",
              "opening_hours": "Mo-Su 05:00-23:00",
              "operator": "WTr UM Wrocław",
              "public_transport:version": "2",
              "ref": "16",
              "route": "tram",
              "source:interval": "https://mpk.wroc.pl/komunikat/701/2024-09-30-01092024r-zmiana-rozkladu-jazdy",
              "start_date": "2019-06-22",
              "to": "Tarnogaj",
              "type": "route",
              "url": "https://www.wroclaw.pl/komunikacja/przystanek-osobowice-linia-16-kierunek-tarnogaj-slupek-23204",
              "wheelchair": "limited"
            }
          }
        ]
      },
      "geometry": {
        "type": "Point",
        "coordinates": [
          17.0505904,
          51.0829126
        ]
      },
      "id": "node/1701710449"
    },
    {
      "type": "Feature",
      "properties": {
        "@id": "node/1701710450",
        "@relations": [
          {
            "role": "platform",
            "rel": 9704848,
            "reltags": {
              "check_date": "2026-05-19",
              "from": "Tarnogaj",
              "interval:conditional": "12 @ (Mo-Fr 06:00-09:00,14:00-18:00); 15 @ (Mo-Fr 05:00-06:00,09:00-14:00,18:00-20:00); 20 @ (Mo-Fr 20:00-23:00,Sa-Su 05:00-23:00)",
              "name": "16: Tarnogaj → Osobowice",
              "network": "Wrocław",
              "opening_hours": "Mo-Su 05:00-23:00",
              "operator": "WTr UM Wrocław",
              "public_transport:version": "2",
              "ref": "16",
              "route": "tram",
              "source:interval": "https://mpk.wroc.pl/komunikat/701/2024-09-30-01092024r-zmiana-rozkladu-jazdy",
              "start_date": "2019-06-22",
              "to": "Osobowice",
              "type": "route",
              "url": "https://www.wroclaw.pl/komunikacja/przystanek-tarnogaj-linia-16-kierunek-osobowice-slupek-21022",
              "wheelchair": "limited"
            }
          }
        ]
      },
      "geometry": {
        "type": "Point",
        "coordinates": [
          17.0493022,
          51.0834762
        ]
      },
      "id": "node/1701710450"
    },
    {
      "type": "Feature",
      "properties": {
        "@id": "node/1701711063",
        "@relations": [
          {
            "role": "platform",
            "rel": 9704892,
            "reltags": {
              "check_date": "2026-05-19",
              "from": "Osobowice",
              "interval:conditional": "12 @ (Mo-Fr 06:00-09:00,14:00-18:00); 15 @ (Mo-Fr 05:00-06:00,09:00-14:00,18:00-20:00); 20 @ (Mo-Fr 20:00-23:00,Sa-Su 05:00-23:00)",
              "name": "16: Osobowice → Tarnogaj",
              "network": "Wrocław",
              "opening_hours": "Mo-Su 05:00-23:00",
              "operator": "WTr UM Wrocław",
              "public_transport:version": "2",
              "ref": "16",
              "route": "tram",
              "source:interval": "https://mpk.wroc.pl/komunikat/701/2024-09-30-01092024r-zmiana-rozkladu-jazdy",
              "start_date": "2019-06-22",
              "to": "Tarnogaj",
              "type": "route",
              "url": "https://www.wroclaw.pl/komunikacja/przystanek-osobowice-linia-16-kierunek-tarnogaj-slupek-23204",
              "wheelchair": "limited"
            }
          }
        ]
      },
      "geometry": {
        "type": "Point",
        "coordinates": [
          17.0350097,
          51.1242396
        ]
      },
      "id": "node/1701711063"
    },
    {
      "type": "Feature",
      "properties": {
        "@id": "node/1701711064",
        "@relations": [
          {
            "role": "platform",
            "rel": 9704848,
            "reltags": {
              "check_date": "2026-05-19",
              "from": "Tarnogaj",
              "interval:conditional": "12 @ (Mo-Fr 06:00-09:00,14:00-18:00); 15 @ (Mo-Fr 05:00-06:00,09:00-14:00,18:00-20:00); 20 @ (Mo-Fr 20:00-23:00,Sa-Su 05:00-23:00)",
              "name": "16: Tarnogaj → Osobowice",
              "network": "Wrocław",
              "opening_hours": "Mo-Su 05:00-23:00",
              "operator": "WTr UM Wrocław",
              "public_transport:version": "2",
              "ref": "16",
              "route": "tram",
              "source:interval": "https://mpk.wroc.pl/komunikat/701/2024-09-30-01092024r-zmiana-rozkladu-jazdy",
              "start_date": "2019-06-22",
              "to": "Osobowice",
              "type": "route",
              "url": "https://www.wroclaw.pl/komunikacja/przystanek-tarnogaj-linia-16-kierunek-osobowice-slupek-21022",
              "wheelchair": "limited"
            }
          }
        ]
      },
      "geometry": {
        "type": "Point",
        "coordinates": [
          17.0350405,
          51.1243198
        ]
      },
      "id": "node/1701711064"
    },
    {
      "type": "Feature",
      "properties": {
        "@id": "node/1701712443",
        "@relations": [
          {
            "role": "platform",
            "rel": 9704892,
            "reltags": {
              "check_date": "2026-05-19",
              "from": "Osobowice",
              "interval:conditional": "12 @ (Mo-Fr 06:00-09:00,14:00-18:00); 15 @ (Mo-Fr 05:00-06:00,09:00-14:00,18:00-20:00); 20 @ (Mo-Fr 20:00-23:00,Sa-Su 05:00-23:00)",
              "name": "16: Osobowice → Tarnogaj",
              "network": "Wrocław",
              "opening_hours": "Mo-Su 05:00-23:00",
              "operator": "WTr UM Wrocław",
              "public_transport:version": "2",
              "ref": "16",
              "route": "tram",
              "source:interval": "https://mpk.wroc.pl/komunikat/701/2024-09-30-01092024r-zmiana-rozkladu-jazdy",
              "start_date": "2019-06-22",
              "to": "Tarnogaj",
              "type": "route",
              "url": "https://www.wroclaw.pl/komunikacja/przystanek-osobowice-linia-16-kierunek-tarnogaj-slupek-23204",
              "wheelchair": "limited"
            }
          }
        ]
      },
      "geometry": {
        "type": "Point",
        "coordinates": [
          17.0481048,
          51.0851126
        ]
      },
      "id": "node/1701712443"
    },
    {
      "type": "Feature",
      "properties": {
        "@id": "node/1701712503",
        "@relations": [
          {
            "role": "platform",
            "rel": 9704848,
            "reltags": {
              "check_date": "2026-05-19",
              "from": "Tarnogaj",
              "interval:conditional": "12 @ (Mo-Fr 06:00-09:00,14:00-18:00); 15 @ (Mo-Fr 05:00-06:00,09:00-14:00,18:00-20:00); 20 @ (Mo-Fr 20:00-23:00,Sa-Su 05:00-23:00)",
              "name": "16: Tarnogaj → Osobowice",
              "network": "Wrocław",
              "opening_hours": "Mo-Su 05:00-23:00",
              "operator": "WTr UM Wrocław",
              "public_transport:version": "2",
              "ref": "16",
              "route": "tram",
              "source:interval": "https://mpk.wroc.pl/komunikat/701/2024-09-30-01092024r-zmiana-rozkladu-jazdy",
              "start_date": "2019-06-22",
              "to": "Osobowice",
              "type": "route",
              "url": "https://www.wroclaw.pl/komunikacja/przystanek-tarnogaj-linia-16-kierunek-osobowice-slupek-21022",
              "wheelchair": "limited"
            }
          }
        ]
      },
      "geometry": {
        "type": "Point",
        "coordinates": [
          17.0469485,
          51.0861212
        ]
      },
      "id": "node/1701712503"
    },
    {
      "type": "Feature",
      "properties": {
        "@id": "node/1701713291",
        "@relations": [
          {
            "role": "platform",
            "rel": 9704848,
            "reltags": {
              "check_date": "2026-05-19",
              "from": "Tarnogaj",
              "interval:conditional": "12 @ (Mo-Fr 06:00-09:00,14:00-18:00); 15 @ (Mo-Fr 05:00-06:00,09:00-14:00,18:00-20:00); 20 @ (Mo-Fr 20:00-23:00,Sa-Su 05:00-23:00)",
              "name": "16: Tarnogaj → Osobowice",
              "network": "Wrocław",
              "opening_hours": "Mo-Su 05:00-23:00",
              "operator": "WTr UM Wrocław",
              "public_transport:version": "2",
              "ref": "16",
              "route": "tram",
              "source:interval": "https://mpk.wroc.pl/komunikat/701/2024-09-30-01092024r-zmiana-rozkladu-jazdy",
              "start_date": "2019-06-22",
              "to": "Osobowice",
              "type": "route",
              "url": "https://www.wroclaw.pl/komunikacja/przystanek-tarnogaj-linia-16-kierunek-osobowice-slupek-21022",
              "wheelchair": "limited"
            }
          }
        ]
      },
      "geometry": {
        "type": "Point",
        "coordinates": [
          17.0279112,
          51.1267341
        ]
      },
      "id": "node/1701713291"
    },
    {
      "type": "Feature",
      "properties": {
        "@id": "node/1701713325",
        "@relations": [
          {
            "role": "platform",
            "rel": 9704892,
            "reltags": {
              "check_date": "2026-05-19",
              "from": "Osobowice",
              "interval:conditional": "12 @ (Mo-Fr 06:00-09:00,14:00-18:00); 15 @ (Mo-Fr 05:00-06:00,09:00-14:00,18:00-20:00); 20 @ (Mo-Fr 20:00-23:00,Sa-Su 05:00-23:00)",
              "name": "16: Osobowice → Tarnogaj",
              "network": "Wrocław",
              "opening_hours": "Mo-Su 05:00-23:00",
              "operator": "WTr UM Wrocław",
              "public_transport:version": "2",
              "ref": "16",
              "route": "tram",
              "source:interval": "https://mpk.wroc.pl/komunikat/701/2024-09-30-01092024r-zmiana-rozkladu-jazdy",
              "start_date": "2019-06-22",
              "to": "Tarnogaj",
              "type": "route",
              "url": "https://www.wroclaw.pl/komunikacja/przystanek-osobowice-linia-16-kierunek-tarnogaj-slupek-23204",
              "wheelchair": "limited"
            }
          }
        ]
      },
      "geometry": {
        "type": "Point",
        "coordinates": [
          17.0275869,
          51.127309
        ]
      },
      "id": "node/1701713325"
    },
    {
      "type": "Feature",
      "properties": {
        "@id": "node/1701713355",
        "@relations": [
          {
            "role": "platform",
            "rel": 9704892,
            "reltags": {
              "check_date": "2026-05-19",
              "from": "Osobowice",
              "interval:conditional": "12 @ (Mo-Fr 06:00-09:00,14:00-18:00); 15 @ (Mo-Fr 05:00-06:00,09:00-14:00,18:00-20:00); 20 @ (Mo-Fr 20:00-23:00,Sa-Su 05:00-23:00)",
              "name": "16: Osobowice → Tarnogaj",
              "network": "Wrocław",
              "opening_hours": "Mo-Su 05:00-23:00",
              "operator": "WTr UM Wrocław",
              "public_transport:version": "2",
              "ref": "16",
              "route": "tram",
              "source:interval": "https://mpk.wroc.pl/komunikat/701/2024-09-30-01092024r-zmiana-rozkladu-jazdy",
              "start_date": "2019-06-22",
              "to": "Tarnogaj",
              "type": "route",
              "url": "https://www.wroclaw.pl/komunikacja/przystanek-osobowice-linia-16-kierunek-tarnogaj-slupek-23204",
              "wheelchair": "limited"
            }
          }
        ]
      },
      "geometry": {
        "type": "Point",
        "coordinates": [
          17.0625565,
          51.0800086
        ]
      },
      "id": "node/1701713355"
    },
    {
      "type": "Feature",
      "properties": {
        "@id": "node/1701713377",
        "@relations": [
          {
            "role": "platform",
            "rel": 9704848,
            "reltags": {
              "check_date": "2026-05-19",
              "from": "Tarnogaj",
              "interval:conditional": "12 @ (Mo-Fr 06:00-09:00,14:00-18:00); 15 @ (Mo-Fr 05:00-06:00,09:00-14:00,18:00-20:00); 20 @ (Mo-Fr 20:00-23:00,Sa-Su 05:00-23:00)",
              "name": "16: Tarnogaj → Osobowice",
              "network": "Wrocław",
              "opening_hours": "Mo-Su 05:00-23:00",
              "operator": "WTr UM Wrocław",
              "public_transport:version": "2",
              "ref": "16",
              "route": "tram",
              "source:interval": "https://mpk.wroc.pl/komunikat/701/2024-09-30-01092024r-zmiana-rozkladu-jazdy",
              "start_date": "2019-06-22",
              "to": "Osobowice",
              "type": "route",
              "url": "https://www.wroclaw.pl/komunikacja/przystanek-tarnogaj-linia-16-kierunek-osobowice-slupek-21022",
              "wheelchair": "limited"
            }
          }
        ]
      },
      "geometry": {
        "type": "Point",
        "coordinates": [
          17.0626565,
          51.0801899
        ]
      },
      "id": "node/1701713377"
    },
    {
      "type": "Feature",
      "properties": {
        "@id": "node/1701715113",
        "@relations": [
          {
            "role": "platform",
            "rel": 9704892,
            "reltags": {
              "check_date": "2026-05-19",
              "from": "Osobowice",
              "interval:conditional": "12 @ (Mo-Fr 06:00-09:00,14:00-18:00); 15 @ (Mo-Fr 05:00-06:00,09:00-14:00,18:00-20:00); 20 @ (Mo-Fr 20:00-23:00,Sa-Su 05:00-23:00)",
              "name": "16: Osobowice → Tarnogaj",
              "network": "Wrocław",
              "opening_hours": "Mo-Su 05:00-23:00",
              "operator": "WTr UM Wrocław",
              "public_transport:version": "2",
              "ref": "16",
              "route": "tram",
              "source:interval": "https://mpk.wroc.pl/komunikat/701/2024-09-30-01092024r-zmiana-rozkladu-jazdy",
              "start_date": "2019-06-22",
              "to": "Tarnogaj",
              "type": "route",
              "url": "https://www.wroclaw.pl/komunikacja/przystanek-osobowice-linia-16-kierunek-tarnogaj-slupek-23204",
              "wheelchair": "limited"
            }
          }
        ]
      },
      "geometry": {
        "type": "Point",
        "coordinates": [
          16.9985842,
          51.1359039
        ]
      },
      "id": "node/1701715113"
    },
    {
      "type": "Feature",
      "properties": {
        "@id": "node/1701715125",
        "@relations": [
          {
            "role": "platform",
            "rel": 9704848,
            "reltags": {
              "check_date": "2026-05-19",
              "from": "Tarnogaj",
              "interval:conditional": "12 @ (Mo-Fr 06:00-09:00,14:00-18:00); 15 @ (Mo-Fr 05:00-06:00,09:00-14:00,18:00-20:00); 20 @ (Mo-Fr 20:00-23:00,Sa-Su 05:00-23:00)",
              "name": "16: Tarnogaj → Osobowice",
              "network": "Wrocław",
              "opening_hours": "Mo-Su 05:00-23:00",
              "operator": "WTr UM Wrocław",
              "public_transport:version": "2",
              "ref": "16",
              "route": "tram",
              "source:interval": "https://mpk.wroc.pl/komunikat/701/2024-09-30-01092024r-zmiana-rozkladu-jazdy",
              "start_date": "2019-06-22",
              "to": "Osobowice",
              "type": "route",
              "url": "https://www.wroclaw.pl/komunikacja/przystanek-tarnogaj-linia-16-kierunek-osobowice-slupek-21022",
              "wheelchair": "limited"
            }
          }
        ]
      },
      "geometry": {
        "type": "Point",
        "coordinates": [
          16.9983047,
          51.1360184
        ]
      },
      "id": "node/1701715125"
    },
    {
      "type": "Feature",
      "properties": {
        "@id": "node/1701715985",
        "@relations": [
          {
            "role": "platform",
            "rel": 9704892,
            "reltags": {
              "check_date": "2026-05-19",
              "from": "Osobowice",
              "interval:conditional": "12 @ (Mo-Fr 06:00-09:00,14:00-18:00); 15 @ (Mo-Fr 05:00-06:00,09:00-14:00,18:00-20:00); 20 @ (Mo-Fr 20:00-23:00,Sa-Su 05:00-23:00)",
              "name": "16: Osobowice → Tarnogaj",
              "network": "Wrocław",
              "opening_hours": "Mo-Su 05:00-23:00",
              "operator": "WTr UM Wrocław",
              "public_transport:version": "2",
              "ref": "16",
              "route": "tram",
              "source:interval": "https://mpk.wroc.pl/komunikat/701/2024-09-30-01092024r-zmiana-rozkladu-jazdy",
              "start_date": "2019-06-22",
              "to": "Tarnogaj",
              "type": "route",
              "url": "https://www.wroclaw.pl/komunikacja/przystanek-osobowice-linia-16-kierunek-tarnogaj-slupek-23204",
              "wheelchair": "limited"
            }
          }
        ]
      },
      "geometry": {
        "type": "Point",
        "coordinates": [
          17.0451324,
          51.1243629
        ]
      },
      "id": "node/1701715985"
    },
    {
      "type": "Feature",
      "properties": {
        "@id": "node/1701715987",
        "@relations": [
          {
            "role": "platform",
            "rel": 9704848,
            "reltags": {
              "check_date": "2026-05-19",
              "from": "Tarnogaj",
              "interval:conditional": "12 @ (Mo-Fr 06:00-09:00,14:00-18:00); 15 @ (Mo-Fr 05:00-06:00,09:00-14:00,18:00-20:00); 20 @ (Mo-Fr 20:00-23:00,Sa-Su 05:00-23:00)",
              "name": "16: Tarnogaj → Osobowice",
              "network": "Wrocław",
              "opening_hours": "Mo-Su 05:00-23:00",
              "operator": "WTr UM Wrocław",
              "public_transport:version": "2",
              "ref": "16",
              "route": "tram",
              "source:interval": "https://mpk.wroc.pl/komunikat/701/2024-09-30-01092024r-zmiana-rozkladu-jazdy",
              "start_date": "2019-06-22",
              "to": "Osobowice",
              "type": "route",
              "url": "https://www.wroclaw.pl/komunikacja/przystanek-tarnogaj-linia-16-kierunek-osobowice-slupek-21022",
              "wheelchair": "limited"
            }
          }
        ]
      },
      "geometry": {
        "type": "Point",
        "coordinates": [
          17.0448968,
          51.1242404
        ]
      },
      "id": "node/1701715987"
    },
    {
      "type": "Feature",
      "properties": {
        "@id": "node/1701716047",
        "@relations": [
          {
            "role": "platform_entry_only",
            "rel": 9704892,
            "reltags": {
              "check_date": "2026-05-19",
              "from": "Osobowice",
              "interval:conditional": "12 @ (Mo-Fr 06:00-09:00,14:00-18:00); 15 @ (Mo-Fr 05:00-06:00,09:00-14:00,18:00-20:00); 20 @ (Mo-Fr 20:00-23:00,Sa-Su 05:00-23:00)",
              "name": "16: Osobowice → Tarnogaj",
              "network": "Wrocław",
              "opening_hours": "Mo-Su 05:00-23:00",
              "operator": "WTr UM Wrocław",
              "public_transport:version": "2",
              "ref": "16",
              "route": "tram",
              "source:interval": "https://mpk.wroc.pl/komunikat/701/2024-09-30-01092024r-zmiana-rozkladu-jazdy",
              "start_date": "2019-06-22",
              "to": "Tarnogaj",
              "type": "route",
              "url": "https://www.wroclaw.pl/komunikacja/przystanek-osobowice-linia-16-kierunek-tarnogaj-slupek-23204",
              "wheelchair": "limited"
            }
          }
        ]
      },
      "geometry": {
        "type": "Point",
        "coordinates": [
          16.9940852,
          51.137378
        ]
      },
      "id": "node/1701716047"
    },
    {
      "type": "Feature",
      "properties": {
        "@id": "node/1701716079",
        "@relations": [
          {
            "role": "platform",
            "rel": 9704892,
            "reltags": {
              "check_date": "2026-05-19",
              "from": "Osobowice",
              "interval:conditional": "12 @ (Mo-Fr 06:00-09:00,14:00-18:00); 15 @ (Mo-Fr 05:00-06:00,09:00-14:00,18:00-20:00); 20 @ (Mo-Fr 20:00-23:00,Sa-Su 05:00-23:00)",
              "name": "16: Osobowice → Tarnogaj",
              "network": "Wrocław",
              "opening_hours": "Mo-Su 05:00-23:00",
              "operator": "WTr UM Wrocław",
              "public_transport:version": "2",
              "ref": "16",
              "route": "tram",
              "source:interval": "https://mpk.wroc.pl/komunikat/701/2024-09-30-01092024r-zmiana-rozkladu-jazdy",
              "start_date": "2019-06-22",
              "to": "Tarnogaj",
              "type": "route",
              "url": "https://www.wroclaw.pl/komunikacja/przystanek-osobowice-linia-16-kierunek-tarnogaj-slupek-23204",
              "wheelchair": "limited"
            }
          }
        ]
      },
      "geometry": {
        "type": "Point",
        "coordinates": [
          17.011232,
          51.1344938
        ]
      },
      "id": "node/1701716079"
    },
    {
      "type": "Feature",
      "properties": {
        "@id": "node/1701716101",
        "@relations": [
          {
            "role": "platform",
            "rel": 9704848,
            "reltags": {
              "check_date": "2026-05-19",
              "from": "Tarnogaj",
              "interval:conditional": "12 @ (Mo-Fr 06:00-09:00,14:00-18:00); 15 @ (Mo-Fr 05:00-06:00,09:00-14:00,18:00-20:00); 20 @ (Mo-Fr 20:00-23:00,Sa-Su 05:00-23:00)",
              "name": "16: Tarnogaj → Osobowice",
              "network": "Wrocław",
              "opening_hours": "Mo-Su 05:00-23:00",
              "operator": "WTr UM Wrocław",
              "public_transport:version": "2",
              "ref": "16",
              "route": "tram",
              "source:interval": "https://mpk.wroc.pl/komunikat/701/2024-09-30-01092024r-zmiana-rozkladu-jazdy",
              "start_date": "2019-06-22",
              "to": "Osobowice",
              "type": "route",
              "url": "https://www.wroclaw.pl/komunikacja/przystanek-tarnogaj-linia-16-kierunek-osobowice-slupek-21022",
              "wheelchair": "limited"
            }
          }
        ]
      },
      "geometry": {
        "type": "Point",
        "coordinates": [
          17.0112529,
          51.1345817
        ]
      },
      "id": "node/1701716101"
    },
    {
      "type": "Feature",
      "properties": {
        "@id": "node/1701716135",
        "@relations": [
          {
            "role": "platform",
            "rel": 9704892,
            "reltags": {
              "check_date": "2026-05-19",
              "from": "Osobowice",
              "interval:conditional": "12 @ (Mo-Fr 06:00-09:00,14:00-18:00); 15 @ (Mo-Fr 05:00-06:00,09:00-14:00,18:00-20:00); 20 @ (Mo-Fr 20:00-23:00,Sa-Su 05:00-23:00)",
              "name": "16: Osobowice → Tarnogaj",
              "network": "Wrocław",
              "opening_hours": "Mo-Su 05:00-23:00",
              "operator": "WTr UM Wrocław",
              "public_transport:version": "2",
              "ref": "16",
              "route": "tram",
              "source:interval": "https://mpk.wroc.pl/komunikat/701/2024-09-30-01092024r-zmiana-rozkladu-jazdy",
              "start_date": "2019-06-22",
              "to": "Tarnogaj",
              "type": "route",
              "url": "https://www.wroclaw.pl/komunikacja/przystanek-osobowice-linia-16-kierunek-tarnogaj-slupek-23204",
              "wheelchair": "limited"
            }
          }
        ]
      },
      "geometry": {
        "type": "Point",
        "coordinates": [
          17.0057456,
          51.1350721
        ]
      },
      "id": "node/1701716135"
    },
    {
      "type": "Feature",
      "properties": {
        "@id": "node/1701716150",
        "@relations": [
          {
            "role": "platform",
            "rel": 9704848,
            "reltags": {
              "check_date": "2026-05-19",
              "from": "Tarnogaj",
              "interval:conditional": "12 @ (Mo-Fr 06:00-09:00,14:00-18:00); 15 @ (Mo-Fr 05:00-06:00,09:00-14:00,18:00-20:00); 20 @ (Mo-Fr 20:00-23:00,Sa-Su 05:00-23:00)",
              "name": "16: Tarnogaj → Osobowice",
              "network": "Wrocław",
              "opening_hours": "Mo-Su 05:00-23:00",
              "operator": "WTr UM Wrocław",
              "public_transport:version": "2",
              "ref": "16",
              "route": "tram",
              "source:interval": "https://mpk.wroc.pl/komunikat/701/2024-09-30-01092024r-zmiana-rozkladu-jazdy",
              "start_date": "2019-06-22",
              "to": "Osobowice",
              "type": "route",
              "url": "https://www.wroclaw.pl/komunikacja/przystanek-tarnogaj-linia-16-kierunek-osobowice-slupek-21022",
              "wheelchair": "limited"
            }
          }
        ]
      },
      "geometry": {
        "type": "Point",
        "coordinates": [
          17.0056368,
          51.1351741
        ]
      },
      "id": "node/1701716150"
    },
    {
      "type": "Feature",
      "properties": {
        "@id": "node/1701716849",
        "@relations": [
          {
            "role": "platform",
            "rel": 9704892,
            "reltags": {
              "check_date": "2026-05-19",
              "from": "Osobowice",
              "interval:conditional": "12 @ (Mo-Fr 06:00-09:00,14:00-18:00); 15 @ (Mo-Fr 05:00-06:00,09:00-14:00,18:00-20:00); 20 @ (Mo-Fr 20:00-23:00,Sa-Su 05:00-23:00)",
              "name": "16: Osobowice → Tarnogaj",
              "network": "Wrocław",
              "opening_hours": "Mo-Su 05:00-23:00",
              "operator": "WTr UM Wrocław",
              "public_transport:version": "2",
              "ref": "16",
              "route": "tram",
              "source:interval": "https://mpk.wroc.pl/komunikat/701/2024-09-30-01092024r-zmiana-rozkladu-jazdy",
              "start_date": "2019-06-22",
              "to": "Tarnogaj",
              "type": "route",
              "url": "https://www.wroclaw.pl/komunikacja/przystanek-osobowice-linia-16-kierunek-tarnogaj-slupek-23204",
              "wheelchair": "limited"
            }
          }
        ]
      },
      "geometry": {
        "type": "Point",
        "coordinates": [
          17.059916,
          51.111427
        ]
      },
      "id": "node/1701716849"
    },
    {
      "type": "Feature",
      "properties": {
        "@id": "node/1701716871",
        "@relations": [
          {
            "role": "platform",
            "rel": 9704848,
            "reltags": {
              "check_date": "2026-05-19",
              "from": "Tarnogaj",
              "interval:conditional": "12 @ (Mo-Fr 06:00-09:00,14:00-18:00); 15 @ (Mo-Fr 05:00-06:00,09:00-14:00,18:00-20:00); 20 @ (Mo-Fr 20:00-23:00,Sa-Su 05:00-23:00)",
              "name": "16: Tarnogaj → Osobowice",
              "network": "Wrocław",
              "opening_hours": "Mo-Su 05:00-23:00",
              "operator": "WTr UM Wrocław",
              "public_transport:version": "2",
              "ref": "16",
              "route": "tram",
              "source:interval": "https://mpk.wroc.pl/komunikat/701/2024-09-30-01092024r-zmiana-rozkladu-jazdy",
              "start_date": "2019-06-22",
              "to": "Osobowice",
              "type": "route",
              "url": "https://www.wroclaw.pl/komunikacja/przystanek-tarnogaj-linia-16-kierunek-osobowice-slupek-21022",
              "wheelchair": "limited"
            }
          }
        ]
      },
      "geometry": {
        "type": "Point",
        "coordinates": [
          17.060504,
          51.1116344
        ]
      },
      "id": "node/1701716871"
    },
    {
      "type": "Feature",
      "properties": {
        "@id": "node/1701717047",
        "@relations": [
          {
            "role": "platform",
            "rel": 9704892,
            "reltags": {
              "check_date": "2026-05-19",
              "from": "Osobowice",
              "interval:conditional": "12 @ (Mo-Fr 06:00-09:00,14:00-18:00); 15 @ (Mo-Fr 05:00-06:00,09:00-14:00,18:00-20:00); 20 @ (Mo-Fr 20:00-23:00,Sa-Su 05:00-23:00)",
              "name": "16: Osobowice → Tarnogaj",
              "network": "Wrocław",
              "opening_hours": "Mo-Su 05:00-23:00",
              "operator": "WTr UM Wrocław",
              "public_transport:version": "2",
              "ref": "16",
              "route": "tram",
              "source:interval": "https://mpk.wroc.pl/komunikat/701/2024-09-30-01092024r-zmiana-rozkladu-jazdy",
              "start_date": "2019-06-22",
              "to": "Tarnogaj",
              "type": "route",
              "url": "https://www.wroclaw.pl/komunikacja/przystanek-osobowice-linia-16-kierunek-tarnogaj-slupek-23204",
              "wheelchair": "limited"
            }
          }
        ]
      },
      "geometry": {
        "type": "Point",
        "coordinates": [
          17.0312387,
          51.1227749
        ]
      },
      "id": "node/1701717047"
    },
    {
      "type": "Feature",
      "properties": {
        "@id": "node/1701717052",
        "@relations": [
          {
            "role": "platform",
            "rel": 9704848,
            "reltags": {
              "check_date": "2026-05-19",
              "from": "Tarnogaj",
              "interval:conditional": "12 @ (Mo-Fr 06:00-09:00,14:00-18:00); 15 @ (Mo-Fr 05:00-06:00,09:00-14:00,18:00-20:00); 20 @ (Mo-Fr 20:00-23:00,Sa-Su 05:00-23:00)",
              "name": "16: Tarnogaj → Osobowice",
              "network": "Wrocław",
              "opening_hours": "Mo-Su 05:00-23:00",
              "operator": "WTr UM Wrocław",
              "public_transport:version": "2",
              "ref": "16",
              "route": "tram",
              "source:interval": "https://mpk.wroc.pl/komunikat/701/2024-09-30-01092024r-zmiana-rozkladu-jazdy",
              "start_date": "2019-06-22",
              "to": "Osobowice",
              "type": "route",
              "url": "https://www.wroclaw.pl/komunikacja/przystanek-tarnogaj-linia-16-kierunek-osobowice-slupek-21022",
              "wheelchair": "limited"
            }
          }
        ]
      },
      "geometry": {
        "type": "Point",
        "coordinates": [
          17.0316293,
          51.1230386
        ]
      },
      "id": "node/1701717052"
    },
    {
      "type": "Feature",
      "properties": {
        "@id": "node/1701717528",
        "@relations": [
          {
            "role": "platform",
            "rel": 9704848,
            "reltags": {
              "check_date": "2026-05-19",
              "from": "Tarnogaj",
              "interval:conditional": "12 @ (Mo-Fr 06:00-09:00,14:00-18:00); 15 @ (Mo-Fr 05:00-06:00,09:00-14:00,18:00-20:00); 20 @ (Mo-Fr 20:00-23:00,Sa-Su 05:00-23:00)",
              "name": "16: Tarnogaj → Osobowice",
              "network": "Wrocław",
              "opening_hours": "Mo-Su 05:00-23:00",
              "operator": "WTr UM Wrocław",
              "public_transport:version": "2",
              "ref": "16",
              "route": "tram",
              "source:interval": "https://mpk.wroc.pl/komunikat/701/2024-09-30-01092024r-zmiana-rozkladu-jazdy",
              "start_date": "2019-06-22",
              "to": "Osobowice",
              "type": "route",
              "url": "https://www.wroclaw.pl/komunikacja/przystanek-tarnogaj-linia-16-kierunek-osobowice-slupek-21022",
              "wheelchair": "limited"
            }
          }
        ]
      },
      "geometry": {
        "type": "Point",
        "coordinates": [
          17.0608886,
          51.1153721
        ]
      },
      "id": "node/1701717528"
    },
    {
      "type": "Feature",
      "properties": {
        "@id": "node/1701717771",
        "@relations": [
          {
            "role": "platform",
            "rel": 9704892,
            "reltags": {
              "check_date": "2026-05-19",
              "from": "Osobowice",
              "interval:conditional": "12 @ (Mo-Fr 06:00-09:00,14:00-18:00); 15 @ (Mo-Fr 05:00-06:00,09:00-14:00,18:00-20:00); 20 @ (Mo-Fr 20:00-23:00,Sa-Su 05:00-23:00)",
              "name": "16: Osobowice → Tarnogaj",
              "network": "Wrocław",
              "opening_hours": "Mo-Su 05:00-23:00",
              "operator": "WTr UM Wrocław",
              "public_transport:version": "2",
              "ref": "16",
              "route": "tram",
              "source:interval": "https://mpk.wroc.pl/komunikat/701/2024-09-30-01092024r-zmiana-rozkladu-jazdy",
              "start_date": "2019-06-22",
              "to": "Tarnogaj",
              "type": "route",
              "url": "https://www.wroclaw.pl/komunikacja/przystanek-osobowice-linia-16-kierunek-tarnogaj-slupek-23204",
              "wheelchair": "limited"
            }
          }
        ]
      },
      "geometry": {
        "type": "Point",
        "coordinates": [
          17.0450561,
          51.0892078
        ]
      },
      "id": "node/1701717771"
    },
    {
      "type": "Feature",
      "properties": {
        "@id": "node/1701717772",
        "@relations": [
          {
            "role": "platform",
            "rel": 9704848,
            "reltags": {
              "check_date": "2026-05-19",
              "from": "Tarnogaj",
              "interval:conditional": "12 @ (Mo-Fr 06:00-09:00,14:00-18:00); 15 @ (Mo-Fr 05:00-06:00,09:00-14:00,18:00-20:00); 20 @ (Mo-Fr 20:00-23:00,Sa-Su 05:00-23:00)",
              "name": "16: Tarnogaj → Osobowice",
              "network": "Wrocław",
              "opening_hours": "Mo-Su 05:00-23:00",
              "operator": "WTr UM Wrocław",
              "public_transport:version": "2",
              "ref": "16",
              "route": "tram",
              "source:interval": "https://mpk.wroc.pl/komunikat/701/2024-09-30-01092024r-zmiana-rozkladu-jazdy",
              "start_date": "2019-06-22",
              "to": "Osobowice",
              "type": "route",
              "url": "https://www.wroclaw.pl/komunikacja/przystanek-tarnogaj-linia-16-kierunek-osobowice-slupek-21022",
              "wheelchair": "limited"
            }
          }
        ]
      },
      "geometry": {
        "type": "Point",
        "coordinates": [
          17.0448209,
          51.0900522
        ]
      },
      "id": "node/1701717772"
    },
    {
      "type": "Feature",
      "properties": {
        "@id": "node/1701717790",
        "@relations": [
          {
            "role": "platform",
            "rel": 9704848,
            "reltags": {
              "check_date": "2026-05-19",
              "from": "Tarnogaj",
              "interval:conditional": "12 @ (Mo-Fr 06:00-09:00,14:00-18:00); 15 @ (Mo-Fr 05:00-06:00,09:00-14:00,18:00-20:00); 20 @ (Mo-Fr 20:00-23:00,Sa-Su 05:00-23:00)",
              "name": "16: Tarnogaj → Osobowice",
              "network": "Wrocław",
              "opening_hours": "Mo-Su 05:00-23:00",
              "operator": "WTr UM Wrocław",
              "public_transport:version": "2",
              "ref": "16",
              "route": "tram",
              "source:interval": "https://mpk.wroc.pl/komunikat/701/2024-09-30-01092024r-zmiana-rozkladu-jazdy",
              "start_date": "2019-06-22",
              "to": "Osobowice",
              "type": "route",
              "url": "https://www.wroclaw.pl/komunikacja/przystanek-tarnogaj-linia-16-kierunek-osobowice-slupek-21022",
              "wheelchair": "limited"
            }
          }
        ]
      },
      "geometry": {
        "type": "Point",
        "coordinates": [
          17.0566777,
          51.1198475
        ]
      },
      "id": "node/1701717790"
    },
    {
      "type": "Feature",
      "properties": {
        "@id": "node/1701717811",
        "@relations": [
          {
            "role": "platform",
            "rel": 9704892,
            "reltags": {
              "check_date": "2026-05-19",
              "from": "Osobowice",
              "interval:conditional": "12 @ (Mo-Fr 06:00-09:00,14:00-18:00); 15 @ (Mo-Fr 05:00-06:00,09:00-14:00,18:00-20:00); 20 @ (Mo-Fr 20:00-23:00,Sa-Su 05:00-23:00)",
              "name": "16: Osobowice → Tarnogaj",
              "network": "Wrocław",
              "opening_hours": "Mo-Su 05:00-23:00",
              "operator": "WTr UM Wrocław",
              "public_transport:version": "2",
              "ref": "16",
              "route": "tram",
              "source:interval": "https://mpk.wroc.pl/komunikat/701/2024-09-30-01092024r-zmiana-rozkladu-jazdy",
              "start_date": "2019-06-22",
              "to": "Tarnogaj",
              "type": "route",
              "url": "https://www.wroclaw.pl/komunikacja/przystanek-osobowice-linia-16-kierunek-tarnogaj-slupek-23204",
              "wheelchair": "limited"
            }
          }
        ]
      },
      "geometry": {
        "type": "Point",
        "coordinates": [
          17.056532,
          51.119793
        ]
      },
      "id": "node/1701717811"
    },
    {
      "type": "Feature",
      "properties": {
        "@id": "node/1701718415",
        "@relations": [
          {
            "role": "platform",
            "rel": 9704892,
            "reltags": {
              "check_date": "2026-05-19",
              "from": "Osobowice",
              "interval:conditional": "12 @ (Mo-Fr 06:00-09:00,14:00-18:00); 15 @ (Mo-Fr 05:00-06:00,09:00-14:00,18:00-20:00); 20 @ (Mo-Fr 20:00-23:00,Sa-Su 05:00-23:00)",
              "name": "16: Osobowice → Tarnogaj",
              "network": "Wrocław",
              "opening_hours": "Mo-Su 05:00-23:00",
              "operator": "WTr UM Wrocław",
              "public_transport:version": "2",
              "ref": "16",
              "route": "tram",
              "source:interval": "https://mpk.wroc.pl/komunikat/701/2024-09-30-01092024r-zmiana-rozkladu-jazdy",
              "start_date": "2019-06-22",
              "to": "Tarnogaj",
              "type": "route",
              "url": "https://www.wroclaw.pl/komunikacja/przystanek-osobowice-linia-16-kierunek-tarnogaj-slupek-23204",
              "wheelchair": "limited"
            }
          }
        ]
      },
      "geometry": {
        "type": "Point",
        "coordinates": [
          17.0198903,
          51.1336579
        ]
      },
      "id": "node/1701718415"
    },
    {
      "type": "Feature",
      "properties": {
        "@id": "node/1701718446",
        "@relations": [
          {
            "role": "platform",
            "rel": 9704848,
            "reltags": {
              "check_date": "2026-05-19",
              "from": "Tarnogaj",
              "interval:conditional": "12 @ (Mo-Fr 06:00-09:00,14:00-18:00); 15 @ (Mo-Fr 05:00-06:00,09:00-14:00,18:00-20:00); 20 @ (Mo-Fr 20:00-23:00,Sa-Su 05:00-23:00)",
              "name": "16: Tarnogaj → Osobowice",
              "network": "Wrocław",
              "opening_hours": "Mo-Su 05:00-23:00",
              "operator": "WTr UM Wrocław",
              "public_transport:version": "2",
              "ref": "16",
              "route": "tram",
              "source:interval": "https://mpk.wroc.pl/komunikat/701/2024-09-30-01092024r-zmiana-rozkladu-jazdy",
              "start_date": "2019-06-22",
              "to": "Osobowice",
              "type": "route",
              "url": "https://www.wroclaw.pl/komunikacja/przystanek-tarnogaj-linia-16-kierunek-osobowice-slupek-21022",
              "wheelchair": "limited"
            }
          }
        ]
      },
      "geometry": {
        "type": "Point",
        "coordinates": [
          17.0194422,
          51.1337943
        ]
      },
      "id": "node/1701718446"
    },
    {
      "type": "Feature",
      "properties": {
        "@id": "node/1701721123",
        "@relations": [
          {
            "role": "platform",
            "rel": 9704848,
            "reltags": {
              "check_date": "2026-05-19",
              "from": "Tarnogaj",
              "interval:conditional": "12 @ (Mo-Fr 06:00-09:00,14:00-18:00); 15 @ (Mo-Fr 05:00-06:00,09:00-14:00,18:00-20:00); 20 @ (Mo-Fr 20:00-23:00,Sa-Su 05:00-23:00)",
              "name": "16: Tarnogaj → Osobowice",
              "network": "Wrocław",
              "opening_hours": "Mo-Su 05:00-23:00",
              "operator": "WTr UM Wrocław",
              "public_transport:version": "2",
              "ref": "16",
              "route": "tram",
              "source:interval": "https://mpk.wroc.pl/komunikat/701/2024-09-30-01092024r-zmiana-rozkladu-jazdy",
              "start_date": "2019-06-22",
              "to": "Osobowice",
              "type": "route",
              "url": "https://www.wroclaw.pl/komunikacja/przystanek-tarnogaj-linia-16-kierunek-osobowice-slupek-21022",
              "wheelchair": "limited"
            }
          }
        ]
      },
      "geometry": {
        "type": "Point",
        "coordinates": [
          17.0402217,
          51.1235467
        ]
      },
      "id": "node/1701721123"
    },
    {
      "type": "Feature",
      "properties": {
        "@id": "node/1701721153",
        "@relations": [
          {
            "role": "platform",
            "rel": 9704892,
            "reltags": {
              "check_date": "2026-05-19",
              "from": "Osobowice",
              "interval:conditional": "12 @ (Mo-Fr 06:00-09:00,14:00-18:00); 15 @ (Mo-Fr 05:00-06:00,09:00-14:00,18:00-20:00); 20 @ (Mo-Fr 20:00-23:00,Sa-Su 05:00-23:00)",
              "name": "16: Osobowice → Tarnogaj",
              "network": "Wrocław",
              "opening_hours": "Mo-Su 05:00-23:00",
              "operator": "WTr UM Wrocław",
              "public_transport:version": "2",
              "ref": "16",
              "route": "tram",
              "source:interval": "https://mpk.wroc.pl/komunikat/701/2024-09-30-01092024r-zmiana-rozkladu-jazdy",
              "start_date": "2019-06-22",
              "to": "Tarnogaj",
              "type": "route",
              "url": "https://www.wroclaw.pl/komunikacja/przystanek-osobowice-linia-16-kierunek-tarnogaj-slupek-23204",
              "wheelchair": "limited"
            }
          }
        ]
      },
      "geometry": {
        "type": "Point",
        "coordinates": [
          17.0413489,
          51.1236287
        ]
      },
      "id": "node/1701721153"
    },
    {
      "type": "Feature",
      "properties": {
        "@id": "node/1701721333",
        "@relations": [
          {
            "role": "platform_entry_only",
            "rel": 9704848,
            "reltags": {
              "check_date": "2026-05-19",
              "from": "Tarnogaj",
              "interval:conditional": "12 @ (Mo-Fr 06:00-09:00,14:00-18:00); 15 @ (Mo-Fr 05:00-06:00,09:00-14:00,18:00-20:00); 20 @ (Mo-Fr 20:00-23:00,Sa-Su 05:00-23:00)",
              "name": "16: Tarnogaj → Osobowice",
              "network": "Wrocław",
              "opening_hours": "Mo-Su 05:00-23:00",
              "operator": "WTr UM Wrocław",
              "public_transport:version": "2",
              "ref": "16",
              "route": "tram",
              "source:interval": "https://mpk.wroc.pl/komunikat/701/2024-09-30-01092024r-zmiana-rozkladu-jazdy",
              "start_date": "2019-06-22",
              "to": "Osobowice",
              "type": "route",
              "url": "https://www.wroclaw.pl/komunikacja/przystanek-tarnogaj-linia-16-kierunek-osobowice-slupek-21022",
              "wheelchair": "limited"
            }
          }
        ]
      },
      "geometry": {
        "type": "Point",
        "coordinates": [
          17.0639568,
          51.0785108
        ]
      },
      "id": "node/1701721333"
    },
    {
      "type": "Feature",
      "properties": {
        "@id": "node/1701721700",
        "@relations": [
          {
            "role": "platform",
            "rel": 9704892,
            "reltags": {
              "check_date": "2026-05-19",
              "from": "Osobowice",
              "interval:conditional": "12 @ (Mo-Fr 06:00-09:00,14:00-18:00); 15 @ (Mo-Fr 05:00-06:00,09:00-14:00,18:00-20:00); 20 @ (Mo-Fr 20:00-23:00,Sa-Su 05:00-23:00)",
              "name": "16: Osobowice → Tarnogaj",
              "network": "Wrocław",
              "opening_hours": "Mo-Su 05:00-23:00",
              "operator": "WTr UM Wrocław",
              "public_transport:version": "2",
              "ref": "16",
              "route": "tram",
              "source:interval": "https://mpk.wroc.pl/komunikat/701/2024-09-30-01092024r-zmiana-rozkladu-jazdy",
              "start_date": "2019-06-22",
              "to": "Tarnogaj",
              "type": "route",
              "url": "https://www.wroclaw.pl/komunikacja/przystanek-osobowice-linia-16-kierunek-tarnogaj-slupek-23204",
              "wheelchair": "limited"
            }
          }
        ]
      },
      "geometry": {
        "type": "Point",
        "coordinates": [
          17.0602142,
          51.083681
        ]
      },
      "id": "node/1701721700"
    },
    {
      "type": "Feature",
      "properties": {
        "@id": "node/1701721713",
        "@relations": [
          {
            "role": "platform",
            "rel": 9704848,
            "reltags": {
              "check_date": "2026-05-19",
              "from": "Tarnogaj",
              "interval:conditional": "12 @ (Mo-Fr 06:00-09:00,14:00-18:00); 15 @ (Mo-Fr 05:00-06:00,09:00-14:00,18:00-20:00); 20 @ (Mo-Fr 20:00-23:00,Sa-Su 05:00-23:00)",
              "name": "16: Tarnogaj → Osobowice",
              "network": "Wrocław",
              "opening_hours": "Mo-Su 05:00-23:00",
              "operator": "WTr UM Wrocław",
              "public_transport:version": "2",
              "ref": "16",
              "route": "tram",
              "source:interval": "https://mpk.wroc.pl/komunikat/701/2024-09-30-01092024r-zmiana-rozkladu-jazdy",
              "start_date": "2019-06-22",
              "to": "Osobowice",
              "type": "route",
              "url": "https://www.wroclaw.pl/komunikacja/przystanek-tarnogaj-linia-16-kierunek-osobowice-slupek-21022",
              "wheelchair": "limited"
            }
          }
        ]
      },
      "geometry": {
        "type": "Point",
        "coordinates": [
          17.0596693,
          51.0837287
        ]
      },
      "id": "node/1701721713"
    },
    {
      "type": "Feature",
      "properties": {
        "@id": "node/1701722087",
        "@relations": [
          {
            "role": "platform",
            "rel": 9704848,
            "reltags": {
              "check_date": "2026-05-19",
              "from": "Tarnogaj",
              "interval:conditional": "12 @ (Mo-Fr 06:00-09:00,14:00-18:00); 15 @ (Mo-Fr 05:00-06:00,09:00-14:00,18:00-20:00); 20 @ (Mo-Fr 20:00-23:00,Sa-Su 05:00-23:00)",
              "name": "16: Tarnogaj → Osobowice",
              "network": "Wrocław",
              "opening_hours": "Mo-Su 05:00-23:00",
              "operator": "WTr UM Wrocław",
              "public_transport:version": "2",
              "ref": "16",
              "route": "tram",
              "source:interval": "https://mpk.wroc.pl/komunikat/701/2024-09-30-01092024r-zmiana-rozkladu-jazdy",
              "start_date": "2019-06-22",
              "to": "Osobowice",
              "type": "route",
              "url": "https://www.wroclaw.pl/komunikacja/przystanek-tarnogaj-linia-16-kierunek-osobowice-slupek-21022",
              "wheelchair": "limited"
            }
          }
        ]
      },
      "geometry": {
        "type": "Point",
        "coordinates": [
          17.0499925,
          51.1086152
        ]
      },
      "id": "node/1701722087"
    },
    {
      "type": "Feature",
      "properties": {
        "@id": "node/1701722088",
        "@relations": [
          {
            "role": "platform",
            "rel": 9704892,
            "reltags": {
              "check_date": "2026-05-19",
              "from": "Osobowice",
              "interval:conditional": "12 @ (Mo-Fr 06:00-09:00,14:00-18:00); 15 @ (Mo-Fr 05:00-06:00,09:00-14:00,18:00-20:00); 20 @ (Mo-Fr 20:00-23:00,Sa-Su 05:00-23:00)",
              "name": "16: Osobowice → Tarnogaj",
              "network": "Wrocław",
              "opening_hours": "Mo-Su 05:00-23:00",
              "operator": "WTr UM Wrocław",
              "public_transport:version": "2",
              "ref": "16",
              "route": "tram",
              "source:interval": "https://mpk.wroc.pl/komunikat/701/2024-09-30-01092024r-zmiana-rozkladu-jazdy",
              "start_date": "2019-06-22",
              "to": "Tarnogaj",
              "type": "route",
              "url": "https://www.wroclaw.pl/komunikacja/przystanek-osobowice-linia-16-kierunek-tarnogaj-slupek-23204",
              "wheelchair": "limited"
            }
          }
        ]
      },
      "geometry": {
        "type": "Point",
        "coordinates": [
          17.0495639,
          51.108645
        ]
      },
      "id": "node/1701722088"
    },
    {
      "type": "Feature",
      "properties": {
        "@id": "node/1701723057",
        "@relations": [
          {
            "role": "platform",
            "rel": 9704848,
            "reltags": {
              "check_date": "2026-05-19",
              "from": "Tarnogaj",
              "interval:conditional": "12 @ (Mo-Fr 06:00-09:00,14:00-18:00); 15 @ (Mo-Fr 05:00-06:00,09:00-14:00,18:00-20:00); 20 @ (Mo-Fr 20:00-23:00,Sa-Su 05:00-23:00)",
              "name": "16: Tarnogaj → Osobowice",
              "network": "Wrocław",
              "opening_hours": "Mo-Su 05:00-23:00",
              "operator": "WTr UM Wrocław",
              "public_transport:version": "2",
              "ref": "16",
              "route": "tram",
              "source:interval": "https://mpk.wroc.pl/komunikat/701/2024-09-30-01092024r-zmiana-rozkladu-jazdy",
              "start_date": "2019-06-22",
              "to": "Osobowice",
              "type": "route",
              "url": "https://www.wroclaw.pl/komunikacja/przystanek-tarnogaj-linia-16-kierunek-osobowice-slupek-21022",
              "wheelchair": "limited"
            }
          }
        ]
      },
      "geometry": {
        "type": "Point",
        "coordinates": [
          17.052924,
          51.1219414
        ]
      },
      "id": "node/1701723057"
    },
    {
      "type": "Feature",
      "properties": {
        "@id": "node/1701723073",
        "@relations": [
          {
            "role": "platform",
            "rel": 9704892,
            "reltags": {
              "check_date": "2026-05-19",
              "from": "Osobowice",
              "interval:conditional": "12 @ (Mo-Fr 06:00-09:00,14:00-18:00); 15 @ (Mo-Fr 05:00-06:00,09:00-14:00,18:00-20:00); 20 @ (Mo-Fr 20:00-23:00,Sa-Su 05:00-23:00)",
              "name": "16: Osobowice → Tarnogaj",
              "network": "Wrocław",
              "opening_hours": "Mo-Su 05:00-23:00",
              "operator": "WTr UM Wrocław",
              "public_transport:version": "2",
              "ref": "16",
              "route": "tram",
              "source:interval": "https://mpk.wroc.pl/komunikat/701/2024-09-30-01092024r-zmiana-rozkladu-jazdy",
              "start_date": "2019-06-22",
              "to": "Tarnogaj",
              "type": "route",
              "url": "https://www.wroclaw.pl/komunikacja/przystanek-osobowice-linia-16-kierunek-tarnogaj-slupek-23204",
              "wheelchair": "limited"
            }
          }
        ]
      },
      "geometry": {
        "type": "Point",
        "coordinates": [
          17.0518776,
          51.1223306
        ]
      },
      "id": "node/1701723073"
    },
    {
      "type": "Feature",
      "properties": {
        "@id": "node/1701723382",
        "@relations": [
          {
            "role": "platform",
            "rel": 9704848,
            "reltags": {
              "check_date": "2026-05-19",
              "from": "Tarnogaj",
              "interval:conditional": "12 @ (Mo-Fr 06:00-09:00,14:00-18:00); 15 @ (Mo-Fr 05:00-06:00,09:00-14:00,18:00-20:00); 20 @ (Mo-Fr 20:00-23:00,Sa-Su 05:00-23:00)",
              "name": "16: Tarnogaj → Osobowice",
              "network": "Wrocław",
              "opening_hours": "Mo-Su 05:00-23:00",
              "operator": "WTr UM Wrocław",
              "public_transport:version": "2",
              "ref": "16",
              "route": "tram",
              "source:interval": "https://mpk.wroc.pl/komunikat/701/2024-09-30-01092024r-zmiana-rozkladu-jazdy",
              "start_date": "2019-06-22",
              "to": "Osobowice",
              "type": "route",
              "url": "https://www.wroclaw.pl/komunikacja/przystanek-tarnogaj-linia-16-kierunek-osobowice-slupek-21022",
              "wheelchair": "limited"
            }
          }
        ]
      },
      "geometry": {
        "type": "Point",
        "coordinates": [
          17.0554905,
          51.110136
        ]
      },
      "id": "node/1701723382"
    },
    {
      "type": "Feature",
      "properties": {
        "@id": "node/1701723383",
        "@relations": [
          {
            "role": "platform",
            "rel": 9704892,
            "reltags": {
              "check_date": "2026-05-19",
              "from": "Osobowice",
              "interval:conditional": "12 @ (Mo-Fr 06:00-09:00,14:00-18:00); 15 @ (Mo-Fr 05:00-06:00,09:00-14:00,18:00-20:00); 20 @ (Mo-Fr 20:00-23:00,Sa-Su 05:00-23:00)",
              "name": "16: Osobowice → Tarnogaj",
              "network": "Wrocław",
              "opening_hours": "Mo-Su 05:00-23:00",
              "operator": "WTr UM Wrocław",
              "public_transport:version": "2",
              "ref": "16",
              "route": "tram",
              "source:interval": "https://mpk.wroc.pl/komunikat/701/2024-09-30-01092024r-zmiana-rozkladu-jazdy",
              "start_date": "2019-06-22",
              "to": "Tarnogaj",
              "type": "route",
              "url": "https://www.wroclaw.pl/komunikacja/przystanek-osobowice-linia-16-kierunek-tarnogaj-slupek-23204",
              "wheelchair": "limited"
            }
          }
        ]
      },
      "geometry": {
        "type": "Point",
        "coordinates": [
          17.0553849,
          51.1102122
        ]
      },
      "id": "node/1701723383"
    },
    {
      "type": "Feature",
      "properties": {
        "@id": "node/1701723405",
        "@relations": [
          {
            "role": "platform",
            "rel": 9704892,
            "reltags": {
              "check_date": "2026-05-19",
              "from": "Osobowice",
              "interval:conditional": "12 @ (Mo-Fr 06:00-09:00,14:00-18:00); 15 @ (Mo-Fr 05:00-06:00,09:00-14:00,18:00-20:00); 20 @ (Mo-Fr 20:00-23:00,Sa-Su 05:00-23:00)",
              "name": "16: Osobowice → Tarnogaj",
              "network": "Wrocław",
              "opening_hours": "Mo-Su 05:00-23:00",
              "operator": "WTr UM Wrocław",
              "public_transport:version": "2",
              "ref": "16",
              "route": "tram",
              "source:interval": "https://mpk.wroc.pl/komunikat/701/2024-09-30-01092024r-zmiana-rozkladu-jazdy",
              "start_date": "2019-06-22",
              "to": "Tarnogaj",
              "type": "route",
              "url": "https://www.wroclaw.pl/komunikacja/przystanek-osobowice-linia-16-kierunek-tarnogaj-slupek-23204",
              "wheelchair": "limited"
            }
          }
        ]
      },
      "geometry": {
        "type": "Point",
        "coordinates": [
          17.0275618,
          51.1330547
        ]
      },
      "id": "node/1701723405"
    },
    {
      "type": "Feature",
      "properties": {
        "@id": "node/1701723414",
        "@relations": [
          {
            "role": "platform",
            "rel": 9704848,
            "reltags": {
              "check_date": "2026-05-19",
              "from": "Tarnogaj",
              "interval:conditional": "12 @ (Mo-Fr 06:00-09:00,14:00-18:00); 15 @ (Mo-Fr 05:00-06:00,09:00-14:00,18:00-20:00); 20 @ (Mo-Fr 20:00-23:00,Sa-Su 05:00-23:00)",
              "name": "16: Tarnogaj → Osobowice",
              "network": "Wrocław",
              "opening_hours": "Mo-Su 05:00-23:00",
              "operator": "WTr UM Wrocław",
              "public_transport:version": "2",
              "ref": "16",
              "route": "tram",
              "source:interval": "https://mpk.wroc.pl/komunikat/701/2024-09-30-01092024r-zmiana-rozkladu-jazdy",
              "start_date": "2019-06-22",
              "to": "Osobowice",
              "type": "route",
              "url": "https://www.wroclaw.pl/komunikacja/przystanek-tarnogaj-linia-16-kierunek-osobowice-slupek-21022",
              "wheelchair": "limited"
            }
          }
        ]
      },
      "geometry": {
        "type": "Point",
        "coordinates": [
          17.0263487,
          51.1331623
        ]
      },
      "id": "node/1701723414"
    },
    {
      "type": "Feature",
      "properties": {
        "@id": "node/1702311543",
        "@relations": [
          {
            "role": "platform_exit_only",
            "rel": 9704892,
            "reltags": {
              "check_date": "2026-05-19",
              "from": "Osobowice",
              "interval:conditional": "12 @ (Mo-Fr 06:00-09:00,14:00-18:00); 15 @ (Mo-Fr 05:00-06:00,09:00-14:00,18:00-20:00); 20 @ (Mo-Fr 20:00-23:00,Sa-Su 05:00-23:00)",
              "name": "16: Osobowice → Tarnogaj",
              "network": "Wrocław",
              "opening_hours": "Mo-Su 05:00-23:00",
              "operator": "WTr UM Wrocław",
              "public_transport:version": "2",
              "ref": "16",
              "route": "tram",
              "source:interval": "https://mpk.wroc.pl/komunikat/701/2024-09-30-01092024r-zmiana-rozkladu-jazdy",
              "start_date": "2019-06-22",
              "to": "Tarnogaj",
              "type": "route",
              "url": "https://www.wroclaw.pl/komunikacja/przystanek-osobowice-linia-16-kierunek-tarnogaj-slupek-23204",
              "wheelchair": "limited"
            }
          }
        ]
      },
      "geometry": {
        "type": "Point",
        "coordinates": [
          17.0637113,
          51.0780217
        ]
      },
      "id": "node/1702311543"
    },
    {
      "type": "Feature",
      "properties": {
        "@id": "node/1702311774",
        "@relations": [
          {
            "role": "platform",
            "rel": 9704848,
            "reltags": {
              "check_date": "2026-05-19",
              "from": "Tarnogaj",
              "interval:conditional": "12 @ (Mo-Fr 06:00-09:00,14:00-18:00); 15 @ (Mo-Fr 05:00-06:00,09:00-14:00,18:00-20:00); 20 @ (Mo-Fr 20:00-23:00,Sa-Su 05:00-23:00)",
              "name": "16: Tarnogaj → Osobowice",
              "network": "Wrocław",
              "opening_hours": "Mo-Su 05:00-23:00",
              "operator": "WTr UM Wrocław",
              "public_transport:version": "2",
              "ref": "16",
              "route": "tram",
              "source:interval": "https://mpk.wroc.pl/komunikat/701/2024-09-30-01092024r-zmiana-rozkladu-jazdy",
              "start_date": "2019-06-22",
              "to": "Osobowice",
              "type": "route",
              "url": "https://www.wroclaw.pl/komunikacja/przystanek-tarnogaj-linia-16-kierunek-osobowice-slupek-21022",
              "wheelchair": "limited"
            }
          }
        ]
      },
      "geometry": {
        "type": "Point",
        "coordinates": [
          17.0454185,
          51.1001615
        ]
      },
      "id": "node/1702311774"
    },
    {
      "type": "Feature",
      "properties": {
        "@id": "node/1702311793",
        "@relations": [
          {
            "role": "platform",
            "rel": 9704892,
            "reltags": {
              "check_date": "2026-05-19",
              "from": "Osobowice",
              "interval:conditional": "12 @ (Mo-Fr 06:00-09:00,14:00-18:00); 15 @ (Mo-Fr 05:00-06:00,09:00-14:00,18:00-20:00); 20 @ (Mo-Fr 20:00-23:00,Sa-Su 05:00-23:00)",
              "name": "16: Osobowice → Tarnogaj",
              "network": "Wrocław",
              "opening_hours": "Mo-Su 05:00-23:00",
              "operator": "WTr UM Wrocław",
              "public_transport:version": "2",
              "ref": "16",
              "route": "tram",
              "source:interval": "https://mpk.wroc.pl/komunikat/701/2024-09-30-01092024r-zmiana-rozkladu-jazdy",
              "start_date": "2019-06-22",
              "to": "Tarnogaj",
              "type": "route",
              "url": "https://www.wroclaw.pl/komunikacja/przystanek-osobowice-linia-16-kierunek-tarnogaj-slupek-23204",
              "wheelchair": "limited"
            }
          }
        ]
      },
      "geometry": {
        "type": "Point",
        "coordinates": [
          17.0451674,
          51.1000441
        ]
      },
      "id": "node/1702311793"
    },
    {
      "type": "Feature",
      "properties": {
        "@id": "node/1702311815",
        "@relations": [
          {
            "role": "platform",
            "rel": 9704848,
            "reltags": {
              "check_date": "2026-05-19",
              "from": "Tarnogaj",
              "interval:conditional": "12 @ (Mo-Fr 06:00-09:00,14:00-18:00); 15 @ (Mo-Fr 05:00-06:00,09:00-14:00,18:00-20:00); 20 @ (Mo-Fr 20:00-23:00,Sa-Su 05:00-23:00)",
              "name": "16: Tarnogaj → Osobowice",
              "network": "Wrocław",
              "opening_hours": "Mo-Su 05:00-23:00",
              "operator": "WTr UM Wrocław",
              "public_transport:version": "2",
              "ref": "16",
              "route": "tram",
              "source:interval": "https://mpk.wroc.pl/komunikat/701/2024-09-30-01092024r-zmiana-rozkladu-jazdy",
              "start_date": "2019-06-22",
              "to": "Osobowice",
              "type": "route",
              "url": "https://www.wroclaw.pl/komunikacja/przystanek-tarnogaj-linia-16-kierunek-osobowice-slupek-21022",
              "wheelchair": "limited"
            }
          }
        ]
      },
      "geometry": {
        "type": "Point",
        "coordinates": [
          17.0466135,
          51.1022286
        ]
      },
      "id": "node/1702311815"
    },
    {
      "type": "Feature",
      "properties": {
        "@id": "node/1702311822",
        "@relations": [
          {
            "role": "platform",
            "rel": 9704892,
            "reltags": {
              "check_date": "2026-05-19",
              "from": "Osobowice",
              "interval:conditional": "12 @ (Mo-Fr 06:00-09:00,14:00-18:00); 15 @ (Mo-Fr 05:00-06:00,09:00-14:00,18:00-20:00); 20 @ (Mo-Fr 20:00-23:00,Sa-Su 05:00-23:00)",
              "name": "16: Osobowice → Tarnogaj",
              "network": "Wrocław",
              "opening_hours": "Mo-Su 05:00-23:00",
              "operator": "WTr UM Wrocław",
              "public_transport:version": "2",
              "ref": "16",
              "route": "tram",
              "source:interval": "https://mpk.wroc.pl/komunikat/701/2024-09-30-01092024r-zmiana-rozkladu-jazdy",
              "start_date": "2019-06-22",
              "to": "Tarnogaj",
              "type": "route",
              "url": "https://www.wroclaw.pl/komunikacja/przystanek-osobowice-linia-16-kierunek-tarnogaj-slupek-23204",
              "wheelchair": "limited"
            }
          }
        ]
      },
      "geometry": {
        "type": "Point",
        "coordinates": [
          17.0461224,
          51.1017282
        ]
      },
      "id": "node/1702311822"
    },
    {
      "type": "Feature",
      "properties": {
        "@id": "node/1702311831",
        "@relations": [
          {
            "role": "platform",
            "rel": 9704892,
            "reltags": {
              "check_date": "2026-05-19",
              "from": "Osobowice",
              "interval:conditional": "12 @ (Mo-Fr 06:00-09:00,14:00-18:00); 15 @ (Mo-Fr 05:00-06:00,09:00-14:00,18:00-20:00); 20 @ (Mo-Fr 20:00-23:00,Sa-Su 05:00-23:00)",
              "name": "16: Osobowice → Tarnogaj",
              "network": "Wrocław",
              "opening_hours": "Mo-Su 05:00-23:00",
              "operator": "WTr UM Wrocław",
              "public_transport:version": "2",
              "ref": "16",
              "route": "tram",
              "source:interval": "https://mpk.wroc.pl/komunikat/701/2024-09-30-01092024r-zmiana-rozkladu-jazdy",
              "start_date": "2019-06-22",
              "to": "Tarnogaj",
              "type": "route",
              "url": "https://www.wroclaw.pl/komunikacja/przystanek-osobowice-linia-16-kierunek-tarnogaj-slupek-23204",
              "wheelchair": "limited"
            }
          }
        ]
      },
      "geometry": {
        "type": "Point",
        "coordinates": [
          17.0483476,
          51.104887
        ]
      },
      "id": "node/1702311831"
    },
    {
      "type": "Feature",
      "properties": {
        "@id": "node/1702311834",
        "@relations": [
          {
            "role": "platform",
            "rel": 9704848,
            "reltags": {
              "check_date": "2026-05-19",
              "from": "Tarnogaj",
              "interval:conditional": "12 @ (Mo-Fr 06:00-09:00,14:00-18:00); 15 @ (Mo-Fr 05:00-06:00,09:00-14:00,18:00-20:00); 20 @ (Mo-Fr 20:00-23:00,Sa-Su 05:00-23:00)",
              "name": "16: Tarnogaj → Osobowice",
              "network": "Wrocław",
              "opening_hours": "Mo-Su 05:00-23:00",
              "operator": "WTr UM Wrocław",
              "public_transport:version": "2",
              "ref": "16",
              "route": "tram",
              "source:interval": "https://mpk.wroc.pl/komunikat/701/2024-09-30-01092024r-zmiana-rozkladu-jazdy",
              "start_date": "2019-06-22",
              "to": "Osobowice",
              "type": "route",
              "url": "https://www.wroclaw.pl/komunikacja/przystanek-tarnogaj-linia-16-kierunek-osobowice-slupek-21022",
              "wheelchair": "limited"
            }
          }
        ]
      },
      "geometry": {
        "type": "Point",
        "coordinates": [
          17.0480999,
          51.1052646
        ]
      },
      "id": "node/1702311834"
    },
    {
      "type": "Feature",
      "properties": {
        "@id": "node/1702312004",
        "@relations": [
          {
            "role": "platform_exit_only",
            "rel": 9704848,
            "reltags": {
              "check_date": "2026-05-19",
              "from": "Tarnogaj",
              "interval:conditional": "12 @ (Mo-Fr 06:00-09:00,14:00-18:00); 15 @ (Mo-Fr 05:00-06:00,09:00-14:00,18:00-20:00); 20 @ (Mo-Fr 20:00-23:00,Sa-Su 05:00-23:00)",
              "name": "16: Tarnogaj → Osobowice",
              "network": "Wrocław",
              "opening_hours": "Mo-Su 05:00-23:00",
              "operator": "WTr UM Wrocław",
              "public_transport:version": "2",
              "ref": "16",
              "route": "tram",
              "source:interval": "https://mpk.wroc.pl/komunikat/701/2024-09-30-01092024r-zmiana-rozkladu-jazdy",
              "start_date": "2019-06-22",
              "to": "Osobowice",
              "type": "route",
              "url": "https://www.wroclaw.pl/komunikacja/przystanek-tarnogaj-linia-16-kierunek-osobowice-slupek-21022",
              "wheelchair": "limited"
            }
          }
        ]
      },
      "geometry": {
        "type": "Point",
        "coordinates": [
          16.9946487,
          51.137424
        ]
      },
      "id": "node/1702312004"
    },
    {
      "type": "Feature",
      "properties": {
        "@id": "node/1885345424",
        "@relations": [
          {
            "role": "stop",
            "rel": 9704848,
            "reltags": {
              "check_date": "2026-05-19",
              "from": "Tarnogaj",
              "interval:conditional": "12 @ (Mo-Fr 06:00-09:00,14:00-18:00); 15 @ (Mo-Fr 05:00-06:00,09:00-14:00,18:00-20:00); 20 @ (Mo-Fr 20:00-23:00,Sa-Su 05:00-23:00)",
              "name": "16: Tarnogaj → Osobowice",
              "network": "Wrocław",
              "opening_hours": "Mo-Su 05:00-23:00",
              "operator": "WTr UM Wrocław",
              "public_transport:version": "2",
              "ref": "16",
              "route": "tram",
              "source:interval": "https://mpk.wroc.pl/komunikat/701/2024-09-30-01092024r-zmiana-rozkladu-jazdy",
              "start_date": "2019-06-22",
              "to": "Osobowice",
              "type": "route",
              "url": "https://www.wroclaw.pl/komunikacja/przystanek-tarnogaj-linia-16-kierunek-osobowice-slupek-21022",
              "wheelchair": "limited"
            }
          }
        ]
      },
      "geometry": {
        "type": "Point",
        "coordinates": [
          17.0608244,
          51.1155115
        ]
      },
      "id": "node/1885345424"
    },
    {
      "type": "Feature",
      "properties": {
        "@id": "node/1886299952",
        "@relations": [
          {
            "role": "stop",
            "rel": 9704892,
            "reltags": {
              "check_date": "2026-05-19",
              "from": "Osobowice",
              "interval:conditional": "12 @ (Mo-Fr 06:00-09:00,14:00-18:00); 15 @ (Mo-Fr 05:00-06:00,09:00-14:00,18:00-20:00); 20 @ (Mo-Fr 20:00-23:00,Sa-Su 05:00-23:00)",
              "name": "16: Osobowice → Tarnogaj",
              "network": "Wrocław",
              "opening_hours": "Mo-Su 05:00-23:00",
              "operator": "WTr UM Wrocław",
              "public_transport:version": "2",
              "ref": "16",
              "route": "tram",
              "source:interval": "https://mpk.wroc.pl/komunikat/701/2024-09-30-01092024r-zmiana-rozkladu-jazdy",
              "start_date": "2019-06-22",
              "to": "Tarnogaj",
              "type": "route",
              "url": "https://www.wroclaw.pl/komunikacja/przystanek-osobowice-linia-16-kierunek-tarnogaj-slupek-23204",
              "wheelchair": "limited"
            }
          }
        ]
      },
      "geometry": {
        "type": "Point",
        "coordinates": [
          17.0520929,
          51.1222908
        ]
      },
      "id": "node/1886299952"
    },
    {
      "type": "Feature",
      "properties": {
        "@id": "node/1886484710",
        "@relations": [
          {
            "role": "stop",
            "rel": 9704848,
            "reltags": {
              "check_date": "2026-05-19",
              "from": "Tarnogaj",
              "interval:conditional": "12 @ (Mo-Fr 06:00-09:00,14:00-18:00); 15 @ (Mo-Fr 05:00-06:00,09:00-14:00,18:00-20:00); 20 @ (Mo-Fr 20:00-23:00,Sa-Su 05:00-23:00)",
              "name": "16: Tarnogaj → Osobowice",
              "network": "Wrocław",
              "opening_hours": "Mo-Su 05:00-23:00",
              "operator": "WTr UM Wrocław",
              "public_transport:version": "2",
              "ref": "16",
              "route": "tram",
              "source:interval": "https://mpk.wroc.pl/komunikat/701/2024-09-30-01092024r-zmiana-rozkladu-jazdy",
              "start_date": "2019-06-22",
              "to": "Osobowice",
              "type": "route",
              "url": "https://www.wroclaw.pl/komunikacja/przystanek-tarnogaj-linia-16-kierunek-osobowice-slupek-21022",
              "wheelchair": "limited"
            }
          }
        ]
      },
      "geometry": {
        "type": "Point",
        "coordinates": [
          17.0499666,
          51.1086566
        ]
      },
      "id": "node/1886484710"
    },
    {
      "type": "Feature",
      "properties": {
        "@id": "node/1886484841",
        "@relations": [
          {
            "role": "stop",
            "rel": 9704848,
            "reltags": {
              "check_date": "2026-05-19",
              "from": "Tarnogaj",
              "interval:conditional": "12 @ (Mo-Fr 06:00-09:00,14:00-18:00); 15 @ (Mo-Fr 05:00-06:00,09:00-14:00,18:00-20:00); 20 @ (Mo-Fr 20:00-23:00,Sa-Su 05:00-23:00)",
              "name": "16: Tarnogaj → Osobowice",
              "network": "Wrocław",
              "opening_hours": "Mo-Su 05:00-23:00",
              "operator": "WTr UM Wrocław",
              "public_transport:version": "2",
              "ref": "16",
              "route": "tram",
              "source:interval": "https://mpk.wroc.pl/komunikat/701/2024-09-30-01092024r-zmiana-rozkladu-jazdy",
              "start_date": "2019-06-22",
              "to": "Osobowice",
              "type": "route",
              "url": "https://www.wroclaw.pl/komunikacja/przystanek-tarnogaj-linia-16-kierunek-osobowice-slupek-21022",
              "wheelchair": "limited"
            }
          }
        ]
      },
      "geometry": {
        "type": "Point",
        "coordinates": [
          17.0557348,
          51.1102217
        ]
      },
      "id": "node/1886484841"
    },
    {
      "type": "Feature",
      "properties": {
        "@id": "node/1886574864",
        "@relations": [
          {
            "role": "stop",
            "rel": 9704848,
            "reltags": {
              "check_date": "2026-05-19",
              "from": "Tarnogaj",
              "interval:conditional": "12 @ (Mo-Fr 06:00-09:00,14:00-18:00); 15 @ (Mo-Fr 05:00-06:00,09:00-14:00,18:00-20:00); 20 @ (Mo-Fr 20:00-23:00,Sa-Su 05:00-23:00)",
              "name": "16: Tarnogaj → Osobowice",
              "network": "Wrocław",
              "opening_hours": "Mo-Su 05:00-23:00",
              "operator": "WTr UM Wrocław",
              "public_transport:version": "2",
              "ref": "16",
              "route": "tram",
              "source:interval": "https://mpk.wroc.pl/komunikat/701/2024-09-30-01092024r-zmiana-rozkladu-jazdy",
              "start_date": "2019-06-22",
              "to": "Osobowice",
              "type": "route",
              "url": "https://www.wroclaw.pl/komunikacja/przystanek-tarnogaj-linia-16-kierunek-osobowice-slupek-21022",
              "wheelchair": "limited"
            }
          }
        ]
      },
      "geometry": {
        "type": "Point",
        "coordinates": [
          17.0466223,
          51.1023055
        ]
      },
      "id": "node/1886574864"
    },
    {
      "type": "Feature",
      "properties": {
        "@id": "node/1889468882",
        "@relations": [
          {
            "role": "stop",
            "rel": 9704848,
            "reltags": {
              "check_date": "2026-05-19",
              "from": "Tarnogaj",
              "interval:conditional": "12 @ (Mo-Fr 06:00-09:00,14:00-18:00); 15 @ (Mo-Fr 05:00-06:00,09:00-14:00,18:00-20:00); 20 @ (Mo-Fr 20:00-23:00,Sa-Su 05:00-23:00)",
              "name": "16: Tarnogaj → Osobowice",
              "network": "Wrocław",
              "opening_hours": "Mo-Su 05:00-23:00",
              "operator": "WTr UM Wrocław",
              "public_transport:version": "2",
              "ref": "16",
              "route": "tram",
              "source:interval": "https://mpk.wroc.pl/komunikat/701/2024-09-30-01092024r-zmiana-rozkladu-jazdy",
              "start_date": "2019-06-22",
              "to": "Osobowice",
              "type": "route",
              "url": "https://www.wroclaw.pl/komunikacja/przystanek-tarnogaj-linia-16-kierunek-osobowice-slupek-21022",
              "wheelchair": "limited"
            }
          }
        ]
      },
      "geometry": {
        "type": "Point",
        "coordinates": [
          17.0402437,
          51.1234965
        ]
      },
      "id": "node/1889468882"
    },
    {
      "type": "Feature",
      "properties": {
        "@id": "node/1889542176",
        "@relations": [
          {
            "role": "stop",
            "rel": 9704848,
            "reltags": {
              "check_date": "2026-05-19",
              "from": "Tarnogaj",
              "interval:conditional": "12 @ (Mo-Fr 06:00-09:00,14:00-18:00); 15 @ (Mo-Fr 05:00-06:00,09:00-14:00,18:00-20:00); 20 @ (Mo-Fr 20:00-23:00,Sa-Su 05:00-23:00)",
              "name": "16: Tarnogaj → Osobowice",
              "network": "Wrocław",
              "opening_hours": "Mo-Su 05:00-23:00",
              "operator": "WTr UM Wrocław",
              "public_transport:version": "2",
              "ref": "16",
              "route": "tram",
              "source:interval": "https://mpk.wroc.pl/komunikat/701/2024-09-30-01092024r-zmiana-rozkladu-jazdy",
              "start_date": "2019-06-22",
              "to": "Osobowice",
              "type": "route",
              "url": "https://www.wroclaw.pl/komunikacja/przystanek-tarnogaj-linia-16-kierunek-osobowice-slupek-21022",
              "wheelchair": "limited"
            }
          }
        ]
      },
      "geometry": {
        "type": "Point",
        "coordinates": [
          17.0278057,
          51.126744
        ]
      },
      "id": "node/1889542176"
    },
    {
      "type": "Feature",
      "properties": {
        "@id": "node/1895869413",
        "@relations": [
          {
            "role": "stop",
            "rel": 9704848,
            "reltags": {
              "check_date": "2026-05-19",
              "from": "Tarnogaj",
              "interval:conditional": "12 @ (Mo-Fr 06:00-09:00,14:00-18:00); 15 @ (Mo-Fr 05:00-06:00,09:00-14:00,18:00-20:00); 20 @ (Mo-Fr 20:00-23:00,Sa-Su 05:00-23:00)",
              "name": "16: Tarnogaj → Osobowice",
              "network": "Wrocław",
              "opening_hours": "Mo-Su 05:00-23:00",
              "operator": "WTr UM Wrocław",
              "public_transport:version": "2",
              "ref": "16",
              "route": "tram",
              "source:interval": "https://mpk.wroc.pl/komunikat/701/2024-09-30-01092024r-zmiana-rozkladu-jazdy",
              "start_date": "2019-06-22",
              "to": "Osobowice",
              "type": "route",
              "url": "https://www.wroclaw.pl/komunikacja/przystanek-tarnogaj-linia-16-kierunek-osobowice-slupek-21022",
              "wheelchair": "limited"
            }
          }
        ]
      },
      "geometry": {
        "type": "Point",
        "coordinates": [
          17.0468427,
          51.0862032
        ]
      },
      "id": "node/1895869413"
    },
    {
      "type": "Feature",
      "properties": {
        "@id": "node/1895869497",
        "@relations": [
          {
            "role": "stop",
            "rel": 9704848,
            "reltags": {
              "check_date": "2026-05-19",
              "from": "Tarnogaj",
              "interval:conditional": "12 @ (Mo-Fr 06:00-09:00,14:00-18:00); 15 @ (Mo-Fr 05:00-06:00,09:00-14:00,18:00-20:00); 20 @ (Mo-Fr 20:00-23:00,Sa-Su 05:00-23:00)",
              "name": "16: Tarnogaj → Osobowice",
              "network": "Wrocław",
              "opening_hours": "Mo-Su 05:00-23:00",
              "operator": "WTr UM Wrocław",
              "public_transport:version": "2",
              "ref": "16",
              "route": "tram",
              "source:interval": "https://mpk.wroc.pl/komunikat/701/2024-09-30-01092024r-zmiana-rozkladu-jazdy",
              "start_date": "2019-06-22",
              "to": "Osobowice",
              "type": "route",
              "url": "https://www.wroclaw.pl/komunikacja/przystanek-tarnogaj-linia-16-kierunek-osobowice-slupek-21022",
              "wheelchair": "limited"
            }
          }
        ]
      },
      "geometry": {
        "type": "Point",
        "coordinates": [
          17.0625833,
          51.0802061
        ]
      },
      "id": "node/1895869497"
    },
    {
      "type": "Feature",
      "properties": {
        "@id": "node/1895870624",
        "@relations": [
          {
            "role": "stop",
            "rel": 9704892,
            "reltags": {
              "check_date": "2026-05-19",
              "from": "Osobowice",
              "interval:conditional": "12 @ (Mo-Fr 06:00-09:00,14:00-18:00); 15 @ (Mo-Fr 05:00-06:00,09:00-14:00,18:00-20:00); 20 @ (Mo-Fr 20:00-23:00,Sa-Su 05:00-23:00)",
              "name": "16: Osobowice → Tarnogaj",
              "network": "Wrocław",
              "opening_hours": "Mo-Su 05:00-23:00",
              "operator": "WTr UM Wrocław",
              "public_transport:version": "2",
              "ref": "16",
              "route": "tram",
              "source:interval": "https://mpk.wroc.pl/komunikat/701/2024-09-30-01092024r-zmiana-rozkladu-jazdy",
              "start_date": "2019-06-22",
              "to": "Tarnogaj",
              "type": "route",
              "url": "https://www.wroclaw.pl/komunikacja/przystanek-osobowice-linia-16-kierunek-tarnogaj-slupek-23204",
              "wheelchair": "limited"
            }
          }
        ]
      },
      "geometry": {
        "type": "Point",
        "coordinates": [
          16.9986119,
          51.1359277
        ]
      },
      "id": "node/1895870624"
    },
    {
      "type": "Feature",
      "properties": {
        "@id": "node/1895870625",
        "@relations": [
          {
            "role": "stop",
            "rel": 9704848,
            "reltags": {
              "check_date": "2026-05-19",
              "from": "Tarnogaj",
              "interval:conditional": "12 @ (Mo-Fr 06:00-09:00,14:00-18:00); 15 @ (Mo-Fr 05:00-06:00,09:00-14:00,18:00-20:00); 20 @ (Mo-Fr 20:00-23:00,Sa-Su 05:00-23:00)",
              "name": "16: Tarnogaj → Osobowice",
              "network": "Wrocław",
              "opening_hours": "Mo-Su 05:00-23:00",
              "operator": "WTr UM Wrocław",
              "public_transport:version": "2",
              "ref": "16",
              "route": "tram",
              "source:interval": "https://mpk.wroc.pl/komunikat/701/2024-09-30-01092024r-zmiana-rozkladu-jazdy",
              "start_date": "2019-06-22",
              "to": "Osobowice",
              "type": "route",
              "url": "https://www.wroclaw.pl/komunikacja/przystanek-tarnogaj-linia-16-kierunek-osobowice-slupek-21022",
              "wheelchair": "limited"
            }
          }
        ]
      },
      "geometry": {
        "type": "Point",
        "coordinates": [
          16.9982018,
          51.1360031
        ]
      },
      "id": "node/1895870625"
    },
    {
      "type": "Feature",
      "properties": {
        "@id": "node/1895870791",
        "@relations": [
          {
            "role": "stop",
            "rel": 9704848,
            "reltags": {
              "check_date": "2026-05-19",
              "from": "Tarnogaj",
              "interval:conditional": "12 @ (Mo-Fr 06:00-09:00,14:00-18:00); 15 @ (Mo-Fr 05:00-06:00,09:00-14:00,18:00-20:00); 20 @ (Mo-Fr 20:00-23:00,Sa-Su 05:00-23:00)",
              "name": "16: Tarnogaj → Osobowice",
              "network": "Wrocław",
              "opening_hours": "Mo-Su 05:00-23:00",
              "operator": "WTr UM Wrocław",
              "public_transport:version": "2",
              "ref": "16",
              "route": "tram",
              "source:interval": "https://mpk.wroc.pl/komunikat/701/2024-09-30-01092024r-zmiana-rozkladu-jazdy",
              "start_date": "2019-06-22",
              "to": "Osobowice",
              "type": "route",
              "url": "https://www.wroclaw.pl/komunikacja/przystanek-tarnogaj-linia-16-kierunek-osobowice-slupek-21022",
              "wheelchair": "limited"
            }
          }
        ]
      },
      "geometry": {
        "type": "Point",
        "coordinates": [
          17.0449148,
          51.1242035
        ]
      },
      "id": "node/1895870791"
    },
    {
      "type": "Feature",
      "properties": {
        "@id": "node/1895871130",
        "@relations": [
          {
            "role": "stop",
            "rel": 9704848,
            "reltags": {
              "check_date": "2026-05-19",
              "from": "Tarnogaj",
              "interval:conditional": "12 @ (Mo-Fr 06:00-09:00,14:00-18:00); 15 @ (Mo-Fr 05:00-06:00,09:00-14:00,18:00-20:00); 20 @ (Mo-Fr 20:00-23:00,Sa-Su 05:00-23:00)",
              "name": "16: Tarnogaj → Osobowice",
              "network": "Wrocław",
              "opening_hours": "Mo-Su 05:00-23:00",
              "operator": "WTr UM Wrocław",
              "public_transport:version": "2",
              "ref": "16",
              "route": "tram",
              "source:interval": "https://mpk.wroc.pl/komunikat/701/2024-09-30-01092024r-zmiana-rozkladu-jazdy",
              "start_date": "2019-06-22",
              "to": "Osobowice",
              "type": "route",
              "url": "https://www.wroclaw.pl/komunikacja/przystanek-tarnogaj-linia-16-kierunek-osobowice-slupek-21022",
              "wheelchair": "limited"
            }
          }
        ]
      },
      "geometry": {
        "type": "Point",
        "coordinates": [
          17.0110208,
          51.134578
        ]
      },
      "id": "node/1895871130"
    },
    {
      "type": "Feature",
      "properties": {
        "@id": "node/1895871167",
        "@relations": [
          {
            "role": "stop",
            "rel": 9704848,
            "reltags": {
              "check_date": "2026-05-19",
              "from": "Tarnogaj",
              "interval:conditional": "12 @ (Mo-Fr 06:00-09:00,14:00-18:00); 15 @ (Mo-Fr 05:00-06:00,09:00-14:00,18:00-20:00); 20 @ (Mo-Fr 20:00-23:00,Sa-Su 05:00-23:00)",
              "name": "16: Tarnogaj → Osobowice",
              "network": "Wrocław",
              "opening_hours": "Mo-Su 05:00-23:00",
              "operator": "WTr UM Wrocław",
              "public_transport:version": "2",
              "ref": "16",
              "route": "tram",
              "source:interval": "https://mpk.wroc.pl/komunikat/701/2024-09-30-01092024r-zmiana-rozkladu-jazdy",
              "start_date": "2019-06-22",
              "to": "Osobowice",
              "type": "route",
              "url": "https://www.wroclaw.pl/komunikacja/przystanek-tarnogaj-linia-16-kierunek-osobowice-slupek-21022",
              "wheelchair": "limited"
            }
          }
        ]
      },
      "geometry": {
        "type": "Point",
        "coordinates": [
          17.0055213,
          51.1351576
        ]
      },
      "id": "node/1895871167"
    },
    {
      "type": "Feature",
      "properties": {
        "@id": "node/1895871449",
        "@relations": [
          {
            "role": "stop",
            "rel": 9704892,
            "reltags": {
              "check_date": "2026-05-19",
              "from": "Osobowice",
              "interval:conditional": "12 @ (Mo-Fr 06:00-09:00,14:00-18:00); 15 @ (Mo-Fr 05:00-06:00,09:00-14:00,18:00-20:00); 20 @ (Mo-Fr 20:00-23:00,Sa-Su 05:00-23:00)",
              "name": "16: Osobowice → Tarnogaj",
              "network": "Wrocław",
              "opening_hours": "Mo-Su 05:00-23:00",
              "operator": "WTr UM Wrocław",
              "public_transport:version": "2",
              "ref": "16",
              "route": "tram",
              "source:interval": "https://mpk.wroc.pl/komunikat/701/2024-09-30-01092024r-zmiana-rozkladu-jazdy",
              "start_date": "2019-06-22",
              "to": "Tarnogaj",
              "type": "route",
              "url": "https://www.wroclaw.pl/komunikacja/przystanek-osobowice-linia-16-kierunek-tarnogaj-slupek-23204",
              "wheelchair": "limited"
            }
          }
        ]
      },
      "geometry": {
        "type": "Point",
        "coordinates": [
          17.0599866,
          51.1113924
        ]
      },
      "id": "node/1895871449"
    },
    {
      "type": "Feature",
      "properties": {
        "@id": "node/1895871450",
        "@relations": [
          {
            "role": "stop",
            "rel": 9704848,
            "reltags": {
              "check_date": "2026-05-19",
              "from": "Tarnogaj",
              "interval:conditional": "12 @ (Mo-Fr 06:00-09:00,14:00-18:00); 15 @ (Mo-Fr 05:00-06:00,09:00-14:00,18:00-20:00); 20 @ (Mo-Fr 20:00-23:00,Sa-Su 05:00-23:00)",
              "name": "16: Tarnogaj → Osobowice",
              "network": "Wrocław",
              "opening_hours": "Mo-Su 05:00-23:00",
              "operator": "WTr UM Wrocław",
              "public_transport:version": "2",
              "ref": "16",
              "route": "tram",
              "source:interval": "https://mpk.wroc.pl/komunikat/701/2024-09-30-01092024r-zmiana-rozkladu-jazdy",
              "start_date": "2019-06-22",
              "to": "Osobowice",
              "type": "route",
              "url": "https://www.wroclaw.pl/komunikacja/przystanek-tarnogaj-linia-16-kierunek-osobowice-slupek-21022",
              "wheelchair": "limited"
            }
          }
        ]
      },
      "geometry": {
        "type": "Point",
        "coordinates": [
          17.0604848,
          51.1116738
        ]
      },
      "id": "node/1895871450"
    },
    {
      "type": "Feature",
      "properties": {
        "@id": "node/1895871461",
        "@relations": [
          {
            "role": "stop",
            "rel": 9704892,
            "reltags": {
              "check_date": "2026-05-19",
              "from": "Osobowice",
              "interval:conditional": "12 @ (Mo-Fr 06:00-09:00,14:00-18:00); 15 @ (Mo-Fr 05:00-06:00,09:00-14:00,18:00-20:00); 20 @ (Mo-Fr 20:00-23:00,Sa-Su 05:00-23:00)",
              "name": "16: Osobowice → Tarnogaj",
              "network": "Wrocław",
              "opening_hours": "Mo-Su 05:00-23:00",
              "operator": "WTr UM Wrocław",
              "public_transport:version": "2",
              "ref": "16",
              "route": "tram",
              "source:interval": "https://mpk.wroc.pl/komunikat/701/2024-09-30-01092024r-zmiana-rozkladu-jazdy",
              "start_date": "2019-06-22",
              "to": "Tarnogaj",
              "type": "route",
              "url": "https://www.wroclaw.pl/komunikacja/przystanek-osobowice-linia-16-kierunek-tarnogaj-slupek-23204",
              "wheelchair": "limited"
            }
          }
        ]
      },
      "geometry": {
        "type": "Point",
        "coordinates": [
          17.0310572,
          51.122806
        ]
      },
      "id": "node/1895871461"
    },
    {
      "type": "Feature",
      "properties": {
        "@id": "node/1895871462",
        "@relations": [
          {
            "role": "stop",
            "rel": 9704848,
            "reltags": {
              "check_date": "2026-05-19",
              "from": "Tarnogaj",
              "interval:conditional": "12 @ (Mo-Fr 06:00-09:00,14:00-18:00); 15 @ (Mo-Fr 05:00-06:00,09:00-14:00,18:00-20:00); 20 @ (Mo-Fr 20:00-23:00,Sa-Su 05:00-23:00)",
              "name": "16: Tarnogaj → Osobowice",
              "network": "Wrocław",
              "opening_hours": "Mo-Su 05:00-23:00",
              "operator": "WTr UM Wrocław",
              "public_transport:version": "2",
              "ref": "16",
              "route": "tram",
              "source:interval": "https://mpk.wroc.pl/komunikat/701/2024-09-30-01092024r-zmiana-rozkladu-jazdy",
              "start_date": "2019-06-22",
              "to": "Osobowice",
              "type": "route",
              "url": "https://www.wroclaw.pl/komunikacja/przystanek-tarnogaj-linia-16-kierunek-osobowice-slupek-21022",
              "wheelchair": "limited"
            }
          }
        ]
      },
      "geometry": {
        "type": "Point",
        "coordinates": [
          17.0316247,
          51.1229797
        ]
      },
      "id": "node/1895871462"
    },
    {
      "type": "Feature",
      "properties": {
        "@id": "node/1895871671",
        "@relations": [
          {
            "role": "stop",
            "rel": 9704848,
            "reltags": {
              "check_date": "2026-05-19",
              "from": "Tarnogaj",
              "interval:conditional": "12 @ (Mo-Fr 06:00-09:00,14:00-18:00); 15 @ (Mo-Fr 05:00-06:00,09:00-14:00,18:00-20:00); 20 @ (Mo-Fr 20:00-23:00,Sa-Su 05:00-23:00)",
              "name": "16: Tarnogaj → Osobowice",
              "network": "Wrocław",
              "opening_hours": "Mo-Su 05:00-23:00",
              "operator": "WTr UM Wrocław",
              "public_transport:version": "2",
              "ref": "16",
              "route": "tram",
              "source:interval": "https://mpk.wroc.pl/komunikat/701/2024-09-30-01092024r-zmiana-rozkladu-jazdy",
              "start_date": "2019-06-22",
              "to": "Osobowice",
              "type": "route",
              "url": "https://www.wroclaw.pl/komunikacja/przystanek-tarnogaj-linia-16-kierunek-osobowice-slupek-21022",
              "wheelchair": "limited"
            }
          }
        ]
      },
      "geometry": {
        "type": "Point",
        "coordinates": [
          17.0194231,
          51.1337633
        ]
      },
      "id": "node/1895871671"
    },
    {
      "type": "Feature",
      "properties": {
        "@id": "node/1895872164",
        "@relations": [
          {
            "role": "stop",
            "rel": 9704848,
            "reltags": {
              "check_date": "2026-05-19",
              "from": "Tarnogaj",
              "interval:conditional": "12 @ (Mo-Fr 06:00-09:00,14:00-18:00); 15 @ (Mo-Fr 05:00-06:00,09:00-14:00,18:00-20:00); 20 @ (Mo-Fr 20:00-23:00,Sa-Su 05:00-23:00)",
              "name": "16: Tarnogaj → Osobowice",
              "network": "Wrocław",
              "opening_hours": "Mo-Su 05:00-23:00",
              "operator": "WTr UM Wrocław",
              "public_transport:version": "2",
              "ref": "16",
              "route": "tram",
              "source:interval": "https://mpk.wroc.pl/komunikat/701/2024-09-30-01092024r-zmiana-rozkladu-jazdy",
              "start_date": "2019-06-22",
              "to": "Osobowice",
              "type": "route",
              "url": "https://www.wroclaw.pl/komunikacja/przystanek-tarnogaj-linia-16-kierunek-osobowice-slupek-21022",
              "wheelchair": "limited"
            }
          }
        ]
      },
      "geometry": {
        "type": "Point",
        "coordinates": [
          17.0595691,
          51.0836754
        ]
      },
      "id": "node/1895872164"
    },
    {
      "type": "Feature",
      "properties": {
        "@id": "node/1895872705",
        "@relations": [
          {
            "role": "stop",
            "rel": 9704892,
            "reltags": {
              "check_date": "2026-05-19",
              "from": "Osobowice",
              "interval:conditional": "12 @ (Mo-Fr 06:00-09:00,14:00-18:00); 15 @ (Mo-Fr 05:00-06:00,09:00-14:00,18:00-20:00); 20 @ (Mo-Fr 20:00-23:00,Sa-Su 05:00-23:00)",
              "name": "16: Osobowice → Tarnogaj",
              "network": "Wrocław",
              "opening_hours": "Mo-Su 05:00-23:00",
              "operator": "WTr UM Wrocław",
              "public_transport:version": "2",
              "ref": "16",
              "route": "tram",
              "source:interval": "https://mpk.wroc.pl/komunikat/701/2024-09-30-01092024r-zmiana-rozkladu-jazdy",
              "start_date": "2019-06-22",
              "to": "Tarnogaj",
              "type": "route",
              "url": "https://www.wroclaw.pl/komunikacja/przystanek-osobowice-linia-16-kierunek-tarnogaj-slupek-23204",
              "wheelchair": "limited"
            }
          }
        ]
      },
      "geometry": {
        "type": "Point",
        "coordinates": [
          17.0483376,
          51.1049505
        ]
      },
      "id": "node/1895872705"
    },
    {
      "type": "Feature",
      "properties": {
        "@id": "node/1895921417",
        "@relations": [
          {
            "role": "stop",
            "rel": 9704892,
            "reltags": {
              "check_date": "2026-05-19",
              "from": "Osobowice",
              "interval:conditional": "12 @ (Mo-Fr 06:00-09:00,14:00-18:00); 15 @ (Mo-Fr 05:00-06:00,09:00-14:00,18:00-20:00); 20 @ (Mo-Fr 20:00-23:00,Sa-Su 05:00-23:00)",
              "name": "16: Osobowice → Tarnogaj",
              "network": "Wrocław",
              "opening_hours": "Mo-Su 05:00-23:00",
              "operator": "WTr UM Wrocław",
              "public_transport:version": "2",
              "ref": "16",
              "route": "tram",
              "source:interval": "https://mpk.wroc.pl/komunikat/701/2024-09-30-01092024r-zmiana-rozkladu-jazdy",
              "start_date": "2019-06-22",
              "to": "Tarnogaj",
              "type": "route",
              "url": "https://www.wroclaw.pl/komunikacja/przystanek-osobowice-linia-16-kierunek-tarnogaj-slupek-23204",
              "wheelchair": "limited"
            }
          }
        ]
      },
      "geometry": {
        "type": "Point",
        "coordinates": [
          17.035241,
          51.1242771
        ]
      },
      "id": "node/1895921417"
    },
    {
      "type": "Feature",
      "properties": {
        "@id": "node/1903892636",
        "@relations": [
          {
            "role": "platform",
            "rel": 9704892,
            "reltags": {
              "check_date": "2026-05-19",
              "from": "Osobowice",
              "interval:conditional": "12 @ (Mo-Fr 06:00-09:00,14:00-18:00); 15 @ (Mo-Fr 05:00-06:00,09:00-14:00,18:00-20:00); 20 @ (Mo-Fr 20:00-23:00,Sa-Su 05:00-23:00)",
              "name": "16: Osobowice → Tarnogaj",
              "network": "Wrocław",
              "opening_hours": "Mo-Su 05:00-23:00",
              "operator": "WTr UM Wrocław",
              "public_transport:version": "2",
              "ref": "16",
              "route": "tram",
              "source:interval": "https://mpk.wroc.pl/komunikat/701/2024-09-30-01092024r-zmiana-rozkladu-jazdy",
              "start_date": "2019-06-22",
              "to": "Tarnogaj",
              "type": "route",
              "url": "https://www.wroclaw.pl/komunikacja/przystanek-osobowice-linia-16-kierunek-tarnogaj-slupek-23204",
              "wheelchair": "limited"
            }
          }
        ]
      },
      "geometry": {
        "type": "Point",
        "coordinates": [
          17.0546815,
          51.0829926
        ]
      },
      "id": "node/1903892636"
    },
    {
      "type": "Feature",
      "properties": {
        "@id": "node/1903892640",
        "@relations": [
          {
            "role": "platform",
            "rel": 9704848,
            "reltags": {
              "check_date": "2026-05-19",
              "from": "Tarnogaj",
              "interval:conditional": "12 @ (Mo-Fr 06:00-09:00,14:00-18:00); 15 @ (Mo-Fr 05:00-06:00,09:00-14:00,18:00-20:00); 20 @ (Mo-Fr 20:00-23:00,Sa-Su 05:00-23:00)",
              "name": "16: Tarnogaj → Osobowice",
              "network": "Wrocław",
              "opening_hours": "Mo-Su 05:00-23:00",
              "operator": "WTr UM Wrocław",
              "public_transport:version": "2",
              "ref": "16",
              "route": "tram",
              "source:interval": "https://mpk.wroc.pl/komunikat/701/2024-09-30-01092024r-zmiana-rozkladu-jazdy",
              "start_date": "2019-06-22",
              "to": "Osobowice",
              "type": "route",
              "url": "https://www.wroclaw.pl/komunikacja/przystanek-tarnogaj-linia-16-kierunek-osobowice-slupek-21022",
              "wheelchair": "limited"
            }
          }
        ]
      },
      "geometry": {
        "type": "Point",
        "coordinates": [
          17.0544075,
          51.083059
        ]
      },
      "id": "node/1903892640"
    },
    {
      "type": "Feature",
      "properties": {
        "@id": "node/1932325783",
        "@relations": [
          {
            "role": "stop",
            "rel": 9704848,
            "reltags": {
              "check_date": "2026-05-19",
              "from": "Tarnogaj",
              "interval:conditional": "12 @ (Mo-Fr 06:00-09:00,14:00-18:00); 15 @ (Mo-Fr 05:00-06:00,09:00-14:00,18:00-20:00); 20 @ (Mo-Fr 20:00-23:00,Sa-Su 05:00-23:00)",
              "name": "16: Tarnogaj → Osobowice",
              "network": "Wrocław",
              "opening_hours": "Mo-Su 05:00-23:00",
              "operator": "WTr UM Wrocław",
              "public_transport:version": "2",
              "ref": "16",
              "route": "tram",
              "source:interval": "https://mpk.wroc.pl/komunikat/701/2024-09-30-01092024r-zmiana-rozkladu-jazdy",
              "start_date": "2019-06-22",
              "to": "Osobowice",
              "type": "route",
              "url": "https://www.wroclaw.pl/komunikacja/przystanek-tarnogaj-linia-16-kierunek-osobowice-slupek-21022",
              "wheelchair": "limited"
            }
          }
        ]
      },
      "geometry": {
        "type": "Point",
        "coordinates": [
          17.0349273,
          51.1242821
        ]
      },
      "id": "node/1932325783"
    },
    {
      "type": "Feature",
      "properties": {
        "@id": "node/1932325796",
        "@relations": [
          {
            "role": "stop",
            "rel": 9704892,
            "reltags": {
              "check_date": "2026-05-19",
              "from": "Osobowice",
              "interval:conditional": "12 @ (Mo-Fr 06:00-09:00,14:00-18:00); 15 @ (Mo-Fr 05:00-06:00,09:00-14:00,18:00-20:00); 20 @ (Mo-Fr 20:00-23:00,Sa-Su 05:00-23:00)",
              "name": "16: Osobowice → Tarnogaj",
              "network": "Wrocław",
              "opening_hours": "Mo-Su 05:00-23:00",
              "operator": "WTr UM Wrocław",
              "public_transport:version": "2",
              "ref": "16",
              "route": "tram",
              "source:interval": "https://mpk.wroc.pl/komunikat/701/2024-09-30-01092024r-zmiana-rozkladu-jazdy",
              "start_date": "2019-06-22",
              "to": "Tarnogaj",
              "type": "route",
              "url": "https://www.wroclaw.pl/komunikacja/przystanek-osobowice-linia-16-kierunek-tarnogaj-slupek-23204",
              "wheelchair": "limited"
            }
          }
        ]
      },
      "geometry": {
        "type": "Point",
        "coordinates": [
          17.0451622,
          51.1244724
        ]
      },
      "id": "node/1932325796"
    },
    {
      "type": "Feature",
      "properties": {
        "@id": "node/1932325865",
        "@relations": [
          {
            "role": "stop",
            "rel": 9704892,
            "reltags": {
              "check_date": "2026-05-19",
              "from": "Osobowice",
              "interval:conditional": "12 @ (Mo-Fr 06:00-09:00,14:00-18:00); 15 @ (Mo-Fr 05:00-06:00,09:00-14:00,18:00-20:00); 20 @ (Mo-Fr 20:00-23:00,Sa-Su 05:00-23:00)",
              "name": "16: Osobowice → Tarnogaj",
              "network": "Wrocław",
              "opening_hours": "Mo-Su 05:00-23:00",
              "operator": "WTr UM Wrocław",
              "public_transport:version": "2",
              "ref": "16",
              "route": "tram",
              "source:interval": "https://mpk.wroc.pl/komunikat/701/2024-09-30-01092024r-zmiana-rozkladu-jazdy",
              "start_date": "2019-06-22",
              "to": "Tarnogaj",
              "type": "route",
              "url": "https://www.wroclaw.pl/komunikacja/przystanek-osobowice-linia-16-kierunek-tarnogaj-slupek-23204",
              "wheelchair": "limited"
            }
          }
        ]
      },
      "geometry": {
        "type": "Point",
        "coordinates": [
          17.0567121,
          51.119737
        ]
      },
      "id": "node/1932325865"
    },
    {
      "type": "Feature",
      "properties": {
        "@id": "node/1933320803",
        "@relations": [
          {
            "role": "stop",
            "rel": 9704892,
            "reltags": {
              "check_date": "2026-05-19",
              "from": "Osobowice",
              "interval:conditional": "12 @ (Mo-Fr 06:00-09:00,14:00-18:00); 15 @ (Mo-Fr 05:00-06:00,09:00-14:00,18:00-20:00); 20 @ (Mo-Fr 20:00-23:00,Sa-Su 05:00-23:00)",
              "name": "16: Osobowice → Tarnogaj",
              "network": "Wrocław",
              "opening_hours": "Mo-Su 05:00-23:00",
              "operator": "WTr UM Wrocław",
              "public_transport:version": "2",
              "ref": "16",
              "route": "tram",
              "source:interval": "https://mpk.wroc.pl/komunikat/701/2024-09-30-01092024r-zmiana-rozkladu-jazdy",
              "start_date": "2019-06-22",
              "to": "Tarnogaj",
              "type": "route",
              "url": "https://www.wroclaw.pl/komunikacja/przystanek-osobowice-linia-16-kierunek-tarnogaj-slupek-23204",
              "wheelchair": "limited"
            }
          }
        ]
      },
      "geometry": {
        "type": "Point",
        "coordinates": [
          17.0414457,
          51.123711
        ]
      },
      "id": "node/1933320803"
    },
    {
      "type": "Feature",
      "properties": {
        "@id": "node/1934932947",
        "@relations": [
          {
            "role": "stop_exit_only",
            "rel": 9704848,
            "reltags": {
              "check_date": "2026-05-19",
              "from": "Tarnogaj",
              "interval:conditional": "12 @ (Mo-Fr 06:00-09:00,14:00-18:00); 15 @ (Mo-Fr 05:00-06:00,09:00-14:00,18:00-20:00); 20 @ (Mo-Fr 20:00-23:00,Sa-Su 05:00-23:00)",
              "name": "16: Tarnogaj → Osobowice",
              "network": "Wrocław",
              "opening_hours": "Mo-Su 05:00-23:00",
              "operator": "WTr UM Wrocław",
              "public_transport:version": "2",
              "ref": "16",
              "route": "tram",
              "source:interval": "https://mpk.wroc.pl/komunikat/701/2024-09-30-01092024r-zmiana-rozkladu-jazdy",
              "start_date": "2019-06-22",
              "to": "Osobowice",
              "type": "route",
              "url": "https://www.wroclaw.pl/komunikacja/przystanek-tarnogaj-linia-16-kierunek-osobowice-slupek-21022",
              "wheelchair": "limited"
            }
          }
        ]
      },
      "geometry": {
        "type": "Point",
        "coordinates": [
          16.994569,
          51.1374469
        ]
      },
      "id": "node/1934932947"
    },
    {
      "type": "Feature",
      "properties": {
        "@id": "node/2898056672",
        "@relations": [
          {
            "role": "stop",
            "rel": 9704892,
            "reltags": {
              "check_date": "2026-05-19",
              "from": "Osobowice",
              "interval:conditional": "12 @ (Mo-Fr 06:00-09:00,14:00-18:00); 15 @ (Mo-Fr 05:00-06:00,09:00-14:00,18:00-20:00); 20 @ (Mo-Fr 20:00-23:00,Sa-Su 05:00-23:00)",
              "name": "16: Osobowice → Tarnogaj",
              "network": "Wrocław",
              "opening_hours": "Mo-Su 05:00-23:00",
              "operator": "WTr UM Wrocław",
              "public_transport:version": "2",
              "ref": "16",
              "route": "tram",
              "source:interval": "https://mpk.wroc.pl/komunikat/701/2024-09-30-01092024r-zmiana-rozkladu-jazdy",
              "start_date": "2019-06-22",
              "to": "Tarnogaj",
              "type": "route",
              "url": "https://www.wroclaw.pl/komunikacja/przystanek-osobowice-linia-16-kierunek-tarnogaj-slupek-23204",
              "wheelchair": "limited"
            }
          }
        ]
      },
      "geometry": {
        "type": "Point",
        "coordinates": [
          17.0610025,
          51.1161871
        ]
      },
      "id": "node/2898056672"
    },
    {
      "type": "Feature",
      "properties": {
        "@id": "node/3760083583",
        "@relations": [
          {
            "role": "stop",
            "rel": 9704848,
            "reltags": {
              "check_date": "2026-05-19",
              "from": "Tarnogaj",
              "interval:conditional": "12 @ (Mo-Fr 06:00-09:00,14:00-18:00); 15 @ (Mo-Fr 05:00-06:00,09:00-14:00,18:00-20:00); 20 @ (Mo-Fr 20:00-23:00,Sa-Su 05:00-23:00)",
              "name": "16: Tarnogaj → Osobowice",
              "network": "Wrocław",
              "opening_hours": "Mo-Su 05:00-23:00",
              "operator": "WTr UM Wrocław",
              "public_transport:version": "2",
              "ref": "16",
              "route": "tram",
              "source:interval": "https://mpk.wroc.pl/komunikat/701/2024-09-30-01092024r-zmiana-rozkladu-jazdy",
              "start_date": "2019-06-22",
              "to": "Osobowice",
              "type": "route",
              "url": "https://www.wroclaw.pl/komunikacja/przystanek-tarnogaj-linia-16-kierunek-osobowice-slupek-21022",
              "wheelchair": "limited"
            }
          }
        ]
      },
      "geometry": {
        "type": "Point",
        "coordinates": [
          17.0566775,
          51.1198037
        ]
      },
      "id": "node/3760083583"
    },
    {
      "type": "Feature",
      "properties": {
        "@id": "node/3771691666",
        "@relations": [
          {
            "role": "stop",
            "rel": 9704892,
            "reltags": {
              "check_date": "2026-05-19",
              "from": "Osobowice",
              "interval:conditional": "12 @ (Mo-Fr 06:00-09:00,14:00-18:00); 15 @ (Mo-Fr 05:00-06:00,09:00-14:00,18:00-20:00); 20 @ (Mo-Fr 20:00-23:00,Sa-Su 05:00-23:00)",
              "name": "16: Osobowice → Tarnogaj",
              "network": "Wrocław",
              "opening_hours": "Mo-Su 05:00-23:00",
              "operator": "WTr UM Wrocław",
              "public_transport:version": "2",
              "ref": "16",
              "route": "tram",
              "source:interval": "https://mpk.wroc.pl/komunikat/701/2024-09-30-01092024r-zmiana-rozkladu-jazdy",
              "start_date": "2019-06-22",
              "to": "Tarnogaj",
              "type": "route",
              "url": "https://www.wroclaw.pl/komunikacja/przystanek-osobowice-linia-16-kierunek-tarnogaj-slupek-23204",
              "wheelchair": "limited"
            }
          }
        ]
      },
      "geometry": {
        "type": "Point",
        "coordinates": [
          17.0461752,
          51.1017141
        ]
      },
      "id": "node/3771691666"
    },
    {
      "type": "Feature",
      "properties": {
        "@id": "node/6489977498",
        "@relations": [
          {
            "role": "stop",
            "rel": 9704848,
            "reltags": {
              "check_date": "2026-05-19",
              "from": "Tarnogaj",
              "interval:conditional": "12 @ (Mo-Fr 06:00-09:00,14:00-18:00); 15 @ (Mo-Fr 05:00-06:00,09:00-14:00,18:00-20:00); 20 @ (Mo-Fr 20:00-23:00,Sa-Su 05:00-23:00)",
              "name": "16: Tarnogaj → Osobowice",
              "network": "Wrocław",
              "opening_hours": "Mo-Su 05:00-23:00",
              "operator": "WTr UM Wrocław",
              "public_transport:version": "2",
              "ref": "16",
              "route": "tram",
              "source:interval": "https://mpk.wroc.pl/komunikat/701/2024-09-30-01092024r-zmiana-rozkladu-jazdy",
              "start_date": "2019-06-22",
              "to": "Osobowice",
              "type": "route",
              "url": "https://www.wroclaw.pl/komunikacja/przystanek-tarnogaj-linia-16-kierunek-osobowice-slupek-21022",
              "wheelchair": "limited"
            }
          }
        ]
      },
      "geometry": {
        "type": "Point",
        "coordinates": [
          17.0428004,
          51.0940243
        ]
      },
      "id": "node/6489977498"
    },
    {
      "type": "Feature",
      "properties": {
        "@id": "node/6498639534",
        "@relations": [
          {
            "role": "platform",
            "rel": 9704848,
            "reltags": {
              "check_date": "2026-05-19",
              "from": "Tarnogaj",
              "interval:conditional": "12 @ (Mo-Fr 06:00-09:00,14:00-18:00); 15 @ (Mo-Fr 05:00-06:00,09:00-14:00,18:00-20:00); 20 @ (Mo-Fr 20:00-23:00,Sa-Su 05:00-23:00)",
              "name": "16: Tarnogaj → Osobowice",
              "network": "Wrocław",
              "opening_hours": "Mo-Su 05:00-23:00",
              "operator": "WTr UM Wrocław",
              "public_transport:version": "2",
              "ref": "16",
              "route": "tram",
              "source:interval": "https://mpk.wroc.pl/komunikat/701/2024-09-30-01092024r-zmiana-rozkladu-jazdy",
              "start_date": "2019-06-22",
              "to": "Osobowice",
              "type": "route",
              "url": "https://www.wroclaw.pl/komunikacja/przystanek-tarnogaj-linia-16-kierunek-osobowice-slupek-21022",
              "wheelchair": "limited"
            }
          }
        ]
      },
      "geometry": {
        "type": "Point",
        "coordinates": [
          17.0429667,
          51.0940226
        ]
      },
      "id": "node/6498639534"
    },
    {
      "type": "Feature",
      "properties": {
        "@id": "node/6112642634",
        "@relations": [
          {
            "role": "stop",
            "rel": 9704848,
            "reltags": {
              "check_date": "2026-05-19",
              "from": "Tarnogaj",
              "interval:conditional": "12 @ (Mo-Fr 06:00-09:00,14:00-18:00); 15 @ (Mo-Fr 05:00-06:00,09:00-14:00,18:00-20:00); 20 @ (Mo-Fr 20:00-23:00,Sa-Su 05:00-23:00)",
              "name": "16: Tarnogaj → Osobowice",
              "network": "Wrocław",
              "opening_hours": "Mo-Su 05:00-23:00",
              "operator": "WTr UM Wrocław",
              "public_transport:version": "2",
              "ref": "16",
              "route": "tram",
              "source:interval": "https://mpk.wroc.pl/komunikat/701/2024-09-30-01092024r-zmiana-rozkladu-jazdy",
              "start_date": "2019-06-22",
              "to": "Osobowice",
              "type": "route",
              "url": "https://www.wroclaw.pl/komunikacja/przystanek-tarnogaj-linia-16-kierunek-osobowice-slupek-21022",
              "wheelchair": "limited"
            }
          }
        ]
      },
      "geometry": {
        "type": "Point",
        "coordinates": [
          17.0453667,
          51.100169
        ]
      },
      "id": "node/6112642634"
    },
    {
      "type": "Feature",
      "properties": {
        "@id": "node/6034374545",
        "@relations": [
          {
            "role": "platform",
            "rel": 9704892,
            "reltags": {
              "check_date": "2026-05-19",
              "from": "Osobowice",
              "interval:conditional": "12 @ (Mo-Fr 06:00-09:00,14:00-18:00); 15 @ (Mo-Fr 05:00-06:00,09:00-14:00,18:00-20:00); 20 @ (Mo-Fr 20:00-23:00,Sa-Su 05:00-23:00)",
              "name": "16: Osobowice → Tarnogaj",
              "network": "Wrocław",
              "opening_hours": "Mo-Su 05:00-23:00",
              "operator": "WTr UM Wrocław",
              "public_transport:version": "2",
              "ref": "16",
              "route": "tram",
              "source:interval": "https://mpk.wroc.pl/komunikat/701/2024-09-30-01092024r-zmiana-rozkladu-jazdy",
              "start_date": "2019-06-22",
              "to": "Tarnogaj",
              "type": "route",
              "url": "https://www.wroclaw.pl/komunikacja/przystanek-osobowice-linia-16-kierunek-tarnogaj-slupek-23204",
              "wheelchair": "limited"
            }
          }
        ]
      },
      "geometry": {
        "type": "Point",
        "coordinates": [
          17.0609082,
          51.1162078
        ]
      },
      "id": "node/6034374545"
    },
    {
      "type": "Feature",
      "properties": {
        "@id": "node/6498639530",
        "@relations": [
          {
            "role": "stop",
            "rel": 9704892,
            "reltags": {
              "check_date": "2026-05-19",
              "from": "Osobowice",
              "interval:conditional": "12 @ (Mo-Fr 06:00-09:00,14:00-18:00); 15 @ (Mo-Fr 05:00-06:00,09:00-14:00,18:00-20:00); 20 @ (Mo-Fr 20:00-23:00,Sa-Su 05:00-23:00)",
              "name": "16: Osobowice → Tarnogaj",
              "network": "Wrocław",
              "opening_hours": "Mo-Su 05:00-23:00",
              "operator": "WTr UM Wrocław",
              "public_transport:version": "2",
              "ref": "16",
              "route": "tram",
              "source:interval": "https://mpk.wroc.pl/komunikat/701/2024-09-30-01092024r-zmiana-rozkladu-jazdy",
              "start_date": "2019-06-22",
              "to": "Tarnogaj",
              "type": "route",
              "url": "https://www.wroclaw.pl/komunikacja/przystanek-osobowice-linia-16-kierunek-tarnogaj-slupek-23204",
              "wheelchair": "limited"
            }
          }
        ]
      },
      "geometry": {
        "type": "Point",
        "coordinates": [
          17.0430749,
          51.0928354
        ]
      },
      "id": "node/6498639530"
    },
    {
      "type": "Feature",
      "properties": {
        "@id": "node/6498639532",
        "@relations": [
          {
            "role": "platform",
            "rel": 9704892,
            "reltags": {
              "check_date": "2026-05-19",
              "from": "Osobowice",
              "interval:conditional": "12 @ (Mo-Fr 06:00-09:00,14:00-18:00); 15 @ (Mo-Fr 05:00-06:00,09:00-14:00,18:00-20:00); 20 @ (Mo-Fr 20:00-23:00,Sa-Su 05:00-23:00)",
              "name": "16: Osobowice → Tarnogaj",
              "network": "Wrocław",
              "opening_hours": "Mo-Su 05:00-23:00",
              "operator": "WTr UM Wrocław",
              "public_transport:version": "2",
              "ref": "16",
              "route": "tram",
              "source:interval": "https://mpk.wroc.pl/komunikat/701/2024-09-30-01092024r-zmiana-rozkladu-jazdy",
              "start_date": "2019-06-22",
              "to": "Tarnogaj",
              "type": "route",
              "url": "https://www.wroclaw.pl/komunikacja/przystanek-osobowice-linia-16-kierunek-tarnogaj-slupek-23204",
              "wheelchair": "limited"
            }
          }
        ]
      },
      "geometry": {
        "type": "Point",
        "coordinates": [
          17.0429461,
          51.0928066
        ]
      },
      "id": "node/6498639532"
    }
  ]
}