{
  "type": "FeatureCollection",
  "generator": "overpass-turbo",
  "copyright": "The data included in this document is from www.openstreetmap.org. The data is made available under ODbL.",
  "timestamp": "2026-06-10T05:37:56Z",
  "features": [
    {
      "type": "Feature",
      "properties": {
        "@id": "relation/63476",
        "from": "Zoo",
        "interval": "20",
        "name": "0: Zoo → Zoo",
        "network": "Wrocław",
        "opening_hours": "Oct 30-Apr 30: Sa-Su,PH 12:00-21:00; May 01-Sep 30: Sa-Su,PH 09:00-22:30; Mo-Fr off; easter off",
        "operator": "WTr UM Wrocław",
        "public_transport:version": "2",
        "ref": "0",
        "route": "tram",
        "source:opening_hours": "https://mpk.wroc.pl/komunikat/748/2024-12-31-30112024r-uruchomienie-linii-0",
        "start_date": "2024-11-30",
        "to": "Zoo",
        "type": "route",
        "url": "https://www.wroclaw.pl/komunikacja/linia-0-wroclaw",
        "wheelchair": "limited"
      },
      "geometry": {
        "type": "MultiLineString",
        "coordinates": [
          [
            [
              17.0778727,
              51.1055173
            ],
            [
              17.0776484,
              51.1055942
            ],
            [
              17.0772457,
              51.1057367
            ],
            [
              17.0754861,
              51.1063379
            ],
            [
              17.0753952,
              51.1063707
            ],
            [
              17.0743994,
              51.1067271
            ],
            [
              17.0734907,
              51.1070552
            ],
            [
              17.0733805,
              51.1070935
            ],
            [
              17.0732153,
              51.1071517
            ],
            [
              17.0731952,
              51.1071593
            ],
            [
              17.0731323,
              51.1071814
            ],
            [
              17.0730708,
              51.1072031
            ],
            [
              17.0728058,
              51.1072964
            ],
            [
              17.0719875,
              51.1075794
            ],
            [
              17.0712326,
              51.1078371
            ],
            [
              17.0710438,
              51.1079008
            ],
            [
              17.0709272,
              51.1079381
            ],
            [
              17.0708212,
              51.1079702
            ],
            [
              17.0707439,
              51.1079911
            ],
            [
              17.0705782,
              51.1080297
            ],
            [
              17.0704711,
              51.1080523
            ],
            [
              17.0703402,
              51.1080803
            ],
            [
              17.0703057,
              51.1080877
            ],
            [
              17.0701851,
              51.1081138
            ],
            [
              17.0697249,
              51.1082136
            ],
            [
              17.0693924,
              51.1082851
            ],
            [
              17.0692633,
              51.1083129
            ],
            [
              17.069176,
              51.108333
            ],
            [
              17.0691198,
              51.1083486
            ],
            [
              17.0690633,
              51.1083663
            ],
            [
              17.0689712,
              51.1083982
            ],
            [
              17.0689076,
              51.1084215
            ],
            [
              17.0688637,
              51.1084385
            ],
            [
              17.0687824,
              51.1084703
            ],
            [
              17.0686903,
              51.108503
            ],
            [
              17.0684527,
              51.1085821
            ],
            [
              17.0682627,
              51.1086461
            ],
            [
              17.0680674,
              51.1087092
            ],
            [
              17.0676679,
              51.1088408
            ],
            [
              17.066498,
              51.1092266
            ],
            [
              17.0655683,
              51.1095323
            ],
            [
              17.065147,
              51.1096719
            ],
            [
              17.0648839,
              51.1097583
            ],
            [
              17.0646063,
              51.1098492
            ],
            [
              17.0639409,
              51.1100695
            ],
            [
              17.0632643,
              51.1102903
            ],
            [
              17.0625993,
              51.1105069
            ],
            [
              17.0625258,
              51.110531
            ],
            [
              17.062258,
              51.1106173
            ],
            [
              17.0621416,
              51.1106583
            ],
            [
              17.061976,
              51.1107123
            ],
            [
              17.0618167,
              51.1107642
            ],
            [
              17.0617944,
              51.110773
            ],
            [
              17.0617617,
              51.110787
            ],
            [
              17.0617294,
              51.1108016
            ],
            [
              17.0617024,
              51.1108149
            ],
            [
              17.0616777,
              51.1108307
            ],
            [
              17.0616489,
              51.1108527
            ],
            [
              17.0616229,
              51.1108784
            ],
            [
              17.0616034,
              51.1109033
            ],
            [
              17.0615528,
              51.1109694
            ],
            [
              17.0615175,
              51.1110183
            ],
            [
              17.06146,
              51.1111023
            ],
            [
              17.0613798,
              51.111211
            ],
            [
              17.0612941,
              51.1113302
            ],
            [
              17.0612025,
              51.11146
            ],
            [
              17.0611693,
              51.1115089
            ],
            [
              17.0611293,
              51.1115648
            ],
            [
              17.0610798,
              51.1116345
            ],
            [
              17.0609613,
              51.1118008
            ],
            [
              17.0609375,
              51.1118345
            ],
            [
              17.0609167,
              51.1118619
            ],
            [
              17.0608795,
              51.1119197
            ],
            [
              17.0608616,
              51.1119497
            ],
            [
              17.0608451,
              51.1119823
            ],
            [
              17.0608282,
              51.1120155
            ],
            [
              17.0607819,
              51.1121276
            ],
            [
              17.060715,
              51.1122776
            ],
            [
              17.0606605,
              51.1124042
            ],
            [
              17.0606288,
              51.1124784
            ],
            [
              17.0606058,
              51.1125355
            ],
            [
              17.0605873,
              51.1126046
            ],
            [
              17.0605715,
              51.1126768
            ],
            [
              17.0605575,
              51.1127589
            ],
            [
              17.0605265,
              51.1129363
            ],
            [
              17.0605073,
              51.113049
            ],
            [
              17.0604035,
              51.1136486
            ],
            [
              17.0603877,
              51.1137457
            ],
            [
              17.0603846,
              51.1137959
            ],
            [
              17.0603887,
              51.1138456
            ],
            [
              17.0603954,
              51.1138971
            ],
            [
              17.0604071,
              51.1139499
            ],
            [
              17.0604314,
              51.1140346
            ],
            [
              17.0605005,
              51.1142844
            ],
            [
              17.0606087,
              51.1146717
            ],
            [
              17.0606658,
              51.1148675
            ],
            [
              17.0607191,
              51.1150625
            ],
            [
              17.0608071,
              51.1154151
            ],
            [
              17.0608244,
              51.1155115
            ],
            [
              17.0608327,
              51.1155503
            ],
            [
              17.0608385,
              51.1156172
            ],
            [
              17.0608296,
              51.1156512
            ],
            [
              17.0608195,
              51.1156714
            ],
            [
              17.0608004,
              51.1157053
            ],
            [
              17.060772,
              51.1157359
            ],
            [
              17.0607349,
              51.1157661
            ],
            [
              17.0607005,
              51.1157862
            ],
            [
              17.0606607,
              51.1158075
            ],
            [
              17.060628,
              51.1158192
            ],
            [
              17.0605765,
              51.1158343
            ],
            [
              17.0604405,
              51.1158549
            ],
            [
              17.0603273,
              51.1158634
            ],
            [
              17.0598738,
              51.1159062
            ],
            [
              17.0589534,
              51.1159889
            ],
            [
              17.0582005,
              51.116057
            ],
            [
              17.057496,
              51.1161209
            ],
            [
              17.0569533,
              51.1161693
            ],
            [
              17.0566577,
              51.1161972
            ],
            [
              17.055899,
              51.1162647
            ],
            [
              17.05581,
              51.1162731
            ],
            [
              17.0556009,
              51.116293
            ],
            [
              17.0549523,
              51.1163471
            ],
            [
              17.0543825,
              51.1163951
            ],
            [
              17.054135,
              51.1164137
            ],
            [
              17.0539003,
              51.1164325
            ],
            [
              17.0537325,
              51.1164493
            ],
            [
              17.0535537,
              51.1164712
            ],
            [
              17.0532773,
              51.1165091
            ],
            [
              17.0529602,
              51.1165504
            ],
            [
              17.0525036,
              51.116603
            ],
            [
              17.0517014,
              51.1166875
            ],
            [
              17.0516391,
              51.116691
            ],
            [
              17.0516232,
              51.1166905
            ],
            [
              17.0515842,
              51.1166908
            ],
            [
              17.051503,
              51.116682
            ],
            [
              17.0514404,
              51.116668
            ],
            [
              17.0513556,
              51.1166358
            ],
            [
              17.0513036,
              51.1166064
            ],
            [
              17.0512805,
              51.1165894
            ],
            [
              17.0512584,
              51.1165694
            ],
            [
              17.0512389,
              51.1165473
            ],
            [
              17.051217,
              51.1165189
            ],
            [
              17.051191,
              51.1164531
            ],
            [
              17.051168,
              51.1163433
            ],
            [
              17.0511333,
              51.1161561
            ],
            [
              17.0511117,
              51.1160476
            ],
            [
              17.0510497,
              51.1157198
            ],
            [
              17.0510253,
              51.115593
            ],
            [
              17.0509787,
              51.1154189
            ],
            [
              17.0509493,
              51.1153331
            ],
            [
              17.0508952,
              51.1151907
            ],
            [
              17.0507647,
              51.1148517
            ],
            [
              17.050626,
              51.1144952
            ],
            [
              17.0505618,
              51.1143522
            ],
            [
              17.0504622,
              51.1141496
            ],
            [
              17.0504477,
              51.1141228
            ],
            [
              17.0504294,
              51.1140682
            ],
            [
              17.0504284,
              51.1140657
            ],
            [
              17.0504267,
              51.1140295
            ],
            [
              17.0504312,
              51.1140025
            ],
            [
              17.0504386,
              51.1139783
            ],
            [
              17.0504495,
              51.1139563
            ],
            [
              17.050471,
              51.1139261
            ],
            [
              17.050492,
              51.1139057
            ],
            [
              17.0505154,
              51.1138896
            ],
            [
              17.0505305,
              51.113876
            ],
            [
              17.0505762,
              51.1138488
            ],
            [
              17.0506147,
              51.1138323
            ],
            [
              17.0506869,
              51.1138076
            ],
            [
              17.0507178,
              51.1137995
            ],
            [
              17.0507952,
              51.1137813
            ],
            [
              17.0511302,
              51.1137245
            ],
            [
              17.0519463,
              51.1135838
            ],
            [
              17.0522086,
              51.1135384
            ],
            [
              17.05233,
              51.1135204
            ],
            [
              17.0524385,
              51.1135064
            ],
            [
              17.052565,
              51.1134917
            ],
            [
              17.0526971,
              51.1134805
            ],
            [
              17.0529167,
              51.1134613
            ],
            [
              17.0531605,
              51.1134374
            ],
            [
              17.0536217,
              51.1133913
            ],
            [
              17.0538916,
              51.1133629
            ],
            [
              17.054011,
              51.1133438
            ],
            [
              17.0542056,
              51.1133089
            ],
            [
              17.054383,
              51.1132677
            ],
            [
              17.0545773,
              51.1132201
            ],
            [
              17.0546719,
              51.1131917
            ],
            [
              17.0548016,
              51.1131429
            ],
            [
              17.0549745,
              51.1130792
            ],
            [
              17.0551961,
              51.1129934
            ],
            [
              17.055446,
              51.1128896
            ],
            [
              17.0556264,
              51.1128201
            ],
            [
              17.0558073,
              51.112747
            ],
            [
              17.0562123,
              51.1125852
            ],
            [
              17.0564663,
              51.1124878
            ],
            [
              17.0566167,
              51.1124336
            ],
            [
              17.0567226,
              51.1123978
            ],
            [
              17.0570955,
              51.1122743
            ],
            [
              17.0576318,
              51.1120989
            ],
            [
              17.0580026,
              51.1119824
            ],
            [
              17.0580797,
              51.1119572
            ],
            [
              17.0581521,
              51.1119316
            ],
            [
              17.05826,
              51.1118963
            ],
            [
              17.0584479,
              51.1118349
            ],
            [
              17.0585642,
              51.1117919
            ],
            [
              17.0586873,
              51.1117519
            ],
            [
              17.0589327,
              51.1116709
            ],
            [
              17.0589785,
              51.1116532
            ],
            [
              17.0590175,
              51.1116345
            ],
            [
              17.0590619,
              51.1116117
            ],
            [
              17.0590882,
              51.111596
            ],
            [
              17.0591102,
              51.1115812
            ],
            [
              17.0591716,
              51.1115345
            ],
            [
              17.0591875,
              51.1115208
            ],
            [
              17.0592271,
              51.1114844
            ],
            [
              17.0593154,
              51.1114024
            ],
            [
              17.0593537,
              51.111371
            ],
            [
              17.059375,
              51.1113562
            ],
            [
              17.0593911,
              51.1113433
            ],
            [
              17.0594146,
              51.1113308
            ],
            [
              17.0594574,
              51.1113119
            ],
            [
              17.0594914,
              51.111301
            ],
            [
              17.0595276,
              51.111292
            ],
            [
              17.0595753,
              51.1112834
            ],
            [
              17.059659,
              51.1112805
            ],
            [
              17.0597198,
              51.1112855
            ],
            [
              17.0598072,
              51.1113048
            ],
            [
              17.0605713,
              51.111516
            ],
            [
              17.0606447,
              51.1115363
            ],
            [
              17.0606967,
              51.1115466
            ],
            [
              17.0607522,
              51.1115535
            ],
            [
              17.0608074,
              51.1115537
            ],
            [
              17.0608616,
              51.1115499
            ],
            [
              17.0609142,
              51.111539
            ],
            [
              17.0609616,
              51.1115256
            ],
            [
              17.0610095,
              51.1115048
            ],
            [
              17.0610357,
              51.111489
            ],
            [
              17.061064,
              51.1114719
            ],
            [
              17.0610821,
              51.1114554
            ],
            [
              17.0611077,
              51.1114267
            ],
            [
              17.0611367,
              51.1113921
            ],
            [
              17.0612897,
              51.1111753
            ],
            [
              17.0614267,
              51.1109836
            ],
            [
              17.0614597,
              51.1109399
            ],
            [
              17.0614792,
              51.110918
            ],
            [
              17.061496,
              51.1109003
            ],
            [
              17.0615274,
              51.1108715
            ],
            [
              17.0615617,
              51.110847
            ],
            [
              17.0615949,
              51.1108257
            ],
            [
              17.0616302,
              51.1108066
            ],
            [
              17.0616581,
              51.1107916
            ],
            [
              17.0616891,
              51.1107795
            ],
            [
              17.0617402,
              51.1107568
            ],
            [
              17.0625794,
              51.1104837
            ],
            [
              17.062825,
              51.110407
            ],
            [
              17.0632345,
              51.1102715
            ],
            [
              17.0639715,
              51.1100273
            ],
            [
              17.064405,
              51.1098818
            ],
            [
              17.0648486,
              51.1097351
            ],
            [
              17.0655689,
              51.109497
            ],
            [
              17.0659418,
              51.1093744
            ],
            [
              17.0662386,
              51.1092772
            ],
            [
              17.0663432,
              51.1092435
            ],
            [
              17.0664595,
              51.1092042
            ],
            [
              17.06738,
              51.1089056
            ],
            [
              17.0681992,
              51.1086359
            ],
            [
              17.0683392,
              51.1085797
            ],
            [
              17.0684746,
              51.1085252
            ],
            [
              17.0685968,
              51.108475
            ],
            [
              17.0687285,
              51.1084209
            ],
            [
              17.0688051,
              51.108395
            ],
            [
              17.0689069,
              51.1083643
            ],
            [
              17.0690782,
              51.1083274
            ],
            [
              17.0691643,
              51.1083084
            ],
            [
              17.0692511,
              51.1082895
            ],
            [
              17.0693539,
              51.108267
            ],
            [
              17.0693796,
              51.1082616
            ],
            [
              17.0697132,
              51.1081908
            ],
            [
              17.0701006,
              51.1081067
            ],
            [
              17.0701722,
              51.1080903
            ],
            [
              17.0702926,
              51.1080627
            ],
            [
              17.0703518,
              51.1080494
            ],
            [
              17.0704404,
              51.1080303
            ],
            [
              17.0705603,
              51.108005
            ],
            [
              17.0706624,
              51.1079813
            ],
            [
              17.070761,
              51.1079567
            ],
            [
              17.0708487,
              51.1079316
            ],
            [
              17.0710287,
              51.1078753
            ],
            [
              17.0711875,
              51.1078208
            ],
            [
              17.0716143,
              51.1076765
            ],
            [
              17.0727632,
              51.1072819
            ],
            [
              17.0729084,
              51.1072304
            ],
            [
              17.0731355,
              51.10715
            ],
            [
              17.0731454,
              51.1071465
            ],
            [
              17.073177,
              51.1071353
            ],
            [
              17.07336,
              51.1070701
            ],
            [
              17.0735319,
              51.1070093
            ],
            [
              17.0736857,
              51.1069547
            ],
            [
              17.0737713,
              51.1069257
            ],
            [
              17.0743734,
              51.1067036
            ],
            [
              17.075374,
              51.1063472
            ],
            [
              17.0754359,
              51.1063258
            ],
            [
              17.076401,
              51.1059959
            ],
            [
              17.0774245,
              51.1056403
            ]
          ],
          [
            [
              17.051168,
              51.1163433
            ],
            [
              17.0511333,
              51.1161561
            ],
            [
              17.0511117,
              51.1160476
            ],
            [
              17.0510497,
              51.1157198
            ],
            [
              17.0510253,
              51.115593
            ],
            [
              17.0509787,
              51.1154189
            ],
            [
              17.0509493,
              51.1153331
            ],
            [
              17.0508952,
              51.1151907
            ],
            [
              17.0507647,
              51.1148517
            ],
            [
              17.050626,
              51.1144952
            ],
            [
              17.0505618,
              51.1143522
            ],
            [
              17.0504622,
              51.1141496
            ],
            [
              17.0504477,
              51.1141228
            ],
            [
              17.0503581,
              51.1139432
            ],
            [
              17.0503,
              51.113828
            ],
            [
              17.050252,
              51.1137276
            ],
            [
              17.0502139,
              51.1136346
            ],
            [
              17.0501462,
              51.1134497
            ],
            [
              17.0500604,
              51.1132229
            ],
            [
              17.0499677,
              51.1129885
            ],
            [
              17.0499164,
              51.1128592
            ],
            [
              17.04988,
              51.1127751
            ],
            [
              17.0498221,
              51.1126594
            ],
            [
              17.0497741,
              51.1125708
            ],
            [
              17.0497099,
              51.1124623
            ],
            [
              17.049628,
              51.1123385
            ],
            [
              17.0494743,
              51.1121218
            ],
            [
              17.0494493,
              51.1120857
            ],
            [
              17.048765,
              51.1111224
            ],
            [
              17.0487417,
              51.1110893
            ],
            [
              17.0486451,
              51.1109539
            ],
            [
              17.0485987,
              51.1108882
            ],
            [
              17.0484967,
              51.1107364
            ],
            [
              17.048261,
              51.11037
            ],
            [
              17.0481253,
              51.1101652
            ],
            [
              17.0480682,
              51.1100747
            ],
            [
              17.0479612,
              51.1099087
            ],
            [
              17.0478846,
              51.109785
            ],
            [
              17.0478315,
              51.1096839
            ],
            [
              17.0477463,
              51.1095118
            ],
            [
              17.0477262,
              51.1094686
            ],
            [
              17.0476766,
              51.1093548
            ],
            [
              17.0476415,
              51.1092507
            ],
            [
              17.0475965,
              51.1091042
            ],
            [
              17.047552,
              51.1089492
            ],
            [
              17.0475065,
              51.1087963
            ],
            [
              17.0474921,
              51.108644
            ],
            [
              17.0475027,
              51.1085825
            ],
            [
              17.0475272,
              51.108528
            ],
            [
              17.0475503,
              51.1084838
            ],
            [
              17.047601,
              51.1084078
            ],
            [
              17.0477489,
              51.108189
            ],
            [
              17.0477698,
              51.1081566
            ],
            [
              17.0478681,
              51.1080201
            ],
            [
              17.0480078,
              51.107807
            ],
            [
              17.0480915,
              51.1076737
            ],
            [
              17.0481141,
              51.1076211
            ],
            [
              17.0481554,
              51.1075296
            ],
            [
              17.0482029,
              51.1074211
            ],
            [
              17.0482426,
              51.1073282
            ],
            [
              17.0482684,
              51.1072497
            ],
            [
              17.0482832,
              51.1071872
            ],
            [
              17.0482956,
              51.1071023
            ],
            [
              17.0482982,
              51.1070473
            ],
            [
              17.0482974,
              51.1069923
            ],
            [
              17.0482927,
              51.1069251
            ],
            [
              17.0482823,
              51.1068578
            ],
            [
              17.0482558,
              51.1067518
            ],
            [
              17.0482199,
              51.106657
            ],
            [
              17.048185,
              51.1065872
            ],
            [
              17.0481584,
              51.1065431
            ],
            [
              17.0481286,
              51.1065011
            ],
            [
              17.0480611,
              51.1064128
            ],
            [
              17.0479086,
              51.1062147
            ],
            [
              17.0478508,
              51.1061382
            ],
            [
              17.0478,
              51.1060744
            ],
            [
              17.0476616,
              51.1059021
            ],
            [
              17.0475708,
              51.1057884
            ],
            [
              17.0475458,
              51.1057483
            ],
            [
              17.0475322,
              51.1057221
            ],
            [
              17.0475304,
              51.1057081
            ],
            [
              17.0475219,
              51.1056712
            ],
            [
              17.0475243,
              51.1056319
            ],
            [
              17.0475329,
              51.1055994
            ],
            [
              17.0475559,
              51.1055582
            ],
            [
              17.0475895,
              51.1055161
            ],
            [
              17.0476282,
              51.1054854
            ],
            [
              17.0476981,
              51.1054391
            ],
            [
              17.0477603,
              51.1054039
            ],
            [
              17.0478557,
              51.1053403
            ],
            [
              17.0479631,
              51.1052665
            ],
            [
              17.0480791,
              51.1051765
            ],
            [
              17.0483376,
              51.1049505
            ],
            [
              17.0484705,
              51.10483
            ],
            [
              17.0484959,
              51.104807
            ],
            [
              17.0484985,
              51.1048043
            ],
            [
              17.0485347,
              51.1047664
            ],
            [
              17.0485533,
              51.1047399
            ],
            [
              17.048559,
              51.1047265
            ],
            [
              17.048571,
              51.1046983
            ],
            [
              17.0485723,
              51.1046791
            ],
            [
              17.0485731,
              51.1046487
            ],
            [
              17.0485631,
              51.104608
            ],
            [
              17.048547,
              51.1045783
            ],
            [
              17.0485261,
              51.1045512
            ],
            [
              17.0484838,
              51.1045067
            ],
            [
              17.0483855,
              51.1044112
            ],
            [
              17.0483699,
              51.1043955
            ],
            [
              17.0482333,
              51.1042587
            ],
            [
              17.0479743,
              51.1039993
            ],
            [
              17.0477825,
              51.1037932
            ],
            [
              17.0475064,
              51.103489
            ],
            [
              17.047253,
              51.1032024
            ],
            [
              17.0472141,
              51.1031538
            ],
            [
              17.0471249,
              51.103043
            ],
            [
              17.0466866,
              51.1024711
            ],
            [
              17.0464842,
              51.1022066
            ],
            [
              17.0464101,
              51.1021062
            ],
            [
              17.0463414,
              51.1020086
            ],
            [
              17.0462448,
              51.1018356
            ],
            [
              17.0461752,
              51.1017141
            ],
            [
              17.0460386,
              51.1014689
            ],
            [
              17.045724,
              51.1009074
            ],
            [
              17.0453878,
              51.1003076
            ],
            [
              17.0452302,
              51.1000317
            ],
            [
              17.0451833,
              51.0999489
            ],
            [
              17.0451755,
              51.0999321
            ],
            [
              17.0451582,
              51.0998913
            ],
            [
              17.0451533,
              51.0998758
            ],
            [
              17.0451467,
              51.0998442
            ],
            [
              17.0451418,
              51.0998083
            ],
            [
              17.0451426,
              51.0997313
            ],
            [
              17.0451361,
              51.0996772
            ],
            [
              17.0451145,
              51.0996204
            ],
            [
              17.0450913,
              51.0995767
            ],
            [
              17.0450425,
              51.0995173
            ],
            [
              17.0449986,
              51.0994765
            ],
            [
              17.0449749,
              51.0994544
            ],
            [
              17.0448084,
              51.0993047
            ],
            [
              17.0439205,
              51.0984973
            ],
            [
              17.0437084,
              51.0983065
            ],
            [
              17.043673,
              51.0982747
            ],
            [
              17.0436416,
              51.0982486
            ],
            [
              17.0436209,
              51.0982348
            ],
            [
              17.0436005,
              51.0982218
            ],
            [
              17.0435717,
              51.0982073
            ],
            [
              17.0435524,
              51.0981989
            ],
            [
              17.0435313,
              51.0981915
            ],
            [
              17.0435089,
              51.0981851
            ],
            [
              17.043486,
              51.0981793
            ],
            [
              17.0434585,
              51.0981734
            ],
            [
              17.0434308,
              51.0981694
            ],
            [
              17.0433939,
              51.0981662
            ],
            [
              17.0433564,
              51.0981657
            ],
            [
              17.0433259,
              51.0981661
            ],
            [
              17.0432964,
              51.0981684
            ],
            [
              17.0432544,
              51.098177
            ],
            [
              17.0432143,
              51.0981864
            ],
            [
              17.0431772,
              51.0981987
            ],
            [
              17.0431139,
              51.0982196
            ],
            [
              17.043048,
              51.0982428
            ],
            [
              17.0429346,
              51.0982828
            ],
            [
              17.0427606,
              51.0983413
            ],
            [
              17.0426555,
              51.0983798
            ],
            [
              17.0425551,
              51.0984078
            ],
            [
              17.0422997,
              51.0984746
            ],
            [
              17.0419942,
              51.0985553
            ],
            [
              17.0416445,
              51.0986457
            ],
            [
              17.0412614,
              51.098745
            ],
            [
              17.0407843,
              51.0988683
            ],
            [
              17.0404963,
              51.0989432
            ],
            [
              17.040405,
              51.098967
            ],
            [
              17.0401567,
              51.0990314
            ],
            [
              17.039959,
              51.0990753
            ],
            [
              17.0397935,
              51.0991136
            ],
            [
              17.0394151,
              51.0991946
            ],
            [
              17.0392402,
              51.0992306
            ],
            [
              17.0390936,
              51.0992544
            ],
            [
              17.0389989,
              51.0992676
            ],
            [
              17.0389493,
              51.0992738
            ],
            [
              17.0388423,
              51.0992873
            ],
            [
              17.0387317,
              51.0993046
            ],
            [
              17.0386407,
              51.0993217
            ],
            [
              17.038564,
              51.0993374
            ],
            [
              17.0385375,
              51.0993428
            ],
            [
              17.0383893,
              51.0993751
            ],
            [
              17.037875,
              51.0994889
            ],
            [
              17.0375518,
              51.0995591
            ],
            [
              17.0372233,
              51.0996287
            ],
            [
              17.0370975,
              51.0996549
            ],
            [
              17.0369593,
              51.0996829
            ],
            [
              17.0367395,
              51.0997321
            ],
            [
              17.0365427,
              51.0997761
            ],
            [
              17.0362385,
              51.0998405
            ],
            [
              17.036081,
              51.0998744
            ],
            [
              17.0360622,
              51.0998784
            ],
            [
              17.0359801,
              51.099896
            ],
            [
              17.0359108,
              51.0999125
            ],
            [
              17.035842,
              51.0999341
            ],
            [
              17.035817,
              51.099942
            ],
            [
              17.0357934,
              51.0999498
            ],
            [
              17.0357195,
              51.0999748
            ],
            [
              17.0356708,
              51.0999888
            ],
            [
              17.0355298,
              51.1000202
            ],
            [
              17.0354159,
              51.1000429
            ],
            [
              17.0349846,
              51.1001324
            ],
            [
              17.0347801,
              51.1001731
            ],
            [
              17.0345655,
              51.1002064
            ],
            [
              17.0344423,
              51.1002339
            ],
            [
              17.0341233,
              51.1003043
            ],
            [
              17.0341103,
              51.1003072
            ],
            [
              17.0339712,
              51.1003352
            ],
            [
              17.0336921,
              51.1003914
            ],
            [
              17.0336384,
              51.100403
            ],
            [
              17.0332772,
              51.1004803
            ],
            [
              17.032515,
              51.100636
            ],
            [
              17.0318793,
              51.100766
            ],
            [
              17.0313648,
              51.1008727
            ],
            [
              17.0309706,
              51.1009541
            ],
            [
              17.0305478,
              51.101041
            ],
            [
              17.0303758,
              51.1010842
            ],
            [
              17.0301823,
              51.1011252
            ],
            [
              17.0297678,
              51.1012094
            ],
            [
              17.0296665,
              51.1012301
            ],
            [
              17.0296022,
              51.1012447
            ],
            [
              17.0295857,
              51.1012503
            ],
            [
              17.0295703,
              51.1012556
            ],
            [
              17.0295292,
              51.1012719
            ],
            [
              17.0294845,
              51.1012941
            ],
            [
              17.0294425,
              51.1013211
            ],
            [
              17.029407,
              51.1013515
            ],
            [
              17.0293791,
              51.1013908
            ],
            [
              17.0293685,
              51.1014149
            ],
            [
              17.0293614,
              51.1014544
            ],
            [
              17.0293635,
              51.1014977
            ],
            [
              17.0293893,
              51.1015706
            ],
            [
              17.0294981,
              51.1017597
            ],
            [
              17.0296525,
              51.1020538
            ],
            [
              17.0297337,
              51.1022074
            ],
            [
              17.0298184,
              51.1023676
            ],
            [
              17.0298458,
              51.1024184
            ],
            [
              17.0298763,
              51.1024643
            ],
            [
              17.0299118,
              51.1025119
            ],
            [
              17.0299524,
              51.1025613
            ],
            [
              17.0300086,
              51.1026231
            ],
            [
              17.0300483,
              51.1026649
            ],
            [
              17.030092,
              51.1027146
            ],
            [
              17.0301124,
              51.1027382
            ],
            [
              17.0301172,
              51.1027448
            ],
            [
              17.0301375,
              51.1027729
            ],
            [
              17.0301547,
              51.1027999
            ],
            [
              17.0301733,
              51.1028288
            ],
            [
              17.0301884,
              51.102861
            ],
            [
              17.0302083,
              51.1029128
            ],
            [
              17.0302113,
              51.1029281
            ],
            [
              17.030224,
              51.102993
            ],
            [
              17.030231,
              51.1030854
            ],
            [
              17.030245,
              51.1031626
            ],
            [
              17.0302644,
              51.1032286
            ],
            [
              17.0302838,
              51.1032703
            ],
            [
              17.030338,
              51.1033871
            ],
            [
              17.030533,
              51.1037906
            ],
            [
              17.0305746,
              51.1038783
            ],
            [
              17.0305912,
              51.1039129
            ],
            [
              17.0305953,
              51.1039207
            ],
            [
              17.030672,
              51.1040785
            ],
            [
              17.030717,
              51.1041714
            ],
            [
              17.0308339,
              51.1044194
            ],
            [
              17.0309926,
              51.1047519
            ],
            [
              17.0312263,
              51.1052393
            ],
            [
              17.0312822,
              51.105356
            ],
            [
              17.0313256,
              51.1054432
            ],
            [
              17.0313456,
              51.1054726
            ],
            [
              17.0313551,
              51.1054866
            ],
            [
              17.0313901,
              51.1055189
            ],
            [
              17.0314358,
              51.1055502
            ],
            [
              17.0314859,
              51.1055728
            ],
            [
              17.0315492,
              51.1055917
            ],
            [
              17.0316082,
              51.1056033
            ],
            [
              17.0316788,
              51.105607
            ],
            [
              17.0317453,
              51.105604
            ],
            [
              17.0318155,
              51.1055949
            ],
            [
              17.032305,
              51.1055248
            ],
            [
              17.0325753,
              51.1054861
            ],
            [
              17.0326439,
              51.1054766
            ],
            [
              17.0327722,
              51.1054593
            ],
            [
              17.0328496,
              51.1054541
            ],
            [
              17.0329455,
              51.1054562
            ],
            [
              17.0330921,
              51.1054693
            ],
            [
              17.0331595,
              51.1054733
            ],
            [
              17.0332308,
              51.1054733
            ],
            [
              17.0334051,
              51.1054588
            ],
            [
              17.0337958,
              51.1054133
            ],
            [
              17.0346783,
              51.1053104
            ],
            [
              17.0365447,
              51.1050919
            ],
            [
              17.0369519,
              51.1050425
            ],
            [
              17.037196,
              51.105014
            ],
            [
              17.0372293,
              51.1050108
            ],
            [
              17.0373503,
              51.1049969
            ],
            [
              17.0373971,
              51.1049925
            ],
            [
              17.0374463,
              51.1049886
            ],
            [
              17.0375163,
              51.1049899
            ],
            [
              17.0375623,
              51.1049965
            ],
            [
              17.0376188,
              51.1050086
            ],
            [
              17.0376579,
              51.1050219
            ],
            [
              17.0377056,
              51.1050401
            ],
            [
              17.03775,
              51.105064
            ],
            [
              17.0377709,
              51.1050786
            ],
            [
              17.0377992,
              51.1051052
            ],
            [
              17.037827,
              51.105139
            ],
            [
              17.037857,
              51.1051902
            ],
            [
              17.0378581,
              51.1051919
            ],
            [
              17.0381737,
              51.1060023
            ],
            [
              17.0382538,
              51.1062072
            ],
            [
              17.0383343,
              51.1064168
            ],
            [
              17.0384956,
              51.1068268
            ],
            [
              17.0385277,
              51.10693
            ],
            [
              17.0385512,
              51.1070413
            ],
            [
              17.0385594,
              51.1071266
            ],
            [
              17.0385614,
              51.10722
            ],
            [
              17.0385674,
              51.1072976
            ],
            [
              17.0385743,
              51.1073429
            ],
            [
              17.0385903,
              51.1074197
            ],
            [
              17.0386309,
              51.1075633
            ],
            [
              17.0386358,
              51.1075799
            ],
            [
              17.0386413,
              51.1076013
            ],
            [
              17.0386596,
              51.1076652
            ],
            [
              17.0386823,
              51.1077441
            ],
            [
              17.0386911,
              51.1077797
            ],
            [
              17.0387183,
              51.1078761
            ],
            [
              17.0387514,
              51.1079921
            ],
            [
              17.038762,
              51.1080381
            ],
            [
              17.0387664,
              51.1080732
            ],
            [
              17.0387663,
              51.108096
            ],
            [
              17.0387639,
              51.1081193
            ],
            [
              17.0387433,
              51.1082007
            ],
            [
              17.0387328,
              51.1082459
            ],
            [
              17.038718,
              51.1083291
            ],
            [
              17.038695,
              51.1084245
            ],
            [
              17.0386614,
              51.108549
            ],
            [
              17.03865,
              51.1085963
            ],
            [
              17.0386307,
              51.1086936
            ],
            [
              17.0386241,
              51.108776
            ],
            [
              17.0386278,
              51.1088459
            ],
            [
              17.0386372,
              51.1089054
            ],
            [
              17.0386659,
              51.1090011
            ],
            [
              17.0387084,
              51.1091343
            ],
            [
              17.0387205,
              51.109172
            ],
            [
              17.038766,
              51.10932
            ],
            [
              17.0388125,
              51.1094684
            ],
            [
              17.0389036,
              51.1097593
            ],
            [
              17.0390323,
              51.1101688
            ],
            [
              17.0391018,
              51.1103978
            ],
            [
              17.0391408,
              51.1105215
            ],
            [
              17.0391559,
              51.1105735
            ],
            [
              17.0391604,
              51.1105906
            ],
            [
              17.0391741,
              51.1106421
            ],
            [
              17.0392122,
              51.1108158
            ],
            [
              17.039313,
              51.111302
            ],
            [
              17.0394486,
              51.1119427
            ],
            [
              17.0394806,
              51.1120937
            ],
            [
              17.0395012,
              51.1122322
            ],
            [
              17.0395107,
              51.1123651
            ],
            [
              17.0395158,
              51.1124633
            ],
            [
              17.0395202,
              51.1125554
            ],
            [
              17.0395294,
              51.1127727
            ],
            [
              17.0395308,
              51.112796
            ],
            [
              17.0395319,
              51.1128459
            ],
            [
              17.0395321,
              51.112868
            ],
            [
              17.0395321,
              51.112885
            ],
            [
              17.0395359,
              51.1129756
            ],
            [
              17.039544,
              51.1130503
            ],
            [
              17.0395664,
              51.113145
            ],
            [
              17.0395942,
              51.1132114
            ],
            [
              17.0396061,
              51.1132336
            ],
            [
              17.0396301,
              51.1132783
            ],
            [
              17.0397366,
              51.1134261
            ],
            [
              17.0399348,
              51.1136808
            ],
            [
              17.0399686,
              51.1137247
            ],
            [
              17.0399899,
              51.1137524
            ],
            [
              17.040056,
              51.1138398
            ],
            [
              17.0400936,
              51.1138896
            ],
            [
              17.0401143,
              51.113917
            ],
            [
              17.0402565,
              51.1141077
            ],
            [
              17.0403333,
              51.1142107
            ],
            [
              17.0404053,
              51.1143291
            ],
            [
              17.0405068,
              51.1145171
            ],
            [
              17.0405704,
              51.1146332
            ],
            [
              17.0406044,
              51.1146967
            ],
            [
              17.0407101,
              51.1148461
            ],
            [
              17.0407892,
              51.1149459
            ],
            [
              17.040841,
              51.1150159
            ],
            [
              17.0408564,
              51.1150401
            ],
            [
              17.0408875,
              51.1150888
            ],
            [
              17.0409269,
              51.1151699
            ],
            [
              17.0409606,
              51.1152844
            ],
            [
              17.0409856,
              51.1153634
            ],
            [
              17.0410133,
              51.1154207
            ],
            [
              17.0410672,
              51.1154977
            ],
            [
              17.0412284,
              51.1156979
            ],
            [
              17.0413317,
              51.1158244
            ],
            [
              17.0415588,
              51.1161093
            ],
            [
              17.041599,
              51.1161657
            ],
            [
              17.0416319,
              51.1162226
            ],
            [
              17.0416795,
              51.1163263
            ],
            [
              17.0418991,
              51.1167733
            ],
            [
              17.0419092,
              51.1167941
            ],
            [
              17.041932,
              51.1168382
            ],
            [
              17.0419682,
              51.1168949
            ],
            [
              17.0420032,
              51.1169339
            ],
            [
              17.0420243,
              51.1169534
            ],
            [
              17.0420651,
              51.1169842
            ],
            [
              17.0421118,
              51.1170112
            ],
            [
              17.0421507,
              51.1170292
            ],
            [
              17.0421798,
              51.1170406
            ],
            [
              17.0422032,
              51.1170481
            ],
            [
              17.0422617,
              51.1170639
            ],
            [
              17.0422974,
              51.1170711
            ],
            [
              17.0423315,
              51.1170765
            ],
            [
              17.042371,
              51.117082
            ],
            [
              17.0424556,
              51.1170887
            ],
            [
              17.0425016,
              51.1170901
            ],
            [
              17.042846,
              51.1171019
            ],
            [
              17.0434266,
              51.1171217
            ],
            [
              17.044174,
              51.1171479
            ],
            [
              17.0444706,
              51.1171613
            ],
            [
              17.0447479,
              51.1171689
            ],
            [
              17.0449058,
              51.1171677
            ],
            [
              17.0451464,
              51.1171651
            ],
            [
              17.0452953,
              51.1171622
            ],
            [
              17.0454739,
              51.1171539
            ],
            [
              17.0458185,
              51.1171372
            ],
            [
              17.0465527,
              51.1171018
            ],
            [
              17.0467404,
              51.1170894
            ],
            [
              17.0470327,
              51.1170574
            ],
            [
              17.0471818,
              51.1170391
            ],
            [
              17.0474063,
              51.1170038
            ],
            [
              17.0478052,
              51.1169414
            ],
            [
              17.0480103,
              51.1169149
            ],
            [
              17.0481484,
              51.1169032
            ],
            [
              17.04839,
              51.1168861
            ],
            [
              17.0489833,
              51.1168448
            ],
            [
              17.0492706,
              51.1168263
            ],
            [
              17.0497042,
              51.116801
            ],
            [
              17.0503799,
              51.1167649
            ],
            [
              17.0507534,
              51.1167459
            ],
            [
              17.0507887,
              51.1167437
            ],
            [
              17.0508637,
              51.1167371
            ],
            [
              17.0509099,
              51.1167298
            ],
            [
              17.0509593,
              51.116718
            ],
            [
              17.0510269,
              51.1166914
            ],
            [
              17.0510796,
              51.1166587
            ],
            [
              17.0511144,
              51.1166281
            ],
            [
              17.0511465,
              51.1165813
            ],
            [
              17.0511667,
              51.1165334
            ],
            [
              17.0511747,
              51.1165043
            ],
            [
              17.0511801,
              51.1164536
            ],
            [
              17.0511783,
              51.1164141
            ],
            [
              17.051168,
              51.1163433
            ]
          ]
        ]
      },
      "id": "relation/63476"
    },
    {
      "type": "Feature",
      "properties": {
        "@id": "node/265740396",
        "@relations": [
          {
            "role": "stop",
            "rel": 63476,
            "reltags": {
              "from": "Zoo",
              "interval": "20",
              "name": "0: Zoo → Zoo",
              "network": "Wrocław",
              "opening_hours": "Oct 30-Apr 30: Sa-Su,PH 12:00-21:00; May 01-Sep 30: Sa-Su,PH 09:00-22:30; Mo-Fr off; easter off",
              "operator": "WTr UM Wrocław",
              "public_transport:version": "2",
              "ref": "0",
              "route": "tram",
              "source:opening_hours": "https://mpk.wroc.pl/komunikat/748/2024-12-31-30112024r-uruchomienie-linii-0",
              "start_date": "2024-11-30",
              "to": "Zoo",
              "type": "route",
              "url": "https://www.wroclaw.pl/komunikacja/linia-0-wroclaw",
              "wheelchair": "limited"
            }
          }
        ]
      },
      "geometry": {
        "type": "Point",
        "coordinates": [
          17.0297678,
          51.1012094
        ]
      },
      "id": "node/265740396"
    },
    {
      "type": "Feature",
      "properties": {
        "@id": "node/267871849",
        "@relations": [
          {
            "role": "stop",
            "rel": 63476,
            "reltags": {
              "from": "Zoo",
              "interval": "20",
              "name": "0: Zoo → Zoo",
              "network": "Wrocław",
              "opening_hours": "Oct 30-Apr 30: Sa-Su,PH 12:00-21:00; May 01-Sep 30: Sa-Su,PH 09:00-22:30; Mo-Fr off; easter off",
              "operator": "WTr UM Wrocław",
              "public_transport:version": "2",
              "ref": "0",
              "route": "tram",
              "source:opening_hours": "https://mpk.wroc.pl/komunikat/748/2024-12-31-30112024r-uruchomienie-linii-0",
              "start_date": "2024-11-30",
              "to": "Zoo",
              "type": "route",
              "url": "https://www.wroclaw.pl/komunikacja/linia-0-wroclaw",
              "wheelchair": "limited"
            }
          }
        ]
      },
      "geometry": {
        "type": "Point",
        "coordinates": [
          17.0386614,
          51.108549
        ]
      },
      "id": "node/267871849"
    },
    {
      "type": "Feature",
      "properties": {
        "@id": "node/267871857",
        "@relations": [
          {
            "role": "stop",
            "rel": 63476,
            "reltags": {
              "from": "Zoo",
              "interval": "20",
              "name": "0: Zoo → Zoo",
              "network": "Wrocław",
              "opening_hours": "Oct 30-Apr 30: Sa-Su,PH 12:00-21:00; May 01-Sep 30: Sa-Su,PH 09:00-22:30; Mo-Fr off; easter off",
              "operator": "WTr UM Wrocław",
              "public_transport:version": "2",
              "ref": "0",
              "route": "tram",
              "source:opening_hours": "https://mpk.wroc.pl/komunikat/748/2024-12-31-30112024r-uruchomienie-linii-0",
              "start_date": "2024-11-30",
              "to": "Zoo",
              "type": "route",
              "url": "https://www.wroclaw.pl/komunikacja/linia-0-wroclaw",
              "wheelchair": "limited"
            }
          }
        ]
      },
      "geometry": {
        "type": "Point",
        "coordinates": [
          17.0395294,
          51.1127727
        ]
      },
      "id": "node/267871857"
    },
    {
      "type": "Feature",
      "properties": {
        "@id": "node/267871909",
        "@relations": [
          {
            "role": "stop",
            "rel": 63476,
            "reltags": {
              "from": "Zoo",
              "interval": "20",
              "name": "0: Zoo → Zoo",
              "network": "Wrocław",
              "opening_hours": "Oct 30-Apr 30: Sa-Su,PH 12:00-21:00; May 01-Sep 30: Sa-Su,PH 09:00-22:30; Mo-Fr off; easter off",
              "operator": "WTr UM Wrocław",
              "public_transport:version": "2",
              "ref": "0",
              "route": "tram",
              "source:opening_hours": "https://mpk.wroc.pl/komunikat/748/2024-12-31-30112024r-uruchomienie-linii-0",
              "start_date": "2024-11-30",
              "to": "Zoo",
              "type": "route",
              "url": "https://www.wroclaw.pl/komunikacja/linia-0-wroclaw",
              "wheelchair": "limited"
            }
          }
        ]
      },
      "geometry": {
        "type": "Point",
        "coordinates": [
          17.0605713,
          51.111516
        ]
      },
      "id": "node/267871909"
    },
    {
      "type": "Feature",
      "properties": {
        "@id": "node/267889864",
        "@relations": [
          {
            "role": "stop",
            "rel": 63476,
            "reltags": {
              "from": "Zoo",
              "interval": "20",
              "name": "0: Zoo → Zoo",
              "network": "Wrocław",
              "opening_hours": "Oct 30-Apr 30: Sa-Su,PH 12:00-21:00; May 01-Sep 30: Sa-Su,PH 09:00-22:30; Mo-Fr off; easter off",
              "operator": "WTr UM Wrocław",
              "public_transport:version": "2",
              "ref": "0",
              "route": "tram",
              "source:opening_hours": "https://mpk.wroc.pl/komunikat/748/2024-12-31-30112024r-uruchomienie-linii-0",
              "start_date": "2024-11-30",
              "to": "Zoo",
              "type": "route",
              "url": "https://www.wroclaw.pl/komunikacja/linia-0-wroclaw",
              "wheelchair": "limited"
            }
          }
        ]
      },
      "geometry": {
        "type": "Point",
        "coordinates": [
          17.0778727,
          51.1055173
        ]
      },
      "id": "node/267889864"
    },
    {
      "type": "Feature",
      "properties": {
        "@id": "node/267889942",
        "@relations": [
          {
            "role": "stop",
            "rel": 63476,
            "reltags": {
              "from": "Zoo",
              "interval": "20",
              "name": "0: Zoo → Zoo",
              "network": "Wrocław",
              "opening_hours": "Oct 30-Apr 30: Sa-Su,PH 12:00-21:00; May 01-Sep 30: Sa-Su,PH 09:00-22:30; Mo-Fr off; easter off",
              "operator": "WTr UM Wrocław",
              "public_transport:version": "2",
              "ref": "0",
              "route": "tram",
              "source:opening_hours": "https://mpk.wroc.pl/komunikat/748/2024-12-31-30112024r-uruchomienie-linii-0",
              "start_date": "2024-11-30",
              "to": "Zoo",
              "type": "route",
              "url": "https://www.wroclaw.pl/komunikacja/linia-0-wroclaw",
              "wheelchair": "limited"
            }
          }
        ]
      },
      "geometry": {
        "type": "Point",
        "coordinates": [
          17.0734907,
          51.1070552
        ]
      },
      "id": "node/267889942"
    },
    {
      "type": "Feature",
      "properties": {
        "@id": "node/302864533",
        "@relations": [
          {
            "role": "stop",
            "rel": 63476,
            "reltags": {
              "from": "Zoo",
              "interval": "20",
              "name": "0: Zoo → Zoo",
              "network": "Wrocław",
              "opening_hours": "Oct 30-Apr 30: Sa-Su,PH 12:00-21:00; May 01-Sep 30: Sa-Su,PH 09:00-22:30; Mo-Fr off; easter off",
              "operator": "WTr UM Wrocław",
              "public_transport:version": "2",
              "ref": "0",
              "route": "tram",
              "source:opening_hours": "https://mpk.wroc.pl/komunikat/748/2024-12-31-30112024r-uruchomienie-linii-0",
              "start_date": "2024-11-30",
              "to": "Zoo",
              "type": "route",
              "url": "https://www.wroclaw.pl/komunikacja/linia-0-wroclaw",
              "wheelchair": "limited"
            }
          }
        ]
      },
      "geometry": {
        "type": "Point",
        "coordinates": [
          17.030533,
          51.1037906
        ]
      },
      "id": "node/302864533"
    },
    {
      "type": "Feature",
      "properties": {
        "@id": "node/302864538",
        "@relations": [
          {
            "role": "stop",
            "rel": 63476,
            "reltags": {
              "from": "Zoo",
              "interval": "20",
              "name": "0: Zoo → Zoo",
              "network": "Wrocław",
              "opening_hours": "Oct 30-Apr 30: Sa-Su,PH 12:00-21:00; May 01-Sep 30: Sa-Su,PH 09:00-22:30; Mo-Fr off; easter off",
              "operator": "WTr UM Wrocław",
              "public_transport:version": "2",
              "ref": "0",
              "route": "tram",
              "source:opening_hours": "https://mpk.wroc.pl/komunikat/748/2024-12-31-30112024r-uruchomienie-linii-0",
              "start_date": "2024-11-30",
              "to": "Zoo",
              "type": "route",
              "url": "https://www.wroclaw.pl/komunikacja/linia-0-wroclaw",
              "wheelchair": "limited"
            }
          }
        ]
      },
      "geometry": {
        "type": "Point",
        "coordinates": [
          17.032305,
          51.1055248
        ]
      },
      "id": "node/302864538"
    },
    {
      "type": "Feature",
      "properties": {
        "@id": "node/304069392",
        "@relations": [
          {
            "role": "stop",
            "rel": 63476,
            "reltags": {
              "from": "Zoo",
              "interval": "20",
              "name": "0: Zoo → Zoo",
              "network": "Wrocław",
              "opening_hours": "Oct 30-Apr 30: Sa-Su,PH 12:00-21:00; May 01-Sep 30: Sa-Su,PH 09:00-22:30; Mo-Fr off; easter off",
              "operator": "WTr UM Wrocław",
              "public_transport:version": "2",
              "ref": "0",
              "route": "tram",
              "source:opening_hours": "https://mpk.wroc.pl/komunikat/748/2024-12-31-30112024r-uruchomienie-linii-0",
              "start_date": "2024-11-30",
              "to": "Zoo",
              "type": "route",
              "url": "https://www.wroclaw.pl/komunikacja/linia-0-wroclaw",
              "wheelchair": "limited"
            }
          }
        ]
      },
      "geometry": {
        "type": "Point",
        "coordinates": [
          17.0372233,
          51.0996287
        ]
      },
      "id": "node/304069392"
    },
    {
      "type": "Feature",
      "properties": {
        "@id": "node/304069402",
        "@relations": [
          {
            "role": "stop",
            "rel": 63476,
            "reltags": {
              "from": "Zoo",
              "interval": "20",
              "name": "0: Zoo → Zoo",
              "network": "Wrocław",
              "opening_hours": "Oct 30-Apr 30: Sa-Su,PH 12:00-21:00; May 01-Sep 30: Sa-Su,PH 09:00-22:30; Mo-Fr off; easter off",
              "operator": "WTr UM Wrocław",
              "public_transport:version": "2",
              "ref": "0",
              "route": "tram",
              "source:opening_hours": "https://mpk.wroc.pl/komunikat/748/2024-12-31-30112024r-uruchomienie-linii-0",
              "start_date": "2024-11-30",
              "to": "Zoo",
              "type": "route",
              "url": "https://www.wroclaw.pl/komunikacja/linia-0-wroclaw",
              "wheelchair": "limited"
            }
          }
        ]
      },
      "geometry": {
        "type": "Point",
        "coordinates": [
          17.0429346,
          51.0982828
        ]
      },
      "id": "node/304069402"
    },
    {
      "type": "Feature",
      "properties": {
        "@id": "node/1657121742",
        "@relations": [
          {
            "role": "stop",
            "rel": 63476,
            "reltags": {
              "from": "Zoo",
              "interval": "20",
              "name": "0: Zoo → Zoo",
              "network": "Wrocław",
              "opening_hours": "Oct 30-Apr 30: Sa-Su,PH 12:00-21:00; May 01-Sep 30: Sa-Su,PH 09:00-22:30; Mo-Fr off; easter off",
              "operator": "WTr UM Wrocław",
              "public_transport:version": "2",
              "ref": "0",
              "route": "tram",
              "source:opening_hours": "https://mpk.wroc.pl/komunikat/748/2024-12-31-30112024r-uruchomienie-linii-0",
              "start_date": "2024-11-30",
              "to": "Zoo",
              "type": "route",
              "url": "https://www.wroclaw.pl/komunikacja/linia-0-wroclaw",
              "wheelchair": "limited"
            }
          }
        ]
      },
      "geometry": {
        "type": "Point",
        "coordinates": [
          17.0452302,
          51.1000317
        ]
      },
      "id": "node/1657121742"
    },
    {
      "type": "Feature",
      "properties": {
        "@id": "node/1701710302",
        "@relations": [
          {
            "role": "platform",
            "rel": 63476,
            "reltags": {
              "from": "Zoo",
              "interval": "20",
              "name": "0: Zoo → Zoo",
              "network": "Wrocław",
              "opening_hours": "Oct 30-Apr 30: Sa-Su,PH 12:00-21:00; May 01-Sep 30: Sa-Su,PH 09:00-22:30; Mo-Fr off; easter off",
              "operator": "WTr UM Wrocław",
              "public_transport:version": "2",
              "ref": "0",
              "route": "tram",
              "source:opening_hours": "https://mpk.wroc.pl/komunikat/748/2024-12-31-30112024r-uruchomienie-linii-0",
              "start_date": "2024-11-30",
              "to": "Zoo",
              "type": "route",
              "url": "https://www.wroclaw.pl/komunikacja/linia-0-wroclaw",
              "wheelchair": "limited"
            }
          }
        ]
      },
      "geometry": {
        "type": "Point",
        "coordinates": [
          17.02997,
          51.1012044
        ]
      },
      "id": "node/1701710302"
    },
    {
      "type": "Feature",
      "properties": {
        "@id": "node/1701711057",
        "@relations": [
          {
            "role": "platform",
            "rel": 63476,
            "reltags": {
              "from": "Zoo",
              "interval": "20",
              "name": "0: Zoo → Zoo",
              "network": "Wrocław",
              "opening_hours": "Oct 30-Apr 30: Sa-Su,PH 12:00-21:00; May 01-Sep 30: Sa-Su,PH 09:00-22:30; Mo-Fr off; easter off",
              "operator": "WTr UM Wrocław",
              "public_transport:version": "2",
              "ref": "0",
              "route": "tram",
              "source:opening_hours": "https://mpk.wroc.pl/komunikat/748/2024-12-31-30112024r-uruchomienie-linii-0",
              "start_date": "2024-11-30",
              "to": "Zoo",
              "type": "route",
              "url": "https://www.wroclaw.pl/komunikacja/linia-0-wroclaw",
              "wheelchair": "limited"
            }
          }
        ]
      },
      "geometry": {
        "type": "Point",
        "coordinates": [
          17.0372685,
          51.099651
        ]
      },
      "id": "node/1701711057"
    },
    {
      "type": "Feature",
      "properties": {
        "@id": "node/1701711189",
        "@relations": [
          {
            "role": "platform",
            "rel": 63476,
            "reltags": {
              "from": "Zoo",
              "interval": "20",
              "name": "0: Zoo → Zoo",
              "network": "Wrocław",
              "opening_hours": "Oct 30-Apr 30: Sa-Su,PH 12:00-21:00; May 01-Sep 30: Sa-Su,PH 09:00-22:30; Mo-Fr off; easter off",
              "operator": "WTr UM Wrocław",
              "public_transport:version": "2",
              "ref": "0",
              "route": "tram",
              "source:opening_hours": "https://mpk.wroc.pl/komunikat/748/2024-12-31-30112024r-uruchomienie-linii-0",
              "start_date": "2024-11-30",
              "to": "Zoo",
              "type": "route",
              "url": "https://www.wroclaw.pl/komunikacja/linia-0-wroclaw",
              "wheelchair": "limited"
            }
          }
        ]
      },
      "geometry": {
        "type": "Point",
        "coordinates": [
          17.038712,
          51.1085252
        ]
      },
      "id": "node/1701711189"
    },
    {
      "type": "Feature",
      "properties": {
        "@id": "node/1701711267",
        "@relations": [
          {
            "role": "platform",
            "rel": 63476,
            "reltags": {
              "from": "Zoo",
              "interval": "20",
              "name": "0: Zoo → Zoo",
              "network": "Wrocław",
              "opening_hours": "Oct 30-Apr 30: Sa-Su,PH 12:00-21:00; May 01-Sep 30: Sa-Su,PH 09:00-22:30; Mo-Fr off; easter off",
              "operator": "WTr UM Wrocław",
              "public_transport:version": "2",
              "ref": "0",
              "route": "tram",
              "source:opening_hours": "https://mpk.wroc.pl/komunikat/748/2024-12-31-30112024r-uruchomienie-linii-0",
              "start_date": "2024-11-30",
              "to": "Zoo",
              "type": "route",
              "url": "https://www.wroclaw.pl/komunikacja/linia-0-wroclaw",
              "wheelchair": "limited"
            }
          }
        ]
      },
      "geometry": {
        "type": "Point",
        "coordinates": [
          17.055876,
          51.1163321
        ]
      },
      "id": "node/1701711267"
    },
    {
      "type": "Feature",
      "properties": {
        "@id": "node/1701711299",
        "@relations": [
          {
            "role": "platform",
            "rel": 63476,
            "reltags": {
              "from": "Zoo",
              "interval": "20",
              "name": "0: Zoo → Zoo",
              "network": "Wrocław",
              "opening_hours": "Oct 30-Apr 30: Sa-Su,PH 12:00-21:00; May 01-Sep 30: Sa-Su,PH 09:00-22:30; Mo-Fr off; easter off",
              "operator": "WTr UM Wrocław",
              "public_transport:version": "2",
              "ref": "0",
              "route": "tram",
              "source:opening_hours": "https://mpk.wroc.pl/komunikat/748/2024-12-31-30112024r-uruchomienie-linii-0",
              "start_date": "2024-11-30",
              "to": "Zoo",
              "type": "route",
              "url": "https://www.wroclaw.pl/komunikacja/linia-0-wroclaw",
              "wheelchair": "limited"
            }
          }
        ]
      },
      "geometry": {
        "type": "Point",
        "coordinates": [
          17.073736,
          51.1069032
        ]
      },
      "id": "node/1701711299"
    },
    {
      "type": "Feature",
      "properties": {
        "@id": "node/1701711304",
        "@relations": [
          {
            "role": "platform",
            "rel": 63476,
            "reltags": {
              "from": "Zoo",
              "interval": "20",
              "name": "0: Zoo → Zoo",
              "network": "Wrocław",
              "opening_hours": "Oct 30-Apr 30: Sa-Su,PH 12:00-21:00; May 01-Sep 30: Sa-Su,PH 09:00-22:30; Mo-Fr off; easter off",
              "operator": "WTr UM Wrocław",
              "public_transport:version": "2",
              "ref": "0",
              "route": "tram",
              "source:opening_hours": "https://mpk.wroc.pl/komunikat/748/2024-12-31-30112024r-uruchomienie-linii-0",
              "start_date": "2024-11-30",
              "to": "Zoo",
              "type": "route",
              "url": "https://www.wroclaw.pl/komunikacja/linia-0-wroclaw",
              "wheelchair": "limited"
            }
          }
        ]
      },
      "geometry": {
        "type": "Point",
        "coordinates": [
          17.0734783,
          51.1070963
        ]
      },
      "id": "node/1701711304"
    },
    {
      "type": "Feature",
      "properties": {
        "@id": "node/1701711307",
        "@relations": [
          {
            "role": "platform",
            "rel": 63476,
            "reltags": {
              "from": "Zoo",
              "interval": "20",
              "name": "0: Zoo → Zoo",
              "network": "Wrocław",
              "opening_hours": "Oct 30-Apr 30: Sa-Su,PH 12:00-21:00; May 01-Sep 30: Sa-Su,PH 09:00-22:30; Mo-Fr off; easter off",
              "operator": "WTr UM Wrocław",
              "public_transport:version": "2",
              "ref": "0",
              "route": "tram",
              "source:opening_hours": "https://mpk.wroc.pl/komunikat/748/2024-12-31-30112024r-uruchomienie-linii-0",
              "start_date": "2024-11-30",
              "to": "Zoo",
              "type": "route",
              "url": "https://www.wroclaw.pl/komunikacja/linia-0-wroclaw",
              "wheelchair": "limited"
            }
          }
        ]
      },
      "geometry": {
        "type": "Point",
        "coordinates": [
          17.0395801,
          51.112775
        ]
      },
      "id": "node/1701711307"
    },
    {
      "type": "Feature",
      "properties": {
        "@id": "node/1701712941",
        "@relations": [
          {
            "role": "platform",
            "rel": 63476,
            "reltags": {
              "from": "Zoo",
              "interval": "20",
              "name": "0: Zoo → Zoo",
              "network": "Wrocław",
              "opening_hours": "Oct 30-Apr 30: Sa-Su,PH 12:00-21:00; May 01-Sep 30: Sa-Su,PH 09:00-22:30; Mo-Fr off; easter off",
              "operator": "WTr UM Wrocław",
              "public_transport:version": "2",
              "ref": "0",
              "route": "tram",
              "source:opening_hours": "https://mpk.wroc.pl/komunikat/748/2024-12-31-30112024r-uruchomienie-linii-0",
              "start_date": "2024-11-30",
              "to": "Zoo",
              "type": "route",
              "url": "https://www.wroclaw.pl/komunikacja/linia-0-wroclaw",
              "wheelchair": "limited"
            }
          }
        ]
      },
      "geometry": {
        "type": "Point",
        "coordinates": [
          17.0500394,
          51.113322
        ]
      },
      "id": "node/1701712941"
    },
    {
      "type": "Feature",
      "properties": {
        "@id": "node/1701713400",
        "@relations": [
          {
            "role": "platform",
            "rel": 63476,
            "reltags": {
              "from": "Zoo",
              "interval": "20",
              "name": "0: Zoo → Zoo",
              "network": "Wrocław",
              "opening_hours": "Oct 30-Apr 30: Sa-Su,PH 12:00-21:00; May 01-Sep 30: Sa-Su,PH 09:00-22:30; Mo-Fr off; easter off",
              "operator": "WTr UM Wrocław",
              "public_transport:version": "2",
              "ref": "0",
              "route": "tram",
              "source:opening_hours": "https://mpk.wroc.pl/komunikat/748/2024-12-31-30112024r-uruchomienie-linii-0",
              "start_date": "2024-11-30",
              "to": "Zoo",
              "type": "route",
              "url": "https://www.wroclaw.pl/komunikacja/linia-0-wroclaw",
              "wheelchair": "limited"
            }
          }
        ]
      },
      "geometry": {
        "type": "Point",
        "coordinates": [
          17.0648171,
          51.1098152
        ]
      },
      "id": "node/1701713400"
    },
    {
      "type": "Feature",
      "properties": {
        "@id": "node/1701713404",
        "@relations": [
          {
            "role": "platform",
            "rel": 63476,
            "reltags": {
              "from": "Zoo",
              "interval": "20",
              "name": "0: Zoo → Zoo",
              "network": "Wrocław",
              "opening_hours": "Oct 30-Apr 30: Sa-Su,PH 12:00-21:00; May 01-Sep 30: Sa-Su,PH 09:00-22:30; Mo-Fr off; easter off",
              "operator": "WTr UM Wrocław",
              "public_transport:version": "2",
              "ref": "0",
              "route": "tram",
              "source:opening_hours": "https://mpk.wroc.pl/komunikat/748/2024-12-31-30112024r-uruchomienie-linii-0",
              "start_date": "2024-11-30",
              "to": "Zoo",
              "type": "route",
              "url": "https://www.wroclaw.pl/komunikacja/linia-0-wroclaw",
              "wheelchair": "limited"
            }
          }
        ]
      },
      "geometry": {
        "type": "Point",
        "coordinates": [
          17.0665265,
          51.1091522
        ]
      },
      "id": "node/1701713404"
    },
    {
      "type": "Feature",
      "properties": {
        "@id": "node/1701716214",
        "@relations": [
          {
            "role": "platform",
            "rel": 63476,
            "reltags": {
              "from": "Zoo",
              "interval": "20",
              "name": "0: Zoo → Zoo",
              "network": "Wrocław",
              "opening_hours": "Oct 30-Apr 30: Sa-Su,PH 12:00-21:00; May 01-Sep 30: Sa-Su,PH 09:00-22:30; Mo-Fr off; easter off",
              "operator": "WTr UM Wrocław",
              "public_transport:version": "2",
              "ref": "0",
              "route": "tram",
              "source:opening_hours": "https://mpk.wroc.pl/komunikat/748/2024-12-31-30112024r-uruchomienie-linii-0",
              "start_date": "2024-11-30",
              "to": "Zoo",
              "type": "route",
              "url": "https://www.wroclaw.pl/komunikacja/linia-0-wroclaw",
              "wheelchair": "limited"
            }
          },
          {
            "role": "platform",
            "rel": 63476,
            "reltags": {
              "from": "Zoo",
              "interval": "20",
              "name": "0: Zoo → Zoo",
              "network": "Wrocław",
              "opening_hours": "Oct 30-Apr 30: Sa-Su,PH 12:00-21:00; May 01-Sep 30: Sa-Su,PH 09:00-22:30; Mo-Fr off; easter off",
              "operator": "WTr UM Wrocław",
              "public_transport:version": "2",
              "ref": "0",
              "route": "tram",
              "source:opening_hours": "https://mpk.wroc.pl/komunikat/748/2024-12-31-30112024r-uruchomienie-linii-0",
              "start_date": "2024-11-30",
              "to": "Zoo",
              "type": "route",
              "url": "https://www.wroclaw.pl/komunikacja/linia-0-wroclaw",
              "wheelchair": "limited"
            }
          }
        ]
      },
      "geometry": {
        "type": "Point",
        "coordinates": [
          17.0510824,
          51.1161311
        ]
      },
      "id": "node/1701716214"
    },
    {
      "type": "Feature",
      "properties": {
        "@id": "node/1701716381",
        "@relations": [
          {
            "role": "platform",
            "rel": 63476,
            "reltags": {
              "from": "Zoo",
              "interval": "20",
              "name": "0: Zoo → Zoo",
              "network": "Wrocław",
              "opening_hours": "Oct 30-Apr 30: Sa-Su,PH 12:00-21:00; May 01-Sep 30: Sa-Su,PH 09:00-22:30; Mo-Fr off; easter off",
              "operator": "WTr UM Wrocław",
              "public_transport:version": "2",
              "ref": "0",
              "route": "tram",
              "source:opening_hours": "https://mpk.wroc.pl/komunikat/748/2024-12-31-30112024r-uruchomienie-linii-0",
              "start_date": "2024-11-30",
              "to": "Zoo",
              "type": "route",
              "url": "https://www.wroclaw.pl/komunikacja/linia-0-wroclaw",
              "wheelchair": "limited"
            }
          }
        ]
      },
      "geometry": {
        "type": "Point",
        "coordinates": [
          17.0320688,
          51.1055204
        ]
      },
      "id": "node/1701716381"
    },
    {
      "type": "Feature",
      "properties": {
        "@id": "node/1701716825",
        "@relations": [
          {
            "role": "platform",
            "rel": 63476,
            "reltags": {
              "from": "Zoo",
              "interval": "20",
              "name": "0: Zoo → Zoo",
              "network": "Wrocław",
              "opening_hours": "Oct 30-Apr 30: Sa-Su,PH 12:00-21:00; May 01-Sep 30: Sa-Su,PH 09:00-22:30; Mo-Fr off; easter off",
              "operator": "WTr UM Wrocław",
              "public_transport:version": "2",
              "ref": "0",
              "route": "tram",
              "source:opening_hours": "https://mpk.wroc.pl/komunikat/748/2024-12-31-30112024r-uruchomienie-linii-0",
              "start_date": "2024-11-30",
              "to": "Zoo",
              "type": "route",
              "url": "https://www.wroclaw.pl/komunikacja/linia-0-wroclaw",
              "wheelchair": "limited"
            }
          }
        ]
      },
      "geometry": {
        "type": "Point",
        "coordinates": [
          17.061469,
          51.1111614
        ]
      },
      "id": "node/1701716825"
    },
    {
      "type": "Feature",
      "properties": {
        "@id": "node/1701716851",
        "@relations": [
          {
            "role": "platform",
            "rel": 63476,
            "reltags": {
              "from": "Zoo",
              "interval": "20",
              "name": "0: Zoo → Zoo",
              "network": "Wrocław",
              "opening_hours": "Oct 30-Apr 30: Sa-Su,PH 12:00-21:00; May 01-Sep 30: Sa-Su,PH 09:00-22:30; Mo-Fr off; easter off",
              "operator": "WTr UM Wrocław",
              "public_transport:version": "2",
              "ref": "0",
              "route": "tram",
              "source:opening_hours": "https://mpk.wroc.pl/komunikat/748/2024-12-31-30112024r-uruchomienie-linii-0",
              "start_date": "2024-11-30",
              "to": "Zoo",
              "type": "route",
              "url": "https://www.wroclaw.pl/komunikacja/linia-0-wroclaw",
              "wheelchair": "limited"
            }
          }
        ]
      },
      "geometry": {
        "type": "Point",
        "coordinates": [
          17.0605333,
          51.1114561
        ]
      },
      "id": "node/1701716851"
    },
    {
      "type": "Feature",
      "properties": {
        "@id": "node/1701717528",
        "@relations": [
          {
            "role": "platform",
            "rel": 63476,
            "reltags": {
              "from": "Zoo",
              "interval": "20",
              "name": "0: Zoo → Zoo",
              "network": "Wrocław",
              "opening_hours": "Oct 30-Apr 30: Sa-Su,PH 12:00-21:00; May 01-Sep 30: Sa-Su,PH 09:00-22:30; Mo-Fr off; easter off",
              "operator": "WTr UM Wrocław",
              "public_transport:version": "2",
              "ref": "0",
              "route": "tram",
              "source:opening_hours": "https://mpk.wroc.pl/komunikat/748/2024-12-31-30112024r-uruchomienie-linii-0",
              "start_date": "2024-11-30",
              "to": "Zoo",
              "type": "route",
              "url": "https://www.wroclaw.pl/komunikacja/linia-0-wroclaw",
              "wheelchair": "limited"
            }
          }
        ]
      },
      "geometry": {
        "type": "Point",
        "coordinates": [
          17.0608886,
          51.1153721
        ]
      },
      "id": "node/1701717528"
    },
    {
      "type": "Feature",
      "properties": {
        "@id": "node/1701717914",
        "@relations": [
          {
            "role": "platform",
            "rel": 63476,
            "reltags": {
              "from": "Zoo",
              "interval": "20",
              "name": "0: Zoo → Zoo",
              "network": "Wrocław",
              "opening_hours": "Oct 30-Apr 30: Sa-Su,PH 12:00-21:00; May 01-Sep 30: Sa-Su,PH 09:00-22:30; Mo-Fr off; easter off",
              "operator": "WTr UM Wrocław",
              "public_transport:version": "2",
              "ref": "0",
              "route": "tram",
              "source:opening_hours": "https://mpk.wroc.pl/komunikat/748/2024-12-31-30112024r-uruchomienie-linii-0",
              "start_date": "2024-11-30",
              "to": "Zoo",
              "type": "route",
              "url": "https://www.wroclaw.pl/komunikacja/linia-0-wroclaw",
              "wheelchair": "limited"
            }
          }
        ]
      },
      "geometry": {
        "type": "Point",
        "coordinates": [
          17.0429632,
          51.0983018
        ]
      },
      "id": "node/1701717914"
    },
    {
      "type": "Feature",
      "properties": {
        "@id": "node/1701718050",
        "@relations": [
          {
            "role": "platform",
            "rel": 63476,
            "reltags": {
              "from": "Zoo",
              "interval": "20",
              "name": "0: Zoo → Zoo",
              "network": "Wrocław",
              "opening_hours": "Oct 30-Apr 30: Sa-Su,PH 12:00-21:00; May 01-Sep 30: Sa-Su,PH 09:00-22:30; Mo-Fr off; easter off",
              "operator": "WTr UM Wrocław",
              "public_transport:version": "2",
              "ref": "0",
              "route": "tram",
              "source:opening_hours": "https://mpk.wroc.pl/komunikat/748/2024-12-31-30112024r-uruchomienie-linii-0",
              "start_date": "2024-11-30",
              "to": "Zoo",
              "type": "route",
              "url": "https://www.wroclaw.pl/komunikacja/linia-0-wroclaw",
              "wheelchair": "limited"
            }
          }
        ]
      },
      "geometry": {
        "type": "Point",
        "coordinates": [
          17.0555872,
          51.1127716
        ]
      },
      "id": "node/1701718050"
    },
    {
      "type": "Feature",
      "properties": {
        "@id": "node/1701718053",
        "@relations": [
          {
            "role": "platform",
            "rel": 63476,
            "reltags": {
              "from": "Zoo",
              "interval": "20",
              "name": "0: Zoo → Zoo",
              "network": "Wrocław",
              "opening_hours": "Oct 30-Apr 30: Sa-Su,PH 12:00-21:00; May 01-Sep 30: Sa-Su,PH 09:00-22:30; Mo-Fr off; easter off",
              "operator": "WTr UM Wrocław",
              "public_transport:version": "2",
              "ref": "0",
              "route": "tram",
              "source:opening_hours": "https://mpk.wroc.pl/komunikat/748/2024-12-31-30112024r-uruchomienie-linii-0",
              "start_date": "2024-11-30",
              "to": "Zoo",
              "type": "route",
              "url": "https://www.wroclaw.pl/komunikacja/linia-0-wroclaw",
              "wheelchair": "limited"
            }
          }
        ]
      },
      "geometry": {
        "type": "Point",
        "coordinates": [
          17.0306432,
          51.1037648
        ]
      },
      "id": "node/1701718053"
    },
    {
      "type": "Feature",
      "properties": {
        "@id": "node/1701722108",
        "@relations": [
          {
            "role": "platform",
            "rel": 63476,
            "reltags": {
              "from": "Zoo",
              "interval": "20",
              "name": "0: Zoo → Zoo",
              "network": "Wrocław",
              "opening_hours": "Oct 30-Apr 30: Sa-Su,PH 12:00-21:00; May 01-Sep 30: Sa-Su,PH 09:00-22:30; Mo-Fr off; easter off",
              "operator": "WTr UM Wrocław",
              "public_transport:version": "2",
              "ref": "0",
              "route": "tram",
              "source:opening_hours": "https://mpk.wroc.pl/komunikat/748/2024-12-31-30112024r-uruchomienie-linii-0",
              "start_date": "2024-11-30",
              "to": "Zoo",
              "type": "route",
              "url": "https://www.wroclaw.pl/komunikacja/linia-0-wroclaw",
              "wheelchair": "limited"
            }
          }
        ]
      },
      "geometry": {
        "type": "Point",
        "coordinates": [
          17.0477647,
          51.1096703
        ]
      },
      "id": "node/1701722108"
    },
    {
      "type": "Feature",
      "properties": {
        "@id": "node/1701722677",
        "@relations": [
          {
            "role": "platform",
            "rel": 63476,
            "reltags": {
              "from": "Zoo",
              "interval": "20",
              "name": "0: Zoo → Zoo",
              "network": "Wrocław",
              "opening_hours": "Oct 30-Apr 30: Sa-Su,PH 12:00-21:00; May 01-Sep 30: Sa-Su,PH 09:00-22:30; Mo-Fr off; easter off",
              "operator": "WTr UM Wrocław",
              "public_transport:version": "2",
              "ref": "0",
              "route": "tram",
              "source:opening_hours": "https://mpk.wroc.pl/komunikat/748/2024-12-31-30112024r-uruchomienie-linii-0",
              "start_date": "2024-11-30",
              "to": "Zoo",
              "type": "route",
              "url": "https://www.wroclaw.pl/komunikacja/linia-0-wroclaw",
              "wheelchair": "limited"
            }
          }
        ]
      },
      "geometry": {
        "type": "Point",
        "coordinates": [
          17.0371091,
          51.1049989
        ]
      },
      "id": "node/1701722677"
    },
    {
      "type": "Feature",
      "properties": {
        "@id": "node/1701723103",
        "@relations": [
          {
            "role": "platform",
            "rel": 63476,
            "reltags": {
              "from": "Zoo",
              "interval": "20",
              "name": "0: Zoo → Zoo",
              "network": "Wrocław",
              "opening_hours": "Oct 30-Apr 30: Sa-Su,PH 12:00-21:00; May 01-Sep 30: Sa-Su,PH 09:00-22:30; Mo-Fr off; easter off",
              "operator": "WTr UM Wrocław",
              "public_transport:version": "2",
              "ref": "0",
              "route": "tram",
              "source:opening_hours": "https://mpk.wroc.pl/komunikat/748/2024-12-31-30112024r-uruchomienie-linii-0",
              "start_date": "2024-11-30",
              "to": "Zoo",
              "type": "route",
              "url": "https://www.wroclaw.pl/komunikacja/linia-0-wroclaw",
              "wheelchair": "limited"
            }
          }
        ]
      },
      "geometry": {
        "type": "Point",
        "coordinates": [
          17.0779084,
          51.1055681
        ]
      },
      "id": "node/1701723103"
    },
    {
      "type": "Feature",
      "properties": {
        "@id": "node/1701723104",
        "@relations": [
          {
            "role": "platform",
            "rel": 63476,
            "reltags": {
              "from": "Zoo",
              "interval": "20",
              "name": "0: Zoo → Zoo",
              "network": "Wrocław",
              "opening_hours": "Oct 30-Apr 30: Sa-Su,PH 12:00-21:00; May 01-Sep 30: Sa-Su,PH 09:00-22:30; Mo-Fr off; easter off",
              "operator": "WTr UM Wrocław",
              "public_transport:version": "2",
              "ref": "0",
              "route": "tram",
              "source:opening_hours": "https://mpk.wroc.pl/komunikat/748/2024-12-31-30112024r-uruchomienie-linii-0",
              "start_date": "2024-11-30",
              "to": "Zoo",
              "type": "route",
              "url": "https://www.wroclaw.pl/komunikacja/linia-0-wroclaw",
              "wheelchair": "limited"
            }
          }
        ]
      },
      "geometry": {
        "type": "Point",
        "coordinates": [
          17.0773983,
          51.1056241
        ]
      },
      "id": "node/1701723104"
    },
    {
      "type": "Feature",
      "properties": {
        "@id": "node/1701723436",
        "@relations": [
          {
            "role": "platform",
            "rel": 63476,
            "reltags": {
              "from": "Zoo",
              "interval": "20",
              "name": "0: Zoo → Zoo",
              "network": "Wrocław",
              "opening_hours": "Oct 30-Apr 30: Sa-Su,PH 12:00-21:00; May 01-Sep 30: Sa-Su,PH 09:00-22:30; Mo-Fr off; easter off",
              "operator": "WTr UM Wrocław",
              "public_transport:version": "2",
              "ref": "0",
              "route": "tram",
              "source:opening_hours": "https://mpk.wroc.pl/komunikat/748/2024-12-31-30112024r-uruchomienie-linii-0",
              "start_date": "2024-11-30",
              "to": "Zoo",
              "type": "route",
              "url": "https://www.wroclaw.pl/komunikacja/linia-0-wroclaw",
              "wheelchair": "limited"
            }
          }
        ]
      },
      "geometry": {
        "type": "Point",
        "coordinates": [
          17.0432089,
          51.1170867
        ]
      },
      "id": "node/1701723436"
    },
    {
      "type": "Feature",
      "properties": {
        "@id": "node/1702311793",
        "@relations": [
          {
            "role": "platform",
            "rel": 63476,
            "reltags": {
              "from": "Zoo",
              "interval": "20",
              "name": "0: Zoo → Zoo",
              "network": "Wrocław",
              "opening_hours": "Oct 30-Apr 30: Sa-Su,PH 12:00-21:00; May 01-Sep 30: Sa-Su,PH 09:00-22:30; Mo-Fr off; easter off",
              "operator": "WTr UM Wrocław",
              "public_transport:version": "2",
              "ref": "0",
              "route": "tram",
              "source:opening_hours": "https://mpk.wroc.pl/komunikat/748/2024-12-31-30112024r-uruchomienie-linii-0",
              "start_date": "2024-11-30",
              "to": "Zoo",
              "type": "route",
              "url": "https://www.wroclaw.pl/komunikacja/linia-0-wroclaw",
              "wheelchair": "limited"
            }
          }
        ]
      },
      "geometry": {
        "type": "Point",
        "coordinates": [
          17.0451674,
          51.1000441
        ]
      },
      "id": "node/1702311793"
    },
    {
      "type": "Feature",
      "properties": {
        "@id": "node/1702311822",
        "@relations": [
          {
            "role": "platform",
            "rel": 63476,
            "reltags": {
              "from": "Zoo",
              "interval": "20",
              "name": "0: Zoo → Zoo",
              "network": "Wrocław",
              "opening_hours": "Oct 30-Apr 30: Sa-Su,PH 12:00-21:00; May 01-Sep 30: Sa-Su,PH 09:00-22:30; Mo-Fr off; easter off",
              "operator": "WTr UM Wrocław",
              "public_transport:version": "2",
              "ref": "0",
              "route": "tram",
              "source:opening_hours": "https://mpk.wroc.pl/komunikat/748/2024-12-31-30112024r-uruchomienie-linii-0",
              "start_date": "2024-11-30",
              "to": "Zoo",
              "type": "route",
              "url": "https://www.wroclaw.pl/komunikacja/linia-0-wroclaw",
              "wheelchair": "limited"
            }
          }
        ]
      },
      "geometry": {
        "type": "Point",
        "coordinates": [
          17.0461224,
          51.1017282
        ]
      },
      "id": "node/1702311822"
    },
    {
      "type": "Feature",
      "properties": {
        "@id": "node/1702311831",
        "@relations": [
          {
            "role": "platform",
            "rel": 63476,
            "reltags": {
              "from": "Zoo",
              "interval": "20",
              "name": "0: Zoo → Zoo",
              "network": "Wrocław",
              "opening_hours": "Oct 30-Apr 30: Sa-Su,PH 12:00-21:00; May 01-Sep 30: Sa-Su,PH 09:00-22:30; Mo-Fr off; easter off",
              "operator": "WTr UM Wrocław",
              "public_transport:version": "2",
              "ref": "0",
              "route": "tram",
              "source:opening_hours": "https://mpk.wroc.pl/komunikat/748/2024-12-31-30112024r-uruchomienie-linii-0",
              "start_date": "2024-11-30",
              "to": "Zoo",
              "type": "route",
              "url": "https://www.wroclaw.pl/komunikacja/linia-0-wroclaw",
              "wheelchair": "limited"
            }
          }
        ]
      },
      "geometry": {
        "type": "Point",
        "coordinates": [
          17.0483476,
          51.104887
        ]
      },
      "id": "node/1702311831"
    },
    {
      "type": "Feature",
      "properties": {
        "@id": "node/1830674269",
        "@relations": [
          {
            "role": "stop",
            "rel": 63476,
            "reltags": {
              "from": "Zoo",
              "interval": "20",
              "name": "0: Zoo → Zoo",
              "network": "Wrocław",
              "opening_hours": "Oct 30-Apr 30: Sa-Su,PH 12:00-21:00; May 01-Sep 30: Sa-Su,PH 09:00-22:30; Mo-Fr off; easter off",
              "operator": "WTr UM Wrocław",
              "public_transport:version": "2",
              "ref": "0",
              "route": "tram",
              "source:opening_hours": "https://mpk.wroc.pl/komunikat/748/2024-12-31-30112024r-uruchomienie-linii-0",
              "start_date": "2024-11-30",
              "to": "Zoo",
              "type": "route",
              "url": "https://www.wroclaw.pl/komunikacja/linia-0-wroclaw",
              "wheelchair": "limited"
            }
          }
        ]
      },
      "geometry": {
        "type": "Point",
        "coordinates": [
          17.0391408,
          51.1105215
        ]
      },
      "id": "node/1830674269"
    },
    {
      "type": "Feature",
      "properties": {
        "@id": "node/1885345424",
        "@relations": [
          {
            "role": "stop",
            "rel": 63476,
            "reltags": {
              "from": "Zoo",
              "interval": "20",
              "name": "0: Zoo → Zoo",
              "network": "Wrocław",
              "opening_hours": "Oct 30-Apr 30: Sa-Su,PH 12:00-21:00; May 01-Sep 30: Sa-Su,PH 09:00-22:30; Mo-Fr off; easter off",
              "operator": "WTr UM Wrocław",
              "public_transport:version": "2",
              "ref": "0",
              "route": "tram",
              "source:opening_hours": "https://mpk.wroc.pl/komunikat/748/2024-12-31-30112024r-uruchomienie-linii-0",
              "start_date": "2024-11-30",
              "to": "Zoo",
              "type": "route",
              "url": "https://www.wroclaw.pl/komunikacja/linia-0-wroclaw",
              "wheelchair": "limited"
            }
          }
        ]
      },
      "geometry": {
        "type": "Point",
        "coordinates": [
          17.0608244,
          51.1155115
        ]
      },
      "id": "node/1885345424"
    },
    {
      "type": "Feature",
      "properties": {
        "@id": "node/1886418214",
        "@relations": [
          {
            "role": "stop",
            "rel": 63476,
            "reltags": {
              "from": "Zoo",
              "interval": "20",
              "name": "0: Zoo → Zoo",
              "network": "Wrocław",
              "opening_hours": "Oct 30-Apr 30: Sa-Su,PH 12:00-21:00; May 01-Sep 30: Sa-Su,PH 09:00-22:30; Mo-Fr off; easter off",
              "operator": "WTr UM Wrocław",
              "public_transport:version": "2",
              "ref": "0",
              "route": "tram",
              "source:opening_hours": "https://mpk.wroc.pl/komunikat/748/2024-12-31-30112024r-uruchomienie-linii-0",
              "start_date": "2024-11-30",
              "to": "Zoo",
              "type": "route",
              "url": "https://www.wroclaw.pl/komunikacja/linia-0-wroclaw",
              "wheelchair": "limited"
            }
          }
        ]
      },
      "geometry": {
        "type": "Point",
        "coordinates": [
          17.0500604,
          51.1132229
        ]
      },
      "id": "node/1886418214"
    },
    {
      "type": "Feature",
      "properties": {
        "@id": "node/1886418234",
        "@relations": [
          {
            "role": "stop",
            "rel": 63476,
            "reltags": {
              "from": "Zoo",
              "interval": "20",
              "name": "0: Zoo → Zoo",
              "network": "Wrocław",
              "opening_hours": "Oct 30-Apr 30: Sa-Su,PH 12:00-21:00; May 01-Sep 30: Sa-Su,PH 09:00-22:30; Mo-Fr off; easter off",
              "operator": "WTr UM Wrocław",
              "public_transport:version": "2",
              "ref": "0",
              "route": "tram",
              "source:opening_hours": "https://mpk.wroc.pl/komunikat/748/2024-12-31-30112024r-uruchomienie-linii-0",
              "start_date": "2024-11-30",
              "to": "Zoo",
              "type": "route",
              "url": "https://www.wroclaw.pl/komunikacja/linia-0-wroclaw",
              "wheelchair": "limited"
            }
          }
        ]
      },
      "geometry": {
        "type": "Point",
        "coordinates": [
          17.0524385,
          51.1135064
        ]
      },
      "id": "node/1886418234"
    },
    {
      "type": "Feature",
      "properties": {
        "@id": "node/1895868810",
        "@relations": [
          {
            "role": "stop",
            "rel": 63476,
            "reltags": {
              "from": "Zoo",
              "interval": "20",
              "name": "0: Zoo → Zoo",
              "network": "Wrocław",
              "opening_hours": "Oct 30-Apr 30: Sa-Su,PH 12:00-21:00; May 01-Sep 30: Sa-Su,PH 09:00-22:30; Mo-Fr off; easter off",
              "operator": "WTr UM Wrocław",
              "public_transport:version": "2",
              "ref": "0",
              "route": "tram",
              "source:opening_hours": "https://mpk.wroc.pl/komunikat/748/2024-12-31-30112024r-uruchomienie-linii-0",
              "start_date": "2024-11-30",
              "to": "Zoo",
              "type": "route",
              "url": "https://www.wroclaw.pl/komunikacja/linia-0-wroclaw",
              "wheelchair": "limited"
            }
          }
        ]
      },
      "geometry": {
        "type": "Point",
        "coordinates": [
          17.05581,
          51.1162731
        ]
      },
      "id": "node/1895868810"
    },
    {
      "type": "Feature",
      "properties": {
        "@id": "node/1895868894",
        "@relations": [
          {
            "role": "stop",
            "rel": 63476,
            "reltags": {
              "from": "Zoo",
              "interval": "20",
              "name": "0: Zoo → Zoo",
              "network": "Wrocław",
              "opening_hours": "Oct 30-Apr 30: Sa-Su,PH 12:00-21:00; May 01-Sep 30: Sa-Su,PH 09:00-22:30; Mo-Fr off; easter off",
              "operator": "WTr UM Wrocław",
              "public_transport:version": "2",
              "ref": "0",
              "route": "tram",
              "source:opening_hours": "https://mpk.wroc.pl/komunikat/748/2024-12-31-30112024r-uruchomienie-linii-0",
              "start_date": "2024-11-30",
              "to": "Zoo",
              "type": "route",
              "url": "https://www.wroclaw.pl/komunikacja/linia-0-wroclaw",
              "wheelchair": "limited"
            }
          }
        ]
      },
      "geometry": {
        "type": "Point",
        "coordinates": [
          17.0737713,
          51.1069257
        ]
      },
      "id": "node/1895868894"
    },
    {
      "type": "Feature",
      "properties": {
        "@id": "node/1895871193",
        "@relations": [
          {
            "role": "stop",
            "rel": 63476,
            "reltags": {
              "from": "Zoo",
              "interval": "20",
              "name": "0: Zoo → Zoo",
              "network": "Wrocław",
              "opening_hours": "Oct 30-Apr 30: Sa-Su,PH 12:00-21:00; May 01-Sep 30: Sa-Su,PH 09:00-22:30; Mo-Fr off; easter off",
              "operator": "WTr UM Wrocław",
              "public_transport:version": "2",
              "ref": "0",
              "route": "tram",
              "source:opening_hours": "https://mpk.wroc.pl/komunikat/748/2024-12-31-30112024r-uruchomienie-linii-0",
              "start_date": "2024-11-30",
              "to": "Zoo",
              "type": "route",
              "url": "https://www.wroclaw.pl/komunikacja/linia-0-wroclaw",
              "wheelchair": "limited"
            }
          },
          {
            "role": "stop",
            "rel": 63476,
            "reltags": {
              "from": "Zoo",
              "interval": "20",
              "name": "0: Zoo → Zoo",
              "network": "Wrocław",
              "opening_hours": "Oct 30-Apr 30: Sa-Su,PH 12:00-21:00; May 01-Sep 30: Sa-Su,PH 09:00-22:30; Mo-Fr off; easter off",
              "operator": "WTr UM Wrocław",
              "public_transport:version": "2",
              "ref": "0",
              "route": "tram",
              "source:opening_hours": "https://mpk.wroc.pl/komunikat/748/2024-12-31-30112024r-uruchomienie-linii-0",
              "start_date": "2024-11-30",
              "to": "Zoo",
              "type": "route",
              "url": "https://www.wroclaw.pl/komunikacja/linia-0-wroclaw",
              "wheelchair": "limited"
            }
          }
        ]
      },
      "geometry": {
        "type": "Point",
        "coordinates": [
          17.0511117,
          51.1160476
        ]
      },
      "id": "node/1895871193"
    },
    {
      "type": "Feature",
      "properties": {
        "@id": "node/1895872415",
        "@relations": [
          {
            "role": "stop",
            "rel": 63476,
            "reltags": {
              "from": "Zoo",
              "interval": "20",
              "name": "0: Zoo → Zoo",
              "network": "Wrocław",
              "opening_hours": "Oct 30-Apr 30: Sa-Su,PH 12:00-21:00; May 01-Sep 30: Sa-Su,PH 09:00-22:30; Mo-Fr off; easter off",
              "operator": "WTr UM Wrocław",
              "public_transport:version": "2",
              "ref": "0",
              "route": "tram",
              "source:opening_hours": "https://mpk.wroc.pl/komunikat/748/2024-12-31-30112024r-uruchomienie-linii-0",
              "start_date": "2024-11-30",
              "to": "Zoo",
              "type": "route",
              "url": "https://www.wroclaw.pl/komunikacja/linia-0-wroclaw",
              "wheelchair": "limited"
            }
          }
        ]
      },
      "geometry": {
        "type": "Point",
        "coordinates": [
          17.037196,
          51.105014
        ]
      },
      "id": "node/1895872415"
    },
    {
      "type": "Feature",
      "properties": {
        "@id": "node/1895872653",
        "@relations": [
          {
            "role": "stop",
            "rel": 63476,
            "reltags": {
              "from": "Zoo",
              "interval": "20",
              "name": "0: Zoo → Zoo",
              "network": "Wrocław",
              "opening_hours": "Oct 30-Apr 30: Sa-Su,PH 12:00-21:00; May 01-Sep 30: Sa-Su,PH 09:00-22:30; Mo-Fr off; easter off",
              "operator": "WTr UM Wrocław",
              "public_transport:version": "2",
              "ref": "0",
              "route": "tram",
              "source:opening_hours": "https://mpk.wroc.pl/komunikat/748/2024-12-31-30112024r-uruchomienie-linii-0",
              "start_date": "2024-11-30",
              "to": "Zoo",
              "type": "route",
              "url": "https://www.wroclaw.pl/komunikacja/linia-0-wroclaw",
              "wheelchair": "limited"
            }
          }
        ]
      },
      "geometry": {
        "type": "Point",
        "coordinates": [
          17.0434266,
          51.1171217
        ]
      },
      "id": "node/1895872653"
    },
    {
      "type": "Feature",
      "properties": {
        "@id": "node/1895872705",
        "@relations": [
          {
            "role": "stop",
            "rel": 63476,
            "reltags": {
              "from": "Zoo",
              "interval": "20",
              "name": "0: Zoo → Zoo",
              "network": "Wrocław",
              "opening_hours": "Oct 30-Apr 30: Sa-Su,PH 12:00-21:00; May 01-Sep 30: Sa-Su,PH 09:00-22:30; Mo-Fr off; easter off",
              "operator": "WTr UM Wrocław",
              "public_transport:version": "2",
              "ref": "0",
              "route": "tram",
              "source:opening_hours": "https://mpk.wroc.pl/komunikat/748/2024-12-31-30112024r-uruchomienie-linii-0",
              "start_date": "2024-11-30",
              "to": "Zoo",
              "type": "route",
              "url": "https://www.wroclaw.pl/komunikacja/linia-0-wroclaw",
              "wheelchair": "limited"
            }
          }
        ]
      },
      "geometry": {
        "type": "Point",
        "coordinates": [
          17.0483376,
          51.1049505
        ]
      },
      "id": "node/1895872705"
    },
    {
      "type": "Feature",
      "properties": {
        "@id": "node/1903787755",
        "@relations": [
          {
            "role": "platform",
            "rel": 63476,
            "reltags": {
              "from": "Zoo",
              "interval": "20",
              "name": "0: Zoo → Zoo",
              "network": "Wrocław",
              "opening_hours": "Oct 30-Apr 30: Sa-Su,PH 12:00-21:00; May 01-Sep 30: Sa-Su,PH 09:00-22:30; Mo-Fr off; easter off",
              "operator": "WTr UM Wrocław",
              "public_transport:version": "2",
              "ref": "0",
              "route": "tram",
              "source:opening_hours": "https://mpk.wroc.pl/komunikat/748/2024-12-31-30112024r-uruchomienie-linii-0",
              "start_date": "2024-11-30",
              "to": "Zoo",
              "type": "route",
              "url": "https://www.wroclaw.pl/komunikacja/linia-0-wroclaw",
              "wheelchair": "limited"
            }
          }
        ]
      },
      "geometry": {
        "type": "Point",
        "coordinates": [
          17.03917,
          51.1103855
        ]
      },
      "id": "node/1903787755"
    },
    {
      "type": "Feature",
      "properties": {
        "@id": "node/1924245894",
        "@relations": [
          {
            "role": "stop",
            "rel": 63476,
            "reltags": {
              "from": "Zoo",
              "interval": "20",
              "name": "0: Zoo → Zoo",
              "network": "Wrocław",
              "opening_hours": "Oct 30-Apr 30: Sa-Su,PH 12:00-21:00; May 01-Sep 30: Sa-Su,PH 09:00-22:30; Mo-Fr off; easter off",
              "operator": "WTr UM Wrocław",
              "public_transport:version": "2",
              "ref": "0",
              "route": "tram",
              "source:opening_hours": "https://mpk.wroc.pl/komunikat/748/2024-12-31-30112024r-uruchomienie-linii-0",
              "start_date": "2024-11-30",
              "to": "Zoo",
              "type": "route",
              "url": "https://www.wroclaw.pl/komunikacja/linia-0-wroclaw",
              "wheelchair": "limited"
            }
          }
        ]
      },
      "geometry": {
        "type": "Point",
        "coordinates": [
          17.0556264,
          51.1128201
        ]
      },
      "id": "node/1924245894"
    },
    {
      "type": "Feature",
      "properties": {
        "@id": "node/1924245911",
        "@relations": [
          {
            "role": "stop",
            "rel": 63476,
            "reltags": {
              "from": "Zoo",
              "interval": "20",
              "name": "0: Zoo → Zoo",
              "network": "Wrocław",
              "opening_hours": "Oct 30-Apr 30: Sa-Su,PH 12:00-21:00; May 01-Sep 30: Sa-Su,PH 09:00-22:30; Mo-Fr off; easter off",
              "operator": "WTr UM Wrocław",
              "public_transport:version": "2",
              "ref": "0",
              "route": "tram",
              "source:opening_hours": "https://mpk.wroc.pl/komunikat/748/2024-12-31-30112024r-uruchomienie-linii-0",
              "start_date": "2024-11-30",
              "to": "Zoo",
              "type": "route",
              "url": "https://www.wroclaw.pl/komunikacja/linia-0-wroclaw",
              "wheelchair": "limited"
            }
          }
        ]
      },
      "geometry": {
        "type": "Point",
        "coordinates": [
          17.0477463,
          51.1095118
        ]
      },
      "id": "node/1924245911"
    },
    {
      "type": "Feature",
      "properties": {
        "@id": "node/1924245963",
        "@relations": [
          {
            "role": "stop",
            "rel": 63476,
            "reltags": {
              "from": "Zoo",
              "interval": "20",
              "name": "0: Zoo → Zoo",
              "network": "Wrocław",
              "opening_hours": "Oct 30-Apr 30: Sa-Su,PH 12:00-21:00; May 01-Sep 30: Sa-Su,PH 09:00-22:30; Mo-Fr off; easter off",
              "operator": "WTr UM Wrocław",
              "public_transport:version": "2",
              "ref": "0",
              "route": "tram",
              "source:opening_hours": "https://mpk.wroc.pl/komunikat/748/2024-12-31-30112024r-uruchomienie-linii-0",
              "start_date": "2024-11-30",
              "to": "Zoo",
              "type": "route",
              "url": "https://www.wroclaw.pl/komunikacja/linia-0-wroclaw",
              "wheelchair": "limited"
            }
          }
        ]
      },
      "geometry": {
        "type": "Point",
        "coordinates": [
          17.0774245,
          51.1056403
        ]
      },
      "id": "node/1924245963"
    },
    {
      "type": "Feature",
      "properties": {
        "@id": "node/1932325810",
        "@relations": [
          {
            "role": "stop",
            "rel": 63476,
            "reltags": {
              "from": "Zoo",
              "interval": "20",
              "name": "0: Zoo → Zoo",
              "network": "Wrocław",
              "opening_hours": "Oct 30-Apr 30: Sa-Su,PH 12:00-21:00; May 01-Sep 30: Sa-Su,PH 09:00-22:30; Mo-Fr off; easter off",
              "operator": "WTr UM Wrocław",
              "public_transport:version": "2",
              "ref": "0",
              "route": "tram",
              "source:opening_hours": "https://mpk.wroc.pl/komunikat/748/2024-12-31-30112024r-uruchomienie-linii-0",
              "start_date": "2024-11-30",
              "to": "Zoo",
              "type": "route",
              "url": "https://www.wroclaw.pl/komunikacja/linia-0-wroclaw",
              "wheelchair": "limited"
            }
          }
        ]
      },
      "geometry": {
        "type": "Point",
        "coordinates": [
          17.0613798,
          51.111211
        ]
      },
      "id": "node/1932325810"
    },
    {
      "type": "Feature",
      "properties": {
        "@id": "node/3771691666",
        "@relations": [
          {
            "role": "stop",
            "rel": 63476,
            "reltags": {
              "from": "Zoo",
              "interval": "20",
              "name": "0: Zoo → Zoo",
              "network": "Wrocław",
              "opening_hours": "Oct 30-Apr 30: Sa-Su,PH 12:00-21:00; May 01-Sep 30: Sa-Su,PH 09:00-22:30; Mo-Fr off; easter off",
              "operator": "WTr UM Wrocław",
              "public_transport:version": "2",
              "ref": "0",
              "route": "tram",
              "source:opening_hours": "https://mpk.wroc.pl/komunikat/748/2024-12-31-30112024r-uruchomienie-linii-0",
              "start_date": "2024-11-30",
              "to": "Zoo",
              "type": "route",
              "url": "https://www.wroclaw.pl/komunikacja/linia-0-wroclaw",
              "wheelchair": "limited"
            }
          }
        ]
      },
      "geometry": {
        "type": "Point",
        "coordinates": [
          17.0461752,
          51.1017141
        ]
      },
      "id": "node/3771691666"
    },
    {
      "type": "Feature",
      "properties": {
        "@id": "node/3771807066",
        "@relations": [
          {
            "role": "stop",
            "rel": 63476,
            "reltags": {
              "from": "Zoo",
              "interval": "20",
              "name": "0: Zoo → Zoo",
              "network": "Wrocław",
              "opening_hours": "Oct 30-Apr 30: Sa-Su,PH 12:00-21:00; May 01-Sep 30: Sa-Su,PH 09:00-22:30; Mo-Fr off; easter off",
              "operator": "WTr UM Wrocław",
              "public_transport:version": "2",
              "ref": "0",
              "route": "tram",
              "source:opening_hours": "https://mpk.wroc.pl/komunikat/748/2024-12-31-30112024r-uruchomienie-linii-0",
              "start_date": "2024-11-30",
              "to": "Zoo",
              "type": "route",
              "url": "https://www.wroclaw.pl/komunikacja/linia-0-wroclaw",
              "wheelchair": "limited"
            }
          }
        ]
      },
      "geometry": {
        "type": "Point",
        "coordinates": [
          17.0663432,
          51.1092435
        ]
      },
      "id": "node/3771807066"
    },
    {
      "type": "Feature",
      "properties": {
        "@id": "node/6141181608",
        "@relations": [
          {
            "role": "stop",
            "rel": 63476,
            "reltags": {
              "from": "Zoo",
              "interval": "20",
              "name": "0: Zoo → Zoo",
              "network": "Wrocław",
              "opening_hours": "Oct 30-Apr 30: Sa-Su,PH 12:00-21:00; May 01-Sep 30: Sa-Su,PH 09:00-22:30; Mo-Fr off; easter off",
              "operator": "WTr UM Wrocław",
              "public_transport:version": "2",
              "ref": "0",
              "route": "tram",
              "source:opening_hours": "https://mpk.wroc.pl/komunikat/748/2024-12-31-30112024r-uruchomienie-linii-0",
              "start_date": "2024-11-30",
              "to": "Zoo",
              "type": "route",
              "url": "https://www.wroclaw.pl/komunikacja/linia-0-wroclaw",
              "wheelchair": "limited"
            }
          }
        ]
      },
      "geometry": {
        "type": "Point",
        "coordinates": [
          17.0646063,
          51.1098492
        ]
      },
      "id": "node/6141181608"
    },
    {
      "type": "Feature",
      "properties": {
        "@id": "node/6123185561",
        "@relations": [
          {
            "role": "platform",
            "rel": 63476,
            "reltags": {
              "from": "Zoo",
              "interval": "20",
              "name": "0: Zoo → Zoo",
              "network": "Wrocław",
              "opening_hours": "Oct 30-Apr 30: Sa-Su,PH 12:00-21:00; May 01-Sep 30: Sa-Su,PH 09:00-22:30; Mo-Fr off; easter off",
              "operator": "WTr UM Wrocław",
              "public_transport:version": "2",
              "ref": "0",
              "route": "tram",
              "source:opening_hours": "https://mpk.wroc.pl/komunikat/748/2024-12-31-30112024r-uruchomienie-linii-0",
              "start_date": "2024-11-30",
              "to": "Zoo",
              "type": "route",
              "url": "https://www.wroclaw.pl/komunikacja/linia-0-wroclaw",
              "wheelchair": "limited"
            }
          }
        ]
      },
      "geometry": {
        "type": "Point",
        "coordinates": [
          17.0524051,
          51.1134573
        ]
      },
      "id": "node/6123185561"
    }
  ]
}